/*
 Navicat Premium Data Transfer

 Source Server         : 192.168.0.251
 Source Server Type    : MySQL
 Source Server Version : 50727
 Source Host           : 192.168.0.251:3306
 Source Schema         : lenos

 Target Server Type    : MySQL
 Target Server Version : 50727
 File Encoding         : 65001

 Date: 16/09/2019 21:14:29
*/

SET NAMES utf8mb4;
SET FOREIGN_KEY_CHECKS = 0;

-- ----------------------------
-- Table structure for ACT_ASSIGNEE
-- ----------------------------
DROP TABLE IF EXISTS `ACT_ASSIGNEE`;
CREATE TABLE `ACT_ASSIGNEE`  (
  `ID` varchar(32) CHARACTER SET utf8 COLLATE utf8_general_ci NOT NULL,
  `SID` varchar(32) CHARACTER SET utf8 COLLATE utf8_general_ci NOT NULL COMMENT '节点ID',
  `ASSIGNEE` varchar(64) CHARACTER SET utf8 COLLATE utf8_general_ci NULL DEFAULT NULL COMMENT '办理人',
  `ROLE_ID` varchar(32) CHARACTER SET utf8 COLLATE utf8_general_ci NULL DEFAULT NULL COMMENT '候选组(角色)',
  `ASSIGNEE_TYPE` int(11) NOT NULL COMMENT '办理人类型1办理人2候选人3组',
  `ACTIVTI_NAME` varchar(128) CHARACTER SET utf8 COLLATE utf8_general_ci NULL DEFAULT NULL COMMENT '节点名称',
  PRIMARY KEY (`ID`) USING BTREE
) ENGINE = InnoDB CHARACTER SET = utf8 COLLATE = utf8_general_ci ROW_FORMAT = Dynamic;

-- ----------------------------
-- Table structure for ACT_EVT_LOG
-- ----------------------------
DROP TABLE IF EXISTS `ACT_EVT_LOG`;
CREATE TABLE `ACT_EVT_LOG`  (
  `LOG_NR_` bigint(20) NOT NULL AUTO_INCREMENT,
  `TYPE_` varchar(64) CHARACTER SET utf8 COLLATE utf8_bin NULL DEFAULT NULL,
  `PROC_DEF_ID_` varchar(64) CHARACTER SET utf8 COLLATE utf8_bin NULL DEFAULT NULL,
  `PROC_INST_ID_` varchar(64) CHARACTER SET utf8 COLLATE utf8_bin NULL DEFAULT NULL,
  `EXECUTION_ID_` varchar(64) CHARACTER SET utf8 COLLATE utf8_bin NULL DEFAULT NULL,
  `TASK_ID_` varchar(64) CHARACTER SET utf8 COLLATE utf8_bin NULL DEFAULT NULL,
  `TIME_STAMP_` timestamp(3) NOT NULL DEFAULT CURRENT_TIMESTAMP(3) ON UPDATE CURRENT_TIMESTAMP(3),
  `USER_ID_` varchar(255) CHARACTER SET utf8 COLLATE utf8_bin NULL DEFAULT NULL,
  `DATA_` longblob NULL,
  `LOCK_OWNER_` varchar(255) CHARACTER SET utf8 COLLATE utf8_bin NULL DEFAULT NULL,
  `LOCK_TIME_` timestamp(3) NULL DEFAULT NULL,
  `IS_PROCESSED_` tinyint(4) NULL DEFAULT 0,
  PRIMARY KEY (`LOG_NR_`) USING BTREE
) ENGINE = InnoDB AUTO_INCREMENT = 1 CHARACTER SET = utf8 COLLATE = utf8_bin ROW_FORMAT = Dynamic;

-- ----------------------------
-- Table structure for ACT_GE_BYTEARRAY
-- ----------------------------
DROP TABLE IF EXISTS `ACT_GE_BYTEARRAY`;
CREATE TABLE `ACT_GE_BYTEARRAY`  (
  `ID_` varchar(64) CHARACTER SET utf8 COLLATE utf8_bin NOT NULL,
  `REV_` int(11) NULL DEFAULT NULL,
  `NAME_` varchar(255) CHARACTER SET utf8 COLLATE utf8_bin NULL DEFAULT NULL,
  `DEPLOYMENT_ID_` varchar(64) CHARACTER SET utf8 COLLATE utf8_bin NULL DEFAULT NULL,
  `BYTES_` longblob NULL,
  `GENERATED_` tinyint(4) NULL DEFAULT NULL,
  PRIMARY KEY (`ID_`) USING BTREE,
  INDEX `ACT_FK_BYTEARR_DEPL`(`DEPLOYMENT_ID_`) USING BTREE,
  CONSTRAINT `ACT_FK_BYTEARR_DEPL` FOREIGN KEY (`DEPLOYMENT_ID_`) REFERENCES `ACT_RE_DEPLOYMENT` (`ID_`) ON DELETE RESTRICT ON UPDATE RESTRICT
) ENGINE = InnoDB CHARACTER SET = utf8 COLLATE = utf8_bin ROW_FORMAT = Dynamic;

-- ----------------------------
-- Records of ACT_GE_BYTEARRAY
-- ----------------------------
INSERT INTO `ACT_GE_BYTEARRAY` VALUES ('142518', 18, 'source', NULL, 0x7B227265736F757263654964223A22313432353137222C2270726F70657274696573223A7B2270726F636573735F6964223A2270726F636573735F6C65617665222C226E616D65223A22E8AFB7E58187E6B581E7A88B222C22646F63756D656E746174696F6E223A22222C2270726F636573735F617574686F72223A22222C2270726F636573735F76657273696F6E223A22222C2270726F636573735F6E616D657370616365223A22687474703A2F2F7777772E61637469766974692E6F72672F70726F63657373646566222C22657865637574696F6E6C697374656E657273223A22222C226576656E746C697374656E657273223A22222C227369676E616C646566696E6974696F6E73223A22222C226D657373616765646566696E6974696F6E73223A22222C22636F6E646974696F6E73657175656E6365666C6F77223A22247B666C61673D3D747275657D227D2C227374656E63696C223A7B226964223A2242504D4E4469616772616D227D2C226368696C64536861706573223A5B7B227265736F757263654964223A227369642D41343530344644322D303230342D343246352D393036312D344134323938324442343938222C2270726F70657274696573223A7B226F766572726964656964223A227374617274222C226E616D65223A227374617274222C22646F63756D656E746174696F6E223A22222C22657865637574696F6E6C697374656E657273223A22222C22696E69746961746F72223A22222C22666F726D6B6579646566696E6974696F6E223A22222C22666F726D70726F70657274696573223A22227D2C227374656E63696C223A7B226964223A2253746172744E6F6E654576656E74227D2C226368696C64536861706573223A5B5D2C226F7574676F696E67223A5B7B227265736F757263654964223A227369642D30443235384332342D314631392D343233332D413937362D413044384342394441454143227D5D2C22626F756E6473223A7B226C6F7765725269676874223A7B2278223A36302C2279223A3235382E373033373033393938313833387D2C2275707065724C656674223A7B2278223A33302C2279223A3232382E373033373033393938313833387D7D2C22646F636B657273223A5B5D7D2C7B227265736F757263654964223A227369642D34363841393635452D393339422D343733312D413232392D353137384436413042423834222C2270726F70657274696573223A7B226F766572726964656964223A227573657231222C226E616D65223A22E7BB8FE79086E5AEA1E689B9222C22646F63756D656E746174696F6E223A22222C226173796E6368726F6E6F7573646566696E6974696F6E223A2266616C7365222C226578636C7573697665646566696E6974696F6E223A2266616C7365222C22657865637574696F6E6C697374656E657273223A22222C226D756C7469696E7374616E63655F74797065223A224E6F6E65222C226D756C7469696E7374616E63655F63617264696E616C697479223A22222C226D756C7469696E7374616E63655F636F6C6C656374696F6E223A22222C226D756C7469696E7374616E63655F7661726961626C65223A22222C226D756C7469696E7374616E63655F636F6E646974696F6E223A22222C226973666F72636F6D70656E736174696F6E223A2266616C7365222C22757365727461736B61737369676E6D656E74223A7B2261737369676E6D656E74223A7B2261737369676E6565223A226435353566666436623531663464663761313865326566346565636531626564222C2261737369676E656573686F776E616D65223A22E78E8BE4BA94222C2263616E64696461746547726F757073223A5B7B2276616C7565223A226533343665393633363834383463386661376632313763653535306130313836222C226E616D6556616C7565223A22E589AFE7BB8FE79086222C222424686173684B6579223A2231494C227D5D7D7D2C22666F726D6B6579646566696E6974696F6E223A22222C2264756564617465646566696E6974696F6E223A22222C227072696F72697479646566696E6974696F6E223A22222C22666F726D70726F70657274696573223A22222C227461736B6C697374656E657273223A6E756C6C7D2C227374656E63696C223A7B226964223A22557365725461736B227D2C226368696C64536861706573223A5B5D2C226F7574676F696E67223A5B7B227265736F757263654964223A227369642D30413541464638362D414541342D343231322D423146342D393237354134343036433244227D5D2C22626F756E6473223A7B226C6F7765725269676874223A7B2278223A3231392E39393939393939393939393939342C2279223A3238332E373033373033393938313833387D2C2275707065724C656674223A7B2278223A3132302C2279223A3230332E373033373033393938313833387D7D2C22646F636B657273223A5B5D7D2C7B227265736F757263654964223A227369642D30443235384332342D314631392D343233332D413937362D413044384342394441454143222C2270726F70657274696573223A7B226F766572726964656964223A22222C226E616D65223A22222C22646F63756D656E746174696F6E223A22222C22636F6E646974696F6E73657175656E6365666C6F77223A22222C22657865637574696F6E6C697374656E657273223A22222C2264656661756C74666C6F77223A2266616C7365227D2C227374656E63696C223A7B226964223A2253657175656E6365466C6F77227D2C226368696C64536861706573223A5B5D2C226F7574676F696E67223A5B7B227265736F757263654964223A227369642D34363841393635452D393339422D343733312D413232392D353137384436413042423834227D5D2C22626F756E6473223A7B226C6F7765725269676874223A7B2278223A3131392E31393533313234393939393939372C2279223A3234332E373033373033393938313833387D2C2275707065724C656674223A7B2278223A36302E363438343337352C2279223A3234332E373033373033393938313833387D7D2C22646F636B657273223A5B7B2278223A31352C2279223A31342E3939393939393939393939393939367D2C7B2278223A34392E39393939393939393939393939372C2279223A34307D5D2C22746172676574223A7B227265736F757263654964223A227369642D34363841393635452D393339422D343733312D413232392D353137384436413042423834227D7D2C7B227265736F757263654964223A227369642D37363845453443392D333233432D343744422D423438302D344230323746333136433835222C2270726F70657274696573223A7B226F766572726964656964223A227573657232222C226E616D65223A22E4BABAE4BA8BE5AEA1E689B9222C22646F63756D656E746174696F6E223A22222C226173796E6368726F6E6F7573646566696E6974696F6E223A2266616C7365222C226578636C7573697665646566696E6974696F6E223A2266616C7365222C22657865637574696F6E6C697374656E657273223A22222C226D756C7469696E7374616E63655F74797065223A224E6F6E65222C226D756C7469696E7374616E63655F63617264696E616C697479223A22222C226D756C7469696E7374616E63655F636F6C6C656374696F6E223A22222C226D756C7469696E7374616E63655F7661726961626C65223A22222C226D756C7469696E7374616E63655F636F6E646974696F6E223A22222C226973666F72636F6D70656E736174696F6E223A2266616C7365222C22757365727461736B61737369676E6D656E74223A7B2261737369676E6D656E74223A7B2261737369676E6565223A226662343833623736343537383131653862636631333039633233313566396161222C2261737369676E656573686F776E616D65223A22E69D8EE59B9B227D7D2C22666F726D6B6579646566696E6974696F6E223A22222C2264756564617465646566696E6974696F6E223A22222C227072696F72697479646566696E6974696F6E223A22222C22666F726D70726F70657274696573223A22222C227461736B6C697374656E657273223A6E756C6C7D2C227374656E63696C223A7B226964223A22557365725461736B227D2C226368696C64536861706573223A5B5D2C226F7574676F696E67223A5B7B227265736F757263654964223A227369642D33334642463234452D464537302D343730412D394442352D394231383831453133383437227D5D2C22626F756E6473223A7B226C6F7765725269676874223A7B2278223A3631302E3039303838323633363434362C2279223A3238332E373033373033313034313134327D2C2275707065724C656674223A7B2278223A3531302E30393038383236333634343631372C2279223A3230332E37303337303331303431313432337D7D2C22646F636B657273223A5B5D7D2C7B227265736F757263654964223A227369642D35353636443037362D414234432D344134322D393938462D323533373738394638313831222C2270726F70657274696573223A7B226F766572726964656964223A22222C226E616D65223A22222C22646F63756D656E746174696F6E223A22222C226173796E6368726F6E6F7573646566696E6974696F6E223A2266616C7365222C226578636C7573697665646566696E6974696F6E223A2266616C7365222C2273657175656E6365666C6F776F72646572223A22227D2C227374656E63696C223A7B226964223A224578636C757369766547617465776179227D2C226368696C64536861706573223A5B5D2C226F7574676F696E67223A5B7B227265736F757263654964223A227369642D46423539344242452D383030352D344544432D423343382D393738314544323236433935227D2C7B227265736F757263654964223A227369642D34373638373538312D333535422D343335342D383433432D433330343233333238364146227D5D2C22626F756E6473223A7B226C6F7765725269676874223A7B2278223A3735352E353435343431333138323233312C2279223A3236332E373033373033393938313833387D2C2275707065724C656674223A7B2278223A3731352E353435343431333138323233312C2279223A3232332E373033373033393938313833387D7D2C22646F636B657273223A5B5D7D2C7B227265736F757263654964223A227369642D33334642463234452D464537302D343730412D394442352D394231383831453133383437222C2270726F70657274696573223A7B226F766572726964656964223A22222C226E616D65223A22222C22646F63756D656E746174696F6E223A22222C22636F6E646974696F6E73657175656E6365666C6F77223A22222C22657865637574696F6E6C697374656E657273223A22222C2264656661756C74666C6F77223A2266616C7365227D2C227374656E63696C223A7B226964223A2253657175656E6365466C6F77227D2C226368696C64536861706573223A5B5D2C226F7574676F696E67223A5B7B227265736F757263654964223A227369642D35353636443037362D414234432D344134322D393938462D323533373738394638313831227D5D2C22626F756E6473223A7B226C6F7765725269676874223A7B2278223A3731352E313133303933303035303039392C2279223A3234342E31343432323136333535323135377D2C2275707065724C656674223A7B2278223A3631302E3537383039383232383233392C2279223A3234332E383437313639393931393532327D7D2C22646F636B657273223A5B7B2278223A34392E39393939393939393939393939352C2279223A33392E3939393939393939393939393938367D2C7B2278223A32302E352C2279223A32302E357D5D2C22746172676574223A7B227265736F757263654964223A227369642D35353636443037362D414234432D344134322D393938462D323533373738394638313831227D7D2C7B227265736F757263654964223A227369642D42453337324431342D463530392D344544422D383745382D374232313037383335414535222C2270726F70657274696573223A7B226F766572726964656964223A22222C226E616D65223A22222C22646F63756D656E746174696F6E223A22222C226173796E6368726F6E6F7573646566696E6974696F6E223A2266616C7365222C226578636C7573697665646566696E6974696F6E223A2266616C7365222C2273657175656E6365666C6F776F72646572223A22227D2C227374656E63696C223A7B226964223A224578636C757369766547617465776179227D2C226368696C64536861706573223A5B5D2C226F7574676F696E67223A5B7B227265736F757263654964223A227369642D41453541454438342D303734362D343738372D393836462D364137393237433334433334227D2C7B227265736F757263654964223A227369642D35313046453036322D433042432D343643382D394231372D384133383037324132424336227D5D2C22626F756E6473223A7B226C6F7765725269676874223A7B2278223A3431302E353435343431333138323233312C2279223A3236332E373033373033393938313833387D2C2275707065724C656674223A7B2278223A3337302E353435343431333138323233312C2279223A3232332E373033373033393938313833387D7D2C22646F636B657273223A5B5D7D2C7B227265736F757263654964223A227369642D42324633433135342D434432322D343230412D424538422D363836444534373531423731222C2270726F70657274696573223A7B226F766572726964656964223A2275736572222C226E616D65223A22E8B083E695B4222C22646F63756D656E746174696F6E223A22222C226173796E6368726F6E6F7573646566696E6974696F6E223A2266616C7365222C226578636C7573697665646566696E6974696F6E223A2266616C7365222C22657865637574696F6E6C697374656E657273223A22222C226D756C7469696E7374616E63655F74797065223A224E6F6E65222C226D756C7469696E7374616E63655F63617264696E616C697479223A22222C226D756C7469696E7374616E63655F636F6C6C656374696F6E223A22222C226D756C7469696E7374616E63655F7661726961626C65223A22222C226D756C7469696E7374616E63655F636F6E646974696F6E223A22222C226973666F72636F6D70656E736174696F6E223A2266616C7365222C22757365727461736B61737369676E6D656E74223A22222C22666F726D6B6579646566696E6974696F6E223A22222C2264756564617465646566696E6974696F6E223A22222C227072696F72697479646566696E6974696F6E223A22222C22666F726D70726F70657274696573223A22222C227461736B6C697374656E657273223A6E756C6C7D2C227374656E63696C223A7B226964223A22557365725461736B227D2C226368696C64536861706573223A5B5D2C226F7574676F696E67223A5B7B227265736F757263654964223A227369642D39394343413337462D413233352D343835332D383437322D444532333341443245443332227D2C7B227265736F757263654964223A227369642D30344339463239412D304242352D343639312D383034432D373634453445304132373136227D5D2C22626F756E6473223A7B226C6F7765725269676874223A7B2278223A3434302E35343534343133313832323332352C2279223A3434382E373033373036363437323739327D2C2275707065724C656674223A7B2278223A3334302E3534353434313331383232332C2279223A3336382E373033373036363437323739327D7D2C22646F636B657273223A5B5D7D2C7B227265736F757263654964223A227369642D46313234303339432D394237422D344134382D384531332D413635353335384246443345222C2270726F70657274696573223A7B226F766572726964656964223A22656E64222C226E616D65223A22656E64222C22646F63756D656E746174696F6E223A22222C22657865637574696F6E6C697374656E657273223A22227D2C227374656E63696C223A7B226964223A22456E644E6F6E654576656E74227D2C226368696C64536861706573223A5B5D2C226F7574676F696E67223A5B5D2C22626F756E6473223A7B226C6F7765725269676874223A7B2278223A3930382E353435343431333138323233322C2279223A3235372E373033373033393938313833387D2C2275707065724C656674223A7B2278223A3838302E353435343431333138323233322C2279223A3232392E373033373033393938313833387D7D2C22646F636B657273223A5B5D7D2C7B227265736F757263654964223A227369642D34373638373538312D333535422D343335342D383433432D433330343233333238364146222C2270726F70657274696573223A7B226F766572726964656964223A22222C226E616D65223A22E5908CE6848F222C22646F63756D656E746174696F6E223A22222C22636F6E646974696F6E73657175656E6365666C6F77223A22247B666C61673D3D747275657D222C22657865637574696F6E6C697374656E657273223A22222C2264656661756C74666C6F77223A2266616C7365227D2C227374656E63696C223A7B226964223A2253657175656E6365466C6F77227D2C226368696C64536861706573223A5B5D2C226F7574676F696E67223A5B7B227265736F757263654964223A227369642D46313234303339432D394237422D344134382D384531332D413635353335384246443345227D5D2C22626F756E6473223A7B226C6F7765725269676874223A7B2278223A3837392E3932343335323534333835352C2279223A3234342E313431393535363839373437337D2C2275707065724C656674223A7B2278223A3735352E363139363535303932353931322C2279223A3234332E37343938323733303636323033327D7D2C22646F636B657273223A5B7B2278223A32302E352C2279223A32302E3530303030303030303030303030347D2C7B2278223A31342C2279223A31347D5D2C22746172676574223A7B227265736F757263654964223A227369642D46313234303339432D394237422D344134382D384531332D413635353335384246443345227D7D2C7B227265736F757263654964223A227369642D46423539344242452D383030352D344544432D423343382D393738314544323236433935222C2270726F70657274696573223A7B226F766572726964656964223A22222C226E616D65223A22E4B88DE5908CE6848F222C22646F63756D656E746174696F6E223A22222C22636F6E646974696F6E73657175656E6365666C6F77223A22247B666C61673D3D66616C73657D222C22657865637574696F6E6C697374656E657273223A22222C2264656661756C74666C6F77223A2266616C7365222C2273686F776469616D6F6E646D61726B6572223A66616C73657D2C227374656E63696C223A7B226964223A2253657175656E6365466C6F77227D2C226368696C64536861706573223A5B5D2C226F7574676F696E67223A5B7B227265736F757263654964223A227369642D42324633433135342D434432322D343230412D424538422D363836444534373531423731227D5D2C22626F756E6473223A7B226C6F7765725269676874223A7B2278223A3733362E303435343431333138323233312C2279223A3430382E373033373036363437323739327D2C2275707065724C656674223A7B2278223A3434312E313234353432383830373233312C2279223A3236342E343831303438303538363234377D7D2C22646F636B657273223A5B7B2278223A32302E352C2279223A32302E3530303030303030303030303030347D2C7B2278223A3733362E303435343431333138323233312C2279223A3430382E373033373036363437323739327D2C7B2278223A39392C2279223A34302E3030303030303030303030303033367D5D2C22746172676574223A7B227265736F757263654964223A227369642D42324633433135342D434432322D343230412D424538422D363836444534373531423731227D7D2C7B227265736F757263654964223A227369642D39394343413337462D413233352D343835332D383437322D444532333341443245443332222C2270726F70657274696573223A7B226F766572726964656964223A22222C226E616D65223A22E9878DE696B0E794B3E8AFB7222C22646F63756D656E746174696F6E223A22222C22636F6E646974696F6E73657175656E6365666C6F77223A22247B666C61673D3D747275657D222C22657865637574696F6E6C697374656E657273223A22222C2264656661756C74666C6F77223A2266616C7365222C2273686F776469616D6F6E646D61726B6572223A66616C73657D2C227374656E63696C223A7B226964223A2253657175656E6365466C6F77227D2C226368696C64536861706573223A5B5D2C226F7574676F696E67223A5B7B227265736F757263654964223A227369642D34363841393635452D393339422D343733312D413232392D353137384436413042423834227D5D2C22626F756E6473223A7B226C6F7765725269676874223A7B2278223A3334302E3534353434313331383232332C2279223A3430382E373033373036363437323739337D2C2275707065724C656674223A7B2278223A3136392E39393939393939393939393939372C2279223A3238342E363634363432313339373631367D7D2C22646F636B657273223A5B7B2278223A302E393939393939393939393939393939392C2279223A34302E30303030303030303030303030397D2C7B2278223A3136392E39393939393939393939393939372C2279223A3430382E373033373036363437323739337D2C7B2278223A34392E39393939393939393939393939372C2279223A34307D5D2C22746172676574223A7B227265736F757263654964223A227369642D34363841393635452D393339422D343733312D413232392D353137384436413042423834227D7D2C7B227265736F757263654964223A227369642D39353037343945412D344242362D343237362D423637412D444530334533344130353733222C2270726F70657274696573223A7B226F766572726964656964223A22222C226E616D65223A22222C22646F63756D656E746174696F6E223A22222C226173796E6368726F6E6F7573646566696E6974696F6E223A2266616C7365222C226578636C7573697665646566696E6974696F6E223A2266616C7365222C2273657175656E6365666C6F776F72646572223A22227D2C227374656E63696C223A7B226964223A224578636C757369766547617465776179227D2C226368696C64536861706573223A5B5D2C226F7574676F696E67223A5B7B227265736F757263654964223A227369642D38344442433035362D303639312D343733452D383243462D443332354546373336413732227D2C7B227265736F757263654964223A227369642D30443039333043392D394241312D344636382D383545412D333834453136423430394130227D5D2C22626F756E6473223A7B226C6F7765725269676874223A7B2278223A3330342E39393939393939393939393939342C2279223A3236332E373033373033393938313833387D2C2275707065724C656674223A7B2278223A3236342E39393939393939393939393939342C2279223A3232332E373033373033393938313833387D7D2C22646F636B657273223A5B5D7D2C7B227265736F757263654964223A227369642D30344339463239412D304242352D343639312D383034432D373634453445304132373136222C2270726F70657274696573223A7B226F766572726964656964223A22222C226E616D65223A22E58F96E6B688E8AFB7E58187222C22646F63756D656E746174696F6E223A22222C22636F6E646974696F6E73657175656E6365666C6F77223A22247B666C61673D3D66616C73657D222C22657865637574696F6E6C697374656E657273223A22222C2264656661756C74666C6F77223A2266616C7365222C2273686F776469616D6F6E646D61726B6572223A66616C73657D2C227374656E63696C223A7B226964223A2253657175656E6365466C6F77227D2C226368696C64536861706573223A5B5D2C226F7574676F696E67223A5B7B227265736F757263654964223A227369642D46313234303339432D394237422D344134382D384531332D413635353335384246443345227D5D2C22626F756E6473223A7B226C6F7765725269676874223A7B2278223A3839342E353435343431333138323233322C2279223A3439342E373033373036363437323739327D2C2275707065724C656674223A7B2278223A3339302E35343534343133313832323331342C2279223A3235382E343330323636363433303536327D7D2C22646F636B657273223A5B7B2278223A35302E3030303030303030303030303131342C2279223A37397D2C7B2278223A3339302E35343534343133313832323331342C2279223A3439342E373033373036363437323739327D2C7B2278223A3839342E353435343431333138323233322C2279223A3439342E373033373036363437323739327D2C7B2278223A31342C2279223A31347D5D2C22746172676574223A7B227265736F757263654964223A227369642D46313234303339432D394237422D344134382D384531332D413635353335384246443345227D7D2C7B227265736F757263654964223A227369642D30413541464638362D414541342D343231322D423146342D393237354134343036433244222C2270726F70657274696573223A7B226F766572726964656964223A22222C226E616D65223A22222C22646F63756D656E746174696F6E223A22222C22636F6E646974696F6E73657175656E6365666C6F77223A22222C22657865637574696F6E6C697374656E657273223A22222C2264656661756C74666C6F77223A2266616C7365227D2C227374656E63696C223A7B226964223A2253657175656E6365466C6F77227D2C226368696C64536861706573223A5B5D2C226F7574676F696E67223A5B7B227265736F757263654964223A227369642D39353037343945412D344242362D343237362D423637412D444530334533344130353733227D5D2C22626F756E6473223A7B226C6F7765725269676874223A7B2278223A3236342E363438343436383730303037352C2279223A3234342E313133343337353334343137367D2C2275707065724C656674223A7B2278223A3232302E36323838393638373939393234352C2279223A3234332E39323238373637313139357D7D2C22646F636B657273223A5B7B2278223A34392E3939393939393939393939393938362C2279223A33392E3939393939393939393939393938367D2C7B2278223A32302E352C2279223A32302E357D5D2C22746172676574223A7B227265736F757263654964223A227369642D39353037343945412D344242362D343237362D423637412D444530334533344130353733227D7D2C7B227265736F757263654964223A227369642D37463032463244352D413642412D343233342D413732342D334638393844323335413442222C2270726F70657274696573223A7B226F766572726964656964223A22222C226E616D65223A22222C22646F63756D656E746174696F6E223A22222C22636F6E646974696F6E73657175656E6365666C6F77223A22222C22657865637574696F6E6C697374656E657273223A22222C2264656661756C74666C6F77223A2266616C7365222C2273686F776469616D6F6E646D61726B6572223A66616C73657D2C227374656E63696C223A7B226964223A2253657175656E6365466C6F77227D2C226368696C64536861706573223A5B5D2C226F7574676F696E67223A5B7B227265736F757263654964223A227369642D42453337324431342D463530392D344544422D383745382D374232313037383335414535227D5D2C22626F756E6473223A7B226C6F7765725269676874223A7B2278223A3339302E353435343431333138323233312C2279223A3232332E34303037363130373131373438387D2C2275707065724C656674223A7B2278223A3339302E353435343431333138323233312C2279223A3137322E363031353334383239363530357D7D2C22646F636B657273223A5B7B2278223A3230352E38303433363431303339333632382C2279223A3137312E303333383031323134313530327D2C7B2278223A32302C2279223A32307D5D2C22746172676574223A7B227265736F757263654964223A227369642D42453337324431342D463530392D344544422D383745382D374232313037383335414535227D7D2C7B227265736F757263654964223A227369642D30353145353938322D454646442D343337372D423137392D333730343841323346433232222C2270726F70657274696573223A7B226F766572726964656964223A226368696C64222C226E616D65223A22222C22646F63756D656E746174696F6E223A22222C226173796E6368726F6E6F7573646566696E6974696F6E223A2266616C7365222C226578636C7573697665646566696E6974696F6E223A2266616C7365222C22657865637574696F6E6C697374656E657273223A22222C226D756C7469696E7374616E63655F74797065223A224E6F6E65222C226D756C7469696E7374616E63655F63617264696E616C697479223A22222C226D756C7469696E7374616E63655F636F6C6C656374696F6E223A22222C226D756C7469696E7374616E63655F7661726961626C65223A22222C226D756C7469696E7374616E63655F636F6E646974696F6E223A22222C2269737472616E73616374696F6E223A2266616C7365227D2C227374656E63696C223A7B226964223A2253756250726F63657373227D2C226368696C64536861706573223A5B7B227265736F757263654964223A227369642D39443541314632382D393042372D343644322D414637462D353446464637383631343146222C2270726F70657274696573223A7B226F766572726964656964223A22737374617274222C226E616D65223A22222C22646F63756D656E746174696F6E223A22222C22657865637574696F6E6C697374656E657273223A22222C22696E69746961746F72223A22222C22666F726D6B6579646566696E6974696F6E223A22222C22666F726D70726F70657274696573223A22227D2C227374656E63696C223A7B226964223A2253746172744E6F6E654576656E74227D2C226368696C64536861706573223A5B5D2C226F7574676F696E67223A5B7B227265736F757263654964223A227369642D33453941414432332D343444412D344138352D383242442D443643383330413443343938227D5D2C22626F756E6473223A7B226C6F7765725269676874223A7B2278223A34382E3531383531383436343031303338342C2279223A3130312E30353130343034353136333330337D2C2275707065724C656674223A7B2278223A31382E3531383531383436343031303338342C2279223A37312E30353130343034353136333330337D7D2C22646F636B657273223A5B5D7D2C7B227265736F757263654964223A227369642D32333041443633362D423038332D344132412D383446342D464445353430464443314333222C2270726F70657274696573223A7B226F766572726964656964223A22616C6C6D616E61676572222C226E616D65223A22E680BBE7BB8FE79086E5AEA1E689B9222C22646F63756D656E746174696F6E223A22222C226173796E6368726F6E6F7573646566696E6974696F6E223A2266616C7365222C226578636C7573697665646566696E6974696F6E223A2266616C7365222C22657865637574696F6E6C697374656E657273223A22222C226D756C7469696E7374616E63655F74797065223A224E6F6E65222C226D756C7469696E7374616E63655F63617264696E616C697479223A22222C226D756C7469696E7374616E63655F636F6C6C656374696F6E223A22222C226D756C7469696E7374616E63655F7661726961626C65223A22222C226D756C7469696E7374616E63655F636F6E646974696F6E223A22222C226973666F72636F6D70656E736174696F6E223A2266616C7365222C22757365727461736B61737369676E6D656E74223A7B2261737369676E6D656E74223A7B2261737369676E6565223A223232313166656333653137633131653739356564323031613036386336343832222C2261737369676E656573686F776E616D65223A22546F6D20437572697365227D7D2C22666F726D6B6579646566696E6974696F6E223A22222C2264756564617465646566696E6974696F6E223A22222C227072696F72697479646566696E6974696F6E223A22222C22666F726D70726F70657274696573223A22222C227461736B6C697374656E657273223A6E756C6C7D2C227374656E63696C223A7B226964223A22557365725461736B227D2C226368696C64536861706573223A5B5D2C226F7574676F696E67223A5B7B227265736F757263654964223A227369642D34454238313431392D314141372D343937452D413545452D453541454631374335453042227D5D2C22626F756E6473223A7B226C6F7765725269676874223A7B2278223A3138392E39393939393939393939393939372C2279223A3132362E30353130343034353136333330337D2C2275707065724C656674223A7B2278223A38392E39393939393939393939393939372C2279223A34362E30353130343034353136333330337D7D2C22646F636B657273223A5B5D7D2C7B227265736F757263654964223A227369642D31434331333342322D343442312D343833302D394335392D374433353634433933334641222C2270726F70657274696573223A7B226F766572726964656964223A22222C226E616D65223A22222C22646F63756D656E746174696F6E223A22222C226173796E6368726F6E6F7573646566696E6974696F6E223A2266616C7365222C226578636C7573697665646566696E6974696F6E223A2266616C7365222C2273657175656E6365666C6F776F72646572223A22227D2C227374656E63696C223A7B226964223A224578636C757369766547617465776179227D2C226368696C64536861706573223A5B5D2C226F7574676F696E67223A5B7B227265736F757263654964223A227369642D41323335414337362D354242452D344133382D383243342D313045453831414638343635227D2C7B227265736F757263654964223A227369642D44413934353339452D463639342D343041312D424534412D424343433144394244313144227D5D2C22626F756E6473223A7B226C6F7765725269676874223A7B2278223A3237352C2279223A3130362E30353130343034353136333330337D2C2275707065724C656674223A7B2278223A3233342E39393939393939393939393939372C2279223A36362E30353130343034353136333330337D7D2C22646F636B657273223A5B5D7D2C7B227265736F757263654964223A227369642D46363844434341302D463741342D343444342D394534342D353641363832443837454341222C2270726F70657274696573223A7B226F766572726964656964223A22222C226E616D65223A22222C22646F63756D656E746174696F6E223A22222C22657865637574696F6E6C697374656E657273223A22227D2C227374656E63696C223A7B226964223A22456E644E6F6E654576656E74227D2C226368696C64536861706573223A5B5D2C226F7574676F696E67223A5B5D2C22626F756E6473223A7B226C6F7765725269676874223A7B2278223A3334382C2279223A3130302E30353130343034353136333330347D2C2275707065724C656674223A7B2278223A3332302C2279223A37322E30353130343034353136333330347D7D2C22646F636B657273223A5B5D7D2C7B227265736F757263654964223A227369642D36393442374132412D393841442D343530442D383146452D313135424335363237354244222C2270726F70657274696573223A7B226F766572726964656964223A22222C226E616D65223A22222C22646F63756D656E746174696F6E223A22222C22657865637574696F6E6C697374656E657273223A22227D2C227374656E63696C223A7B226964223A22456E644E6F6E654576656E74227D2C226368696C64536861706573223A5B5D2C226F7574676F696E67223A5B5D2C22626F756E6473223A7B226C6F7765725269676874223A7B2278223A3236392C2279223A3136337D2C2275707065724C656674223A7B2278223A3234312C2279223A3133357D7D2C22646F636B657273223A5B5D7D5D2C226F7574676F696E67223A5B7B227265736F757263654964223A227369642D37463032463244352D413642412D343233342D413732342D334638393844323335413442227D5D2C22626F756E6473223A7B226C6F7765725269676874223A7B2278223A3539362E333439383035343232313539342C2279223A3137322E31303230383039303332363630387D2C2275707065724C656674223A7B2278223A3138342E37343130373732313432383638362C2279223A312E34323130383534373135323032303034652D31347D7D2C22646F636B657273223A5B5D7D2C7B227265736F757263654964223A227369642D33453941414432332D343444412D344138352D383242442D443643383330413443343938222C2270726F70657274696573223A7B226F766572726964656964223A22222C226E616D65223A22222C22646F63756D656E746174696F6E223A22222C22636F6E646974696F6E73657175656E6365666C6F77223A22222C22657865637574696F6E6C697374656E657273223A22222C2264656661756C74666C6F77223A2266616C7365227D2C227374656E63696C223A7B226964223A2253657175656E6365466C6F77227D2C226368696C64536861706573223A5B5D2C226F7574676F696E67223A5B7B227265736F757263654964223A227369642D32333041443633362D423038332D344132412D383446342D464445353430464443314333227D5D2C22626F756E6473223A7B226C6F7765725269676874223A7B2278223A3237332E38323738383237343432393137342C2279223A38362E30353130343034353136333330347D2C2275707065724C656674223A7B2278223A3233342E323333353534303139323935382C2279223A38362E30353130343034353136333330347D7D2C22646F636B657273223A5B7B2278223A31352C2279223A31357D2C7B2278223A35302C2279223A34307D5D2C22746172676574223A7B227265736F757263654964223A227369642D32333041443633362D423038332D344132412D383446342D464445353430464443314333227D7D2C7B227265736F757263654964223A227369642D41453541454438342D303734362D343738372D393836462D364137393237433334433334222C2270726F70657274696573223A7B226F766572726964656964223A22222C226E616D65223A22E5908CE6848F222C22646F63756D656E746174696F6E223A22222C22636F6E646974696F6E73657175656E6365666C6F77223A22247B666C61673D3D747275657D222C22657865637574696F6E6C697374656E657273223A22222C2264656661756C74666C6F77223A2266616C7365227D2C227374656E63696C223A7B226964223A2253657175656E6365466C6F77227D2C226368696C64536861706573223A5B5D2C226F7574676F696E67223A5B7B227265736F757263654964223A227369642D37363845453443392D333233432D343744422D423438302D344230323746333136433835227D5D2C22626F756E6473223A7B226C6F7765725269676874223A7B2278223A3530392E35363538353533373434373936372C2279223A3234342E3134363035383632333436327D2C2275707065724C656674223A7B2278223A3431302E3533343738323038383137322C2279223A3234332E383533313435353137393831367D7D2C22646F636B657273223A5B7B2278223A32302E352C2279223A32302E357D2C7B2278223A34392E39393939393939393939393939352C2279223A33392E3939393939393939393939393938367D5D2C22746172676574223A7B227265736F757263654964223A227369642D37363845453443392D333233432D343744422D423438302D344230323746333136433835227D7D2C7B227265736F757263654964223A227369642D41323335414337362D354242452D344133382D383243342D313045453831414638343635222C2270726F70657274696573223A7B226F766572726964656964223A22222C226E616D65223A22E5908CE6848F222C22646F63756D656E746174696F6E223A22222C22636F6E646974696F6E73657175656E6365666C6F77223A22247B666C61673D3D747275657D222C22657865637574696F6E6C697374656E657273223A22222C2264656661756C74666C6F77223A2266616C7365227D2C227374656E63696C223A7B226964223A2253657175656E6365466C6F77227D2C226368696C64536861706573223A5B5D2C226F7574676F696E67223A5B7B227265736F757263654964223A227369642D46363844434341302D463741342D343444342D394534342D353641363832443837454341227D5D2C22626F756E6473223A7B226C6F7765725269676874223A7B2278223A3530342E32343839303939393834363832362C2279223A38362E34323734383336353430383030367D2C2275707065724C656674223A7B2278223A3435392E36333934393434333031303534362C2279223A38362E31343333343732343931383630327D7D2C22646F636B657273223A5B7B2278223A32302E3530303030303030303030303031342C2279223A32302E357D2C7B2278223A31342C2279223A31347D5D2C22746172676574223A7B227265736F757263654964223A227369642D46363844434341302D463741342D343444342D394534342D353641363832443837454341227D7D2C7B227265736F757263654964223A227369642D44413934353339452D463639342D343041312D424534412D424343433144394244313144222C2270726F70657274696573223A7B226F766572726964656964223A22222C226E616D65223A22E4B88DE5908CE6848F222C22646F63756D656E746174696F6E223A22222C22636F6E646974696F6E73657175656E6365666C6F77223A22247B666C61673D3D66616C73657D222C22657865637574696F6E6C697374656E657273223A22222C2264656661756C74666C6F77223A2266616C7365227D2C227374656E63696C223A7B226964223A2253657175656E6365466C6F77227D2C226368696C64536861706573223A5B5D2C226F7574676F696E67223A5B7B227265736F757263654964223A227369642D36393442374132412D393841442D343530442D383146452D313135424335363237354244227D5D2C22626F756E6473223A7B226C6F7765725269676874223A7B2278223A3434302E30383436333334333233383532362C2279223A3133342E333339333232313439353833337D2C2275707065724C656674223A7B2278223A3433392E38353834353834393631383834362C2279223A3130362E303930353433323636373635397D7D2C22646F636B657273223A5B7B2278223A32302E3530303030303030303030303031342C2279223A32302E357D2C7B2278223A31342C2279223A31347D5D2C22746172676574223A7B227265736F757263654964223A227369642D36393442374132412D393841442D343530442D383146452D313135424335363237354244227D7D2C7B227265736F757263654964223A227369642D35313046453036322D433042432D343643382D394231372D384133383037324132424336222C2270726F70657274696573223A7B226F766572726964656964223A22222C226E616D65223A22E4B88DE5908CE6848F222C22646F63756D656E746174696F6E223A22222C22636F6E646974696F6E73657175656E6365666C6F77223A22247B666C61673D3D66616C73657D222C22657865637574696F6E6C697374656E657273223A22222C2264656661756C74666C6F77223A2266616C7365227D2C227374656E63696C223A7B226964223A2253657175656E6365466C6F77227D2C226368696C64536861706573223A5B5D2C226F7574676F696E67223A5B7B227265736F757263654964223A227369642D42324633433135342D434432322D343230412D424538422D363836444534373531423731227D5D2C22626F756E6473223A7B226C6F7765725269676874223A7B2278223A3339302E39383338303830363836333436332C2279223A3336372E38363338363638373439393039357D2C2275707065724C656674223A7B2278223A3339302E36363935373435363738313135342C2279223A3236342E34383130343334333933333531377D7D2C22646F636B657273223A5B7B2278223A32302E352C2279223A32302E3530303030303030303030303030347D2C7B2278223A35302E3030303030303030303030303131342C2279223A34307D5D2C22746172676574223A7B227265736F757263654964223A227369642D42324633433135342D434432322D343230412D424538422D363836444534373531423731227D7D2C7B227265736F757263654964223A227369642D38344442433035362D303639312D343733452D383243462D443332354546373336413732222C2270726F70657274696573223A7B226F766572726964656964223A22222C226E616D65223A22E4B88DE5908CE6848F222C22646F63756D656E746174696F6E223A22222C22636F6E646974696F6E73657175656E6365666C6F77223A22247B666C61673D3D66616C73657D222C22657865637574696F6E6C697374656E657273223A22222C2264656661756C74666C6F77223A2266616C7365227D2C227374656E63696C223A7B226964223A2253657175656E6365466C6F77227D2C226368696C64536861706573223A5B5D2C226F7574676F696E67223A5B7B227265736F757263654964223A227369642D42453337324431342D463530392D344544422D383745382D374232313037383335414535227D5D2C22626F756E6473223A7B226C6F7765725269676874223A7B2278223A3337302E363730303939393039323233372C2279223A3234342E31303931303034353732383030387D2C2275707065724C656674223A7B2278223A3330352E33373533343134303839393932352C2279223A3234332E37393833303735333930383735357D7D2C22646F636B657273223A5B7B2278223A32302E352C2279223A32302E357D2C7B2278223A32302C2279223A32307D5D2C22746172676574223A7B227265736F757263654964223A227369642D42453337324431342D463530392D344544422D383745382D374232313037383335414535227D7D2C7B227265736F757263654964223A227369642D30443039333043392D394241312D344636382D383545412D333834453136423430394130222C2270726F70657274696573223A7B226F766572726964656964223A22222C226E616D65223A22E5908CE6848F222C22646F63756D656E746174696F6E223A22222C22636F6E646974696F6E73657175656E6365666C6F77223A22247B666C61673D3D747275657D222C22657865637574696F6E6C697374656E657273223A22222C2264656661756C74666C6F77223A2266616C7365222C2273686F776469616D6F6E646D61726B6572223A66616C73657D2C227374656E63696C223A7B226964223A2253657175656E6365466C6F77227D2C226368696C64536861706573223A5B5D2C226F7574676F696E67223A5B7B227265736F757263654964223A227369642D30353145353938322D454646442D343337372D423137392D333730343841323346433232227D5D2C22626F756E6473223A7B226C6F7765725269676874223A7B2278223A3238342E323935353338353539393932382C2279223A3232342E34393134393033323031333735337D2C2275707065724C656674223A7B2278223A3139332E35383236343937343733333034362C2279223A3137322E313532383934353937323330387D7D2C22646F636B657273223A5B7B2278223A32302E31363137303636333435343032382C2279223A312E323837353339313237343833333730337D2C7B2278223A362E3530383031393933353239333633372C2279223A3137302E38303635303532363235393035357D5D2C22746172676574223A7B227265736F757263654964223A227369642D30353145353938322D454646442D343337372D423137392D333730343841323346433232227D7D2C7B227265736F757263654964223A227369642D34454238313431392D314141372D343937452D413545452D453541454631374335453042222C2270726F70657274696573223A7B226F766572726964656964223A22222C226E616D65223A22222C22646F63756D656E746174696F6E223A22222C22636F6E646974696F6E73657175656E6365666C6F77223A22222C22657865637574696F6E6C697374656E657273223A22222C2264656661756C74666C6F77223A2266616C7365227D2C227374656E63696C223A7B226964223A2253657175656E6365466C6F77227D2C226368696C64536861706573223A5B5D2C226F7574676F696E67223A5B7B227265736F757263654964223A227369642D31434331333342322D343442312D343833302D394335392D374433353634433933334641227D5D2C22626F756E6473223A7B226C6F7765725269676874223A7B2278223A3431392E333839353234303834323934342C2279223A38362E34363037373339383738363638347D2C2275707065724C656674223A7B2278223A3337352E333639393734303934323739332C2279223A38362E32373032313331363533393932347D7D2C22646F636B657273223A5B7B2278223A35302C2279223A34307D2C7B2278223A32302E3530303030303030303030303031342C2279223A32302E357D5D2C22746172676574223A7B227265736F757263654964223A227369642D31434331333342322D343442312D343833302D394335392D374433353634433933334641227D7D5D2C22626F756E6473223A7B226C6F7765725269676874223A7B2278223A313230302C2279223A313035307D2C2275707065724C656674223A7B2278223A302C2279223A307D7D2C227374656E63696C736574223A7B2275726C223A227374656E63696C736574732F62706D6E322E302F62706D6E322E302E6A736F6E222C226E616D657370616365223A22687474703A2F2F62336D6E2E6F72672F7374656E63696C7365742F62706D6E322E3023227D2C227373657874656E73696F6E73223A5B5D7D, NULL);
INSERT INTO `ACT_GE_BYTEARRAY` VALUES ('142519', 13, 'source-extra', NULL, 0x89504E470D0A1A0A0000000D49484452000003BF00000221080600000086FB0D1D000000206348524D00007A26000080840000FA00000080E8000075300000EA6000003A98000017709CBA513C0000000467414D410000B18E7CFB5193000000017352474200AECE1CE900000006624B474400FF00FF00FFA0BDA793000000097048597300000EC400000EC401952B0E1B000020004944415478DAECDD097854E5F9F7F17B262B10208400618FC8BE05310A220A0822B8B4B405098B881541AD5AACFA57B4162CFA6ADD6AB5D62A525141425D704145050145146589B20B625884B014421242D699F7B9CFCC84494842969964927C3FD775AEC9CC9C59F2CCCC39E7779ECD26401DB461C386A14EA7F3CE9C9C9C7E9999994D1D0E878D52010014C766B349FDFAF5D3EAD5ABF783DD6EFF475C5CDC5B940A00D4C0ED394580BAE4F3CF3FEF111616F69609BE9D5BB56A658F8C8C94C68D1B8B3998A1700000C572381C929E9E2EA9A9A972F0E041B30B71269B9B13060C18F02DA50300845F20E07CF9E597D7E4E7E7BF7DCE39E784B46DDBD63A930F004079EDDBB74F76EFDE9DDFB061C35BCE3FFFFC39940800D40C411401EA4AF03517FF8D8B8B0B6BD1A205C117005061DA62283A3ADA6E42F0C85B6EB965DF9C39739228150020FC02D5EE934F3EE96A2E3EEDD3A74F7D3D600100A0B2424343252A2ACABE67CF9E11E3C78F7F6FFEFCF987291500086C7474445D38409973EEB9E786117C0100BE1411112166FF126EBC4E690000E117A8569F7EFA691FBBDDDEBB6DDBB6C1940600C0D7740C89A0A0A08E9F7DF6597F4A030008BF40B5B1D96CBF6BDDBAB5833EBE00007F69D3A64DB8DD6E1F4B490000E117A83641414123A2A2A22229090080BF444646069BF03B92920000C22F506DF2F3F37BD3D71700E04F0D1B3694BCBCBC4E940400107E81EA146AB7F3350700F8F160CAB59F61670300845F000000000008BF0000000000107E010000000020FC020000000040F80500000000107E010000000020FC020000000040F8050000000080F00B0000000000E1170000000000C22F0000000000845F000000000008BF0000000000C22F0000000000845F000000000008BF0000000000107E010000000020FC020000000040F8050000000080F00B0000000000E1170000000040F8050000000080F00B0000000000E1170000000000C22F0000000000845F000000000008BF0000000000107E010000000020FC020000000008BF0000000000107E010000000020FC020000000040F8050000000080F00B0000000000E1170000000080B208A60800F84B7A7AB21C3EBC4E8E1FCF92B4B4A6E2708450289564B3E54BC38607A449936C69DEBCA3346E3C984D39000000E11740753879324D7EFC71B964666649AB561FCAB9E76E36216D9BD8ED39144E25391CA1929E7EAEA4A6F6946DDB822534F415E9DCF93C898888A77000000008BF00AACAB163BFC8E6CDDF4A6CEC7CE9D3E73DABA612BEA32710F444822EEDDBBF29FBF6FD5A366C682CDDBBFF28D1D1E32920000000C22F80AA08BEDBB77F257171B3AC7006FF6BDBF63D69D2E47BF9FEFB87CDB54526008FA55000000008BF00FCE5E4C993B2797352A9C1F7444A1739B23B5E4E9D88117B70AE348ED9212DBBAE94A0906C0AB0122222924DB9FF59366C785CFAF6FDC95C3F97420100002882D19E01F8C48F3F6E90D8D8D74A0CBEC77FE92E7B375E2D99A9ADC4E9B44B7E6E981CDBD75B7EFA66BC38F24329401F04E073CE59603E872F290C000000C22F007F484F4F97CCCC5469DBF6ED12D739B47380157A8BCA4A8F96D4035D29441FD026D039397972E2C44E0A03000080F00BC0D70E1F3E2CAD5A7D52E2E0567939F52427B349898F3F75A20585E8232D5B7E6A3E8FCD1404000000E11780AF1D3F7E502223579778FFD99A353B1C0C3FE02B91919BCDE7914B41000000107E01F85A5A5A16A33B0788860D7F92F4F4480A02000080F00BC0D71C0ED7FCB308808DBAF91C8AEB5B0D000040F805003F0B093B29369BA3D4FB01000000C22F801ACD66CF93C8D65B8BDF0805E548A316BB2824000000107E01D47C6D7B7F2CA1F54E9C717BEB1ECBA57EE4010A08000000845F00B5D7D94682060000007C81F94500F8DDA9B4E67260CB50C939D5F88CFB0E6C1B64CD03DCFCDCB556F36800000080F00BA046D151878FECBE400EEFEA5F620DAFD3112C87760E9013299DA575CFCFA44193FD141C00000008BF006A8653276264FFE6CBADCBB2C84A8F96DDDF8C95E873D64B4CE7D5D402030000C0A7E8F30BC02FC177D7D7E3CA1C7C3D3C35C57B36FC8A4204000000E1174060CBCF0BB19A3357148360C11732333329040000508066CF007C2EA2E93EE97DE5131404AACDF7DF7F2F8F3DF698DC77DF7D12171747810000006A7E0100B5CBBA75EBE4D9679F95912347CAF3CF3F2F5BB76EA55000000035BF0080DA63D5AA55B260C102B9E38E3BAC1ADFEEDDBBCB534F3D250F3CF08074E8D0C1AFAFBD7DFB76090E0EB696E2A4A6A64A4A4A8A8C1831A2D8FB1F7EF861993871A2C4C6C64A5E5E5E89CF03000008BF00803A6CF5EAD556F0D5A6CE9EA01B1F1F2F93264DB29A40FFF5AF7F95989818BFBDFE37DF7C6305DC3E7DFA14DCA6AF171E1E5E108ED7AF5F5F28FCAE5CB9D2BACCC8C890888808EBBA06E49F7EFA49A64D9B66BD7F000040F80500C0F2DE7BEFC9D2A54B0B055F8F41830649505090FCBFFFF7FFE4C1071F9466CD9AF9ED7D68F01D3C787041A03D7AF4A8242727CBFEFDFBA54D9B36D2A0418342EB7BD6BDE5965BE485175E905DBB76594DB5E7CC9923595959058F030000845F20E02CDFBB56967FBD527EDEF193E41FCA145B46BED873449C41228E8820A9DFAAB19CD3B983240CF98D7469D18102032A69F1E2C5B26CD932993973668935BB03070E94DCDC5C993D7BB6DF03B0A736D79BA729B38706DB254B96487474B475FDE28B2FB61EA761F7AAABAEB2FED69AE25F7EF9C5FABFFCD504FAD8B163F2DD77DFC9B66DDB64CF9E3D56CDB5BEB7909010898C8C94F6EDDB4B972E5D64C08001121515C5970D0040F805203267E51BF2C9A79F8A23355BD25A8BA49D2B72AA9F484E8409BDA16205E0E0AC7CA977F498ECDD7B4CBE7F689D348C6C2CA387FF5AAE193C9202042AE0ADB7DE922FBEF84266CD9A75D6403B64C810D9B76F9F15801F79E41169D8B0A15FDE93D6FE6A18F704DBA4A42419356A94D59CD9439B428F1E3D5A121313ADE6CE9EDA5D0DB91A803FFCF043ABF65703A83FE8A0609F9AED95066C3D295094DE76E4C8116BD175B539B9F69FD632D413090000107E813A68FDFECDF2F8BF9F96EC13A764BF39263C112BC58EA3AE0138479746669D0E22FB068B344E3E21A9EFBE2E1F7CFAA1CCBC7D86B46ED99A0205CAE8A5975EB29A0997A72657FBFF6ACDA6865F0DCC9EFEB8BEE2E9BBAB7D7B1F7DF451EBB6575F7D556EBBEDB662D7D7F7A2A1D8D34FD85373ADCFE38FE0AB6176EEDCB9D65450E5A5A366EBA2C1FEE69B6FF66BFF69000008BF40807972E98BB2F6AD559272BE5352AE91724F1EA641F944AC538E6EFC9FDCFD977B65FC8409D40203650CBEBB77EFB6826F796B70A74E9D6A3D5EFB006B1FE1FAF5EBFBEC7D691F5FADBDF5AEE5B576B6A5345BF6EE27ECA181D9D7D6AC5923F3E6CD93F4F4F482DB829C4EE969DE6BBFFDFBA5A379EF91268C37CCCE96CCD050490D0F976413C0BF6DDB5636B46A25B94141D66376ECD821334CB9DD38650AB5C00000C22F50173CBCEC79D9B878B5FCF42B91932D2BF75C87CF13C968932FAF27CE97ECDC6C197DF9280A18288636C7D5397CB5AFAA4E5F54D1A6CB1A809F7BEE3979E69967E49E7BEEB1FAB8FA8AF6EDD51A690D9ADAF4D9D38FB6387ABF363D56CB972FB706E7D2A0DCAF5F3F9F96DB860D1BE45FFFFA97E4E7E71784DE9126C40EDFB9539A9D3C79C6FAF57372ACA5555A9A0CD8BBD70AC21F76ED2A1F77E922F9369B649980AC0373E9E7A14DA10100A809EC1401507ECF7EFA8A6C7C73B56CBFB6F2C1D723B399C896310E79F3EDB7E4F32F5750C84031C157C36AB6095E15A9F12D4A9BEE6AE87DE289278AEDF75A511A74B5C9F3E4C993E5EAABAFB69EDF7BB02BEF90AC74A0A9AE26588E1D3BD60AC05A0BACD321E9BCBF9E605C195AE3FBF4D34F17045F0DB48F2E5D2A1392928A0DBEC5D11A615D5F1FD7F6C48982DBB5065DA798020080F00BD4423B0EFE24ABFFFB99FC7495ABFFAE2FE9F36DFF55BEBCF2FAAB72E0C0010A1BF00A944F3DF59415E0B4A6D6177D7535F84E9F3EDDBAD45A4C4F38AC2CEDF3EBDD1C586B7775D0281DC84AEFF304DF871E7AC8AAE50D0B0BB3FACFF6ECD953EEBAEB2EABA658477BD67EC2FA3F5786F6F1D51A68CFFFD6C55C9F6502B677802D0F7D9C3EBED7A14305B7CD7DF965B65700801A8166CF40393DFCFCE372F07CA7CF6A7C8BD21AE0DDF1D9F2F40BFF902767FF8D02479D979999690D50A501F1A69B6EB2C2AA06449D1BB7A869D3A69DD17FB6A47535F0EAF43DB7DF7EBB3CF6D863D6E8CAFAFC41EEBEADE5DEA19A20EB09B7DE74E02A1DCDF9BAEBAE93575E79A520FC9E7FFEF9326CD8306B1A241D7CCB9B86677DDCDFFFFEF74A959DFE4F9E3EBE5AE37BD7EAD5569FDECAD0E6D0D3BFFA4A660D1D2AFB1A37B69A406B0D70D1FF01008040134411A0369B3469D2AC0E1D7C37976EE2EAF764E3FA0D923C5CC4E9C776131AAC1BAECB9298886869D7AE5DC097B30E3CD4A1C3EB7CE102E6F39824BEFCDE0742F06DDBB6ADD54C393434D4BA5D6B7EF5B63413E834DC3A1C0EEBF62D5BB6C835D75C2376FBE91FE8934F3E69D5807AE8E37EFBDBDF4AAF5EBD0A42ABCEB3ABD30BEDDCB953CE3BEFBC428F2FABDEBD7B5BCD978BA3217BCA942905D31FE96BEABAFA3A7A9B0676EFC5F3F979FEDF8AD0DAE677DF7DD7B5B3773AE5CF2B5694B999F3D984E4E74B5753A69F77EC284E9B4DFEF7BFFF5927276AC2F6CA9FDBC1D75F7FFD21B6400010B868F60C94C3074B97C8BE814E7154C169A31D03B3E59D4FDEAB92FF6BF1E2C5D681B2AF9A7DA26EF2F5F74803ABF6ED6DDFBE7DB135B29E41A1FAF6ED5B709B368FD6819D3CB43FEA8F3FFE58705D6B6635385F76D96585C35C488835F2B3865F13606A4599EA3CBE1E3AB855459B3A97449FEF6AAF3EC93A05120000818C66CF4019ED3C9C2C5947325CF3F85681F4F62247571EB3024059E730ADA8FFFEF7BF0501406BAF2EBFFC72E9D2A58BCFE740ADA8DDBB451A341069D1C2757DC1020D3E221D3B9EB9EEC18322FBF78B5C7041E1DB756CA1E3C745CA5B9439395AFB56FC7D2FBD24327972C9F77BD6D1EE9FDDBB8B2425E9B436AEDBF7EC1113EA6AD76FC4F33DD2A98334906AD3DD8A7E8FF47BAF531169C01D33664C894D91B5C9B28EFAACB5A73ACD90D2019E7EFDEB5F4BCB962DAD2983BC07B3D2F772EBADB7163BBAB3BE6F0DC0B367CFB61E7BC51557044C99D6AB57CF6A265DD632D5D1B0754E5E658DECEC7502C097469850FD51E7CED634483A0552556CAF000020FC027EB6E4AB4F5CC1B70ADB4BA477B2CBDAB56BAD1163AB828684F5EBD75B8B0EC2A3F38FEA3426DD4D72F3E55430E5A52D40870E1579EF3DADB9D31A269109138A5FF7B5D75CEB9B9C205A81D7B4A9F9C8CC67366F9E8856F6DD7CB36BBDFFFD4F64E346D7DF9999AEEBE6DF962BAF14D19C106B3E6BED2AB977AF9870E55A6FDF3E6D327BFAB534907FF79DC8C5179FBEADE83A3FFC20327EBC27A8E97436AEB0ACB77DF9A5EBBDD536DA54596B5C75D1119935085F74D14565FE1EE9E0493A42B236451E3D7A74A9EB6ABFD8E1C3875BCD9D8F1F3F5E5043AA8FD7E6CDFA5E3CB4E9F1A5975E6A35CF2D890637EDBBAA015803B7F6C90D04A74E9D2A2853ADBDD6205C5A997E67BE989EB2883B7850A2BCCAC1977414E8BEE6F35AEBFED257E5F60A0000C22FE027DBB66D93B42AAEA9DB1793213F6CDD542D07933A9D8C1EC8EAA2FD133DB54EDA1FB2A20302558486D2264D5C35AC5AD9B56285C8C30F8BFCF28B48E3C6AE30ECA1B5B45AF37BEFBDDAE4D31590CD5BB76A59B5ABA527F82A0DC5DDBA897CF081C89831223A6BCE9A35AEF0ABAF79C925AEF53EFAE8F463DE7843A4478FD3815507BCD5F7E05967E54AD7F3EAEB6B4DB34EEDAA958EBB768968A5649B36A76B89B56BA4BD0E743CD1C19656AD5A652D5A5BA935B9F1F1F1257E8F74DA1FEDE3FBAB5FFDAACCDF7BADE5FDE1871FCCE7D94D366FDE6CDDA6B5C01A863D7D81F5644E83060DACBEBE67A321F9FEFBEF97BFFCE52FD67B0CB4796C3332320ACA54FFAFFEFDFB9F51A6BABDF2B850CFC8F8913EBF27FCEAEB127E0100845FA0863B75204D32E3ABF8354D60DBB36A4FB5FFEF3A32AD2708EBC1B6D6366993D0AAA811D6DAD9254B44860F77055ACD32DF7F2FF2F9E7AEDADD71E34EAFFB9FFF88CC9CE96ADEFCEF7FBBEE376FD70419113D1ED7401AECB5D56BDD5A9B7ABBD6D150AAE15983AC3E7F494D99BD8FEBB579B586D8DEBD5DD775AC23CF38531A7C53525CEF57C3BBDE3E77AEEBBD791799C978F2EAABAE756A3BED8FEB096D5A23AC034E694DACE77BE409BEE3CC875ADEC0A973EAEA5CB6DA74D953DBEBDD4F5683B7AE53D613375A03AC4DA0FFFAD7BF5ACFE9E95F1C68F42495A74C35DCC7C5C559659A9C9C5CB04E8763C7FCFA1E6253530BFEF67E5D000008BF400D95979E2DB90DAAF835C3454EA667C85B6FBD155007DB1B4D22DDE86E33AC21419B5FFA8B06451D94576B64BD69EDAC77D7C2AFBF7605570D912607C80B2FB802E8B3CF8AFCF39FAE103A6D9A88B662D5C0ACD7350C6BCDAC4E51AAFD8A35F07A6A7E3DAD5DBD6B7EB54677F66C57A856DAA5526B943504EB31BF8E27346386EB3EAD91D63EC91AACB53658D7D1E0ABEF4D9B542B7DAE071FF47DF0D59AC140FACE14476B84B56FAE2EAA892904FD6E5524F82A6DE2ACA3246FD8B0A1D00057AA51A34605CDF7CB4307DAFABFFFFB3F2B54EBA0532D3C9DCE03D4C993270B95A987364DF627EFE7F74CAB040000E117A8C9721CE208ADDA97D4D7CBCFCB97B7DF7E3B608B4507B8F9F6DB6F0BD5C0FAB40C1C65BB4FF3B7E63DED0F7CDD75FABE5CCB435E138F68CDEBF4E9AEF0AB4D8E972E753549D6E6C81A40CB52F3ABEB6B6055DAC45A6BA435E86AFFDDA2955EDA2C5AD79F3F5FA7DD72BDC6A851AEFB3470EBFBA95FDFF765A6E1CF7372A2A6D026CA1A522BD3C7569BDBAE58B1C29A3EC8E1F5E5D01A609DFEA8227470291DFC4AFBDAD654959DD7F76C74DE5F0FEFC1C5000020FC0235942D3448EC39F9551A80EDE6983228384846FD7A945F5FA7ACE1DA66B389D3E92C749BD686697F43BF958109A9870FBB42A9D6B47A2AEF34D8C6C5155E57F39E86564F90D550AA4DA6F56FED2FAC4DA5B57FAF873639D6E7193CD8B5AED6CC7AD7FC6A3F600DB0DEB4B6D8531BBC6993EBB5F4B9F5EF56AD4EAFA7615867DCD1FB274E3C33E4EABAFE08BEAA73E7CED532CF6F654ED268CDAF3657D6A6F5156D62AC4D9AB5F6D851E48C89DE56F47B5B563A82F1C18307ADFEEED551F35B9632D5DFA52E8E12CE14A58785F93500677A9D29AACE81F1000020FC023E12D2284C424E664A761586DFE02C13C01A353AEB88B7FE3CC0F60EBC7AA9FD1FB5AFA68601ED5FA807BBFE9CDFD3339D9186486D56AC21539B1F6B3EF26EDDAAC7FD7FFA93AB2676ECD8D3FD7095D6F42E5C7866D369EFC7EAA8CDFA580DCA1A70F552477AD620EC3D7AB3F619F63C8F77CDAF0665EF9A5F1D304B97DB6E2BFDFFD3F0EDEB99617434E0EA18A5B83CE1B7B8EF91A7CFAF86E08A347D7EEFBDF70A8DEE7CFA84459EBCF0C20B72F7DD7797EBF9F4FD3CFEF8E372E38D37CA800103AA65BB5396DFA667F12ED3F9F3E7CB21F7999BD4F070BF86DF54AF6997B42F370000845FA0866BD9B6B5D43FB253B2AB7060A2734E4449074F07D12AA435689EC182F4A05A070BD280A27D7BF5E0BABEBFAA2C8BF00C70A5215303A827C42AAD05D670AAF3E8BEF28AAB86D833759086571D15BAB4FCE469E2FCC517AEC7E8C8D01A804F9ED4DA3E57D8D6505BB43FAED63C1757F3AB7D8675C0ABB3D13CE21D92D7AE2D3C88566D76B6EF91F6B17DF0C107ADF97D557902B04E8FF4E1871F9ACFF574135CEFE6CF494949D648D03D7BF62CD3F36973FEC71E7B4C264E9C586DC1B7D89D7670B015E6CFF6DBD466DA9EF0BB3B2A4ADAEA99233F498E8C2CF83BB61AB6570000107E011FBBA0675F59FFC32E39DED95965AFD93AA581357D4B55D3E0EB999646A74FD1795AABBA39635A9A6B94661DBB4703AFFB78BFA06FF19B6FBA06B3D29A53A5B5C08F3C22D2B2A5886695926A7975DE5DAD15D6717934E47A82B3F2CCD7AB99416B6D75A02A5DDF9BD63A7B78D7FC16A54DA83332747E56D775CD60DA2C5BDFB7D6067BC605D281B0747E61CF205AB531F096E77BA40357E908CB1A807500A7B24E9BF3EF7FFFDB5ADFFB757549758F44ACDFE9E79E7B4E5E7CF1C5B33E970EDAA4AF7FEDB5D706DC34471A7CCB52A6BADDD026E4EA5B53A6837EFED96FEFE95BAFA611D5B1BD020080F00BF8D890FE97CA5B1FBC23C98E5C9396AAE6356D3B32A4DF98AA9B62456B8D7444DC41830659975555C35B9C468D44D6AD73FDAD41F4D147B509E8E920A9F3ED2A1DC04A75EEEC9AE6C8D3D5F5DD775D4D9435D86A3F5F4F6DADE623EDBAA98B27C86AD366ED1BEC697EAC2D37DDB9C16A6AAD73F9B62F668E671DDB47C36B7135BE9E51A735947BC2F1934F9EAEE5BDF556D780573A1AB44E97549B54F67BA42388EB3CBBB367CFB69A316B082DCD12F3E169CDAF779F57ADE1D5A97F74EA1D6DBEEC3AA192262FBFFCB24C9932A5C4E7F2D4F8EAC8D181147CCB5BA6175C7081BCFEFAEB56E8FFBE654B3966D68F2AA64978656993E70D5E9DDD03754A28000008BF403944454549BB566D6567F26E3951056309C51F6E232D9AD4B78280BF69B8D0D7D103D7401CB04603ED9C39655BCF635439C608D31ADEEBAF2FFFFBFAFDEF4B1E15DAF31EBCDF877725664935D335992FBF47FA3C9E26D03A8270424242B173F46ACDAE865FEF5A5FEDF33C75EA54EB3DDC7BEFBDD628D21A7CD5175F7C2123468C90363AC477111AB435F876EAD4A9CC35CE815AA6BABDD290BC69D326C9B7D9E4E3CE9D65425292CFDFDFD22E5D24D7FDB9E8C8D855B1BD0200A0A2EC140150766346FE463AAD091371F8FFB59A7D9927970FBBBC4AFEAFDFFCE637D620398CD45A3EA1A194813FBF479E1A609D6377CE9C3905FDD0BDFDE31FFF90539EB6E5E21A6D78ECD8B1D6C04BDA3C78FCF8F1D6A58706E9BFFDED6F673C8FDEAEC15747C9BEE9A69B8A0DDA35AD4C876B9B7CB78F4D30DDA74D187C489F6F8957B387EA18640D0000C22FE0273AA54FC7A876D276A37F1B4D8CDCD545A2C21B5B83D800759906E09933675ACD978B06600DC52929298506B9D23979BD4398D6986A4DAED6847AE89CC23A38964756569635CA74AB56ADE4E69B6F0E98E0EB8BED5577F7DC605AFBFB8C09D13AED912FE8F446CF0D18603DAFD25A5FB6570000C22F50CBDC71EBEDD27E63A83438E89FE76F97DA5872BE48B19A6DD6968370A032222323E52F7FF98BD5AFF799679EB102B036777EEAA9A70A06B4F2F8E31FFF78C6E3B5F6F7D8B16305D7F5F13A1590DEE619084B6B8A03A9C6D75734CC7BA61F3A602E9FF24100D6E0FBCCC51717D4246BCD3ADB2B00404D409F5FA09CB426EAA6EB6F94390BFE23DFFEF6A4E434F2DD73B73E15295DDEB7CBF809E3AC5A28002E3AC093F601D6C0AB61F50F7FF8832CF4CC7B75165AEB5BD2BA3A4AB43679BEE79E7B6A6578D3EDD5E4C993E55FFFFA9715F47798EBB3860D93E9AB575768FA230DBC5AE3EBDD845AE741667B0500A809A8F9052A40E7FD9C7CED75D2FF9D086992E29B734871196DA4FB9B76B962D870AB8F1F80C2B4DFEB5D77DD6585D5279E78C26AAE5C1989898956EDAF06DFDADCDF5DB757DEB5DA5A033C63C40859D0A78F355A7359E87A897171D6E3BC83AF0E44C6F60A00505350F30B54904E39A207CC2FBF3257FE77617DD9DA3BADC2A793AEDAD54DB2BE382863CD81A43E2F809203F0F4E9D3AD1A5B1D095A07C40A2F6380F3B660C102D9B16387DC77DF7D7562A037CFF66AEEDCB9D6A8D6DA575707ABD281B0E20E1E940BF7ED930EC78E4964569634CCCEB69A366BE04D8E8C94F56DDA58D31965059F3E64D032D71A65B6570000C22F5047688D8A0EA6F3D29C972466D12F927CA94376B72E7B53C2C1C73A4BE32FB32422D821531F7C90A683401903F0EDB7DF2E2FBDF492CC9A354B1E78E081827EAD65B178F1626B0A207D6C4582734DDF5EE9C061FAFF2B0DC11A6C379463DBA3835B691F5FB6570000C22F50C7689FBA07EE7F40D6AE5D2BCB972F97D8657BA55EE7A672B05D961C8DCC9283A1272437245F9A3A22A4714E3D3927A3A934DD1F2C695B0E49D3489B0CB9FC4AABD92083C500E5A3014C03B0865FED0F5C96396635F8AE58B1C21ADDB92E055FEFED95D6967BB6575BB76E2D760AA99242EF902143D85E010008BF405DA753AAE8A27D08F5C0529B54EEDEBD5B5AA7DA2537375F4242B2A561C350898DAD2FDDBA75937EA3FA95E9601D40E90178DEBC79327BF66C2BD4C5C4C494B8EEB265CBE4D34F3F95BFFEF5AFE5AA29AE4BDB2B1D3D5BFB546BEDBA96516C6CAC6B7BD58FED150080F00BA0081D5976E4C891D602C0FFB4EF699B366D0AFA0017178057AD5A25EFBFFFBED5C79710C7F60A00503731DA3300A0C61B366C985C7BEDB5D67CC05A83E96DDDBA75D600571A8CDBB76F4F61010040F80500A0E6D2BEA813264CB0FAF36A5F56A54D7A758463ADF12DAD49340000A8FD68F60C00A83574EA9D060D1AC8D34F3F2D2D5AB49043870EC99FFEF427E9D0A103850300401D47CD2F00A056898F8F97F3CE3BCF6AFEAC97DDBB77A750000000E1170050FB68ADAFF725000000E1170050EBE4E5E559973A650F000000E11700502BA5A5A559978D1A35A230000000E11700503B391C0ED74ECECE6E0E0000107E0100000000845F00006AA6D4D454EB32323292C2000000845F0040ED949B9B6B5D32E015000020FC0200025A464686DC73CF3D67DC7EF4E8511933668CA4A4A45048000080F00B00A8B992929224222242CE3DF7DC8226CC1EF3E6CD93D9B3674B4C4C4C898FA7E617000014154C11000002CD534F3D25AFBCF28A74EDDA551E79E411D9BC79B315863B76EC28D75F7FBDECDFBF5F76EDDA25575F7D75B18F4F4F4FB72E1B366C48610200000B35BF002ABF21B1DBC4E108A52002807E0E369BB3C6FF1F575D7595DC79E79D56D366FDFBDE7BEF95279E7842BA74E96205E2FEFDFBCB575F7D55E2E3F3F3F3ADCBA0A020BE14000080F00BC0371A356A2C274E0CA12002407AFAB9D2B0616E8DFE1FB44657FBF53EF0C003C5F6EB7DF2C927252B2B4BC2C2C2F8C001004099D1EC1940A53569D2445253479ACB4F288C6A969ADAD37C0ECD6BF4FFB07AF56AAB89737878B8F4ECD9B3E076BD6DD5AA553274E8D082298CDE7BEF3D494C4C2CF1B9EEB8E38E42D77FF7BBDFC9E8D1A3F9A20000500751F30BA0D29A376F2E070EF416A7939AB8EA76F0E068F37974AAD1FFC3E4C993AD703B63C60CD9BE7D7BC1EDD1D1568AD2C10000200049444154D13261C204193C78B00407074B7676B6C4C6C696EBB94B1B240B0000D46ED4FC02A8341D54A87EFD48D9B7EF3169D7EE4E0AA49AECDB77AD8486B696C68D1BD7F8FF456B795F78E10559B972A5D5045A9B392727275BCDA0172D5A2479797972C51557485C5C9CF5FDF30C70551A6D26DDAF5F3FBE280000107E01A0E23A77EE2CEBD7A799E0F55BB3BC438154B18C8C58F9F9E7DF4BDFBE71B5E2FFD170EBA1C157AF6B10D6DA5F1DED592F75E02B151F1F2F2B56AC30C13F547272724A7C4E6D42CDD4470000107E01A0521A346860C2452FD9B265BAF4E8916702F0FB144A9505DF73E5871F9E91EEDDCFB76A4C6B83112346B8FFB70C99387162A1FB340CDF7EFBED56CDAFF6DFBDE8A28BACF0EB74963ECAF565975DC697050000C22F00545E54549474EDDA439292EE9473CE192A6DDBDE2F36DB490AC68FF6ED9B2A3FFF3CC604DF3E566D686D336CD8B0336ED381B0B449B4A776586B80B58F706A6A6A89CFA3B5C29E9A62000040F805009F04E0F8F80BE4C71F1B9B60F691B46A956282C927D2B8F1C762B71FA4802A49E7F14D4FBFDC04BD4BE5E0C1BE26D43591BE7DBBD49A1ADFE2826EB13BAFE0606B51DA9459FBFEEA48D03AAFAF678E5F6F3A2F70FDFAF5F902010040F80500DFD126D0E79D779E3508D1E1C387E5A79F3A485ADA0413DC1C144E25D96C366B80279D5EAA5BB7E6B56270ABA2962C59620559FD1E79B469D3A620EC7A68ADB0DEAE2EBDF452EB3125E9DBB72F5F1E000008BF00E01F1AD27401CAA363C78E5633664FB0D5E6CD3ACAB3F7205849494956BFDFC58B175BD7BB74E962D5EC6666669EF17CDAE499F00B000008BF008080A24D9D35F8BEFBEEBB326AD428EBBA365BF6AEF9D581B0F4360F6DEE7CC92597C8279F7C2276BBBD502B833E7DFA30CA33000020FC020002D3E0C183ADCBC4C444D9B2658BF5F7AE5DBBACDA5E0DBE4507F8EADDBBB7157E8B1A3060008509000008BF0080C0A44D9F95CEE37BF7DD775B7FCF9B37AFC451AD75D02B1D70EDD8B16305B769AD71AF5EBD284C000020768A00001048B47F6F4C4C4CB91FA74D9F8B065DAD0D6694670000A0A8F905000494ACAC2CABC676FFFEFD56DFDFEDDBB7CBCA952BADFBBEFFFE7BAB39746C6C6CB18F2D3AEAB3F60306000020FC0200027707E51EE06AF4E8D1561368BDAEB5C2A5CD69DCA953A742D7B52934000000E117001070742467EDDBABB4D65769E02DDAD757AFF7ECD9D3EAE3FBDD77DFC9B66DDB64CF9E3DD65CC84EA7D3BABCEBAEBBA47DFBF6D654483AF095F609060000845F0000AA9DD6F21E3D7AF48C40AC8B87CEF9AB233BEB3CD21A90737373CF781E0DC0478E1CB19675EBD6C982050BA47BF7EE3264C81019387020050D0000E1170080EAA3C1B4B470AA6176EEDCB9929C9C5CEEE7DEBA75ABB52C5BB64C6EBEF9E60A0DAC05000008BF0000F884D6EC7AFAFC7A5BB3668DD5243A3D3DBDE0B620A7537AA6A448BFFDFBA5E3D1A3129995250DB3B32533345452C3C325393252BE6DDB5636B46A25B94141D66376ECD82133EEBB4F6E9C32855A60000008BF000054BD7BEEB947FEF0873F141AD15907BA1A3972A4359D9167502B0DBD234D881DBE73A7343B79F28CE7A99F93632DADD2D264C0DEBD5610FEB06B57F9B84B17C9B7D924CB04E4E79F7FDE6A32AD4DA1010000E11700802A3361C28442D7B51678FCF8F1D2B4695369D6AC99759B06DAE95F7D256D4F9C28F3F36A8DF084A424B9F4E79FE5B90103645FE3C6D6ED2FBDF49284848450030C00402D67A7080000814407BCF2F6D8638F150ABE5D8E1C9159CB97972BF87AD3C7E9E37B1D3A5470DBDC975F9603070E50F80000107E0100A87AA9A9A9D600579EFEBF5AE37BD7EAD5569FDECAD0E6D0DE35C7DA045A6B80010000E11700802AA1531ACD98314376EDDA25CF3DF79C6CDEBC590E1F3E2C470F1D927EAB56C97A1354579AF5F657F2753400DFBE668DD57758E92058AB4DB0060000845F0000FC4EE7F81D346890DC72CB2DF2C4134FC8F1E3C7E5D8B163D268DB36D97AF2A4157C7559E783D7D29ADFABB76F2FB8AE5320010000C22F00005562E2C489B268D12239EFBCF3E4D0A143D2A17D7B99939626B3CC7D9E65948F5E6BC48E1D12929F6FFDADB5BFDACC1A0000107E0100F0BB888808F9EEBBEFA455AB5672E18517CACEAFBE92B4CC4CBFBC968E02DDD76BB0ABB56BD7F201000040F80500A06A6CDBB6CDBA0C0F0F97471B349017CDDF797E7AAD0BF7ED3BE375010000E1170000BFD241AFF6ECD95370BD776AAACC34974BFCF47AB1E6F93D929393F9000000A885822902004020E9DFBFBF55DB9BEA1548B56972B8DE27AEDA5F5FEFBCF4F93DD2D3D3F910000020FC0200E05F1A7C55965720F5CCEB1BE3A7D7D4698F3C727373F9100000A88568F60C0008E810ACD2C3C2FCFA5A99A1A1057F87848450F80000107E0100A81A919191057FA77A05617FF07EFE860D1B52F80000107E0100A81AEDDBB72FF87B7754945F5F2BD92B68C7C6C652F80000107E0100A81ADDBA752BF8FBDBB66DFDFA5ADECFEFFDBA000080F00B00805F5D70C10512141464FDFD7DCB9672AC7E7DBFBC8E3679DED0AA55C1F57EFDFA51F80000107E0100A81A515151D2BD7B77EBEF7C9B4D3EEEDCD92FAFB3B44B17C97587EC2EE6EF66CD9A51F80000107E0100A83AC3870F2FF8FB63134CF7356EECD3E7D7E75BD2B56BC1F561C38651E80000107E0100A85AF1F1F1856A7F9F1938D067D31EE9F446CF0D18603DAFD25ADF8B2EBA8842070080F00B0040D5BBF9E69B0BA61F3A602E9FF24100D6E0FBCCC51717D424EB9CC253A74E2DE8630C000008BF00005429ED833B79F2E48260BAC35C9F356C58859B40EBE3660D1D2A9B5AB428B8EDC61B6F94565E835E010080DA279822000004BA010306486E6EAECC993347F2F3F3AD1AE0192346C8C81D3BE4AAEDDB25322BEBACCFA1A33AEBE056DAC7D7D3D459252424C8C081032964000008BF000054BF41830649484888CC9D3B57323333AD00AB415607C28A3B78502EDCB74F3A1C3B6605E186D9D956D3660DBCC99191B2BE4D1B6B3AA3ACE0D3BB3D6DEAAC35CAFABC000080F00B0040C0D01AE04E9D3A5935C09B366DB26ED310ACC17643399A2DEBE056DAC797A6CE0000107E81DA22DBE17084D9ED746F076A0BED037CFFFDF7CBDAB56B65F9F2E5B275EB56AB29745943EF902143AC66CE0C6E055F31FB19BDC8A7240080F00B54A7EF8E1F3FDEA569D3A6CD280AA076E9D7AF9FB51C3B76CC0AC23B76EC90DDBB774B6A6AAAD53F589B48EB28D1B1B1B1D2AD5B376B5D0DCE80AFA5A7A7E7DB6CB61F28090020FC02D569E5E1C3871B107E81DA2B2A2A4A468E1C692D4075387AF4E87EA7D3B99C920080C0465B50D46AE660E4ED94949496E6328FD20000F8C3FEFDFBB50DFDDB940400107E816A337CF8F0A4FCFCFCA49D3B77AEA3340000BEB67BF7EE9F727373775C7EF9E5DF501A0040F805AA95C3E1B873EFDEBD1D8E1F3FBE9FD20000F84ABAF1F3CF3F3736FB99E9940600043E86BA44AD377FFEFCA3D75F7F7D524A4ACA3591919119F5EAD56B44A900002A1B7CD7AD5B97E6743A6F1A3E7CF86A4A040008BF404078EDB5D7764F9A3469F3810307C6E5E4E47CD7B469D336369B8D960F008072DBB56BD7FA2D5BB634307FDE346CD8B025940800107E81800BC013274E7C3F3D3D7DE89E3D7B224E9E3CB97EF7EEDDB63973E63436B7D9744A94FAF5EB0B7302A32E3B72E4887CFCF1C7D694400D1A34A0400071CDE39B9A9ABADFEC3BB66DDEBC39F7D8B16307CC6DE3A9F105809AC54611A02EFAF4D34FFBD86CB6DF2D5EBCF80E731053D00C5AE7058D8C8C94E6CD9B175C6A28D6DB81BA60C3860DB271E34639EFBCF3A46FDFBE1408E0A23306249965A559DE66702B0020FC0235CE840913FAE7E7E77F7D96D5F2CDB2C584E5ADE672AD59B68785857D336FDEBC544A10B54D4242C22C7331D32C0F252626CEA2440000406D41B367D4699B366DDADFB367CF574DB01D6DAE96341096B6836E61969E6619619689797979F799C7DDDCA3478F815BB66C594449A2B630DFEBC1E64297559B376F5E4989000080DA82CE8DA8F312131393ED76FB45E6CFE4723E34C684E651942000000040F8056A84050B16E81CC043CA1B804D70A6EB0000000040F8056A0EAD010E0A0ABAA4AC01D8E974E6516A00000000E117A871B406D81D80F79C6DDD458B1631043400000040F8056A6E0016D7803FA506E08484840FC68E1DDB93120300000008BF408DE46E023DD066B3ED2EE66EA75932CC72B5B9FF3B9D1A66CC983111941A00000040F8056A1CAD01763A9D43CD9FBF1409C676138CBB993F979A25DC2C33CDF59D2604DF3D78F0E0604A0E00000020FC02358AD6009B8B8166D95734189BFB468A6B84E8D5668931CB133131315F9B103C989203000000024B104500946EF3E6CDA93D7BF65C6CFE9C68026F8322F7259BE5955EBD7A69ED705FB37435CBE41E3D7AF431B7FD64EE3B4009A22631DFF5C1E2EAF3BECA7C7F575222000080F00BD4B1001C1717B770D3A64D6925DCBF213E3EFE95BCBC3C6DF6DCDB66B3F53697934C900831B7271959942208BF000000845F20E095147C3D34E09AB0F059B76EDD5E31E1B7A3597424E8C126104F3181C26942F006B30E730383F00B000040F8056ABEAD5BB7666CD9B265910911ABCCD5FE66696796E126048F30B7EDD4A6D2941208BF000000845FA056D0901B1D1DFD624444C4CFE66ABCB8FB039B70D1BF57AF5EEBCDFD472925107E01000008BF408D979C9CEC300122C984DDD7C535BABAF605EE6E9629E6B6886EDDBAADDDBA756B0E2505C22F000000E117A8F14C88C8D4FEC0717171AF3B9DCE76EE007CA9DD6E1F6FC2C6090DC8941208BF000000845FA056D041B34CA078B37BF7EE5FDB6CB601E6A60E66196502C76873DBCE2D5BB6ECA69440F805000020FC02B58286DCE8E8E8172222220E3A9DCE812608B7338B4E8D14DFAB57AF8DF40706E117000080F00BD40AEEFEC0EB2EB8E08217F3F3F3F5261D195A07C5D2A99142BA75EBB68EFEC020FC020000107E815AC13D3FF0F25EBD7ABD69AEC6886B50ACC1F40706E117000080F00BD43ADAD459FB037BCD0FDC5102A73F708C3B10FDC82745F805000020FC02F04508B6E6076ED8B0E17171CD0F1C1B00FD811F35CB097D2F66D96F169A63137E01000008BF002AC7DD1FF89BF8F8F83979797991E6A63E527DFD817BBA5FFF6F66D96E964BC5355513B5C0845F000000C22F80CA73F707FED00492D7CDD560B35C6896CBAAB83FF05CB3CC7607DE50B3AC33CB5EB35C6D9608B31CE09322FC020000107E01549A0921A966F9B877EFDE1F389D4EAD01D69AD8AAE80FACCDAE7528EA8FCC9269960CB30C33CB317708B69B65B8B806E9DACC2745F80500000854768A00A839DE78E38DA4C4C4C421369BED37E66AB26615BBDDFE594242C20B13264C68E387979C66967FBA43F013668936CB12B3E86BE9E8D479E21A982B9A4F07000000818C9A5FA006DABC79F3F6F8F8F817F3F2F2F29D4E671F1386079ACBA93D7BF60CF3617FE08966592FAEBEBDAF9AE58FEE903BC01D7AFF6E9628B3DC68967BCDE2E093A9F9A8F9050000B51535BF400D356FDEBCACC4C4C45976BBBD93B93ADF2CE16699191414B42921216172259F5EFBF25E659665EE10AC035DA588ABA9B3DE37D41D801F30CB43EEBF3DB49638C6FDB75E06F369010000A0BA51F30BD4709B376FCE34CB62777F601D9959FBDF56B63FF0F366794E5CD31A3532CB22B35CEB0EBEB788AB39745F718D04FD8AFB31DA1738CD2CBBDCB70F7487DF4BDDA119350035BF0000A0B6B2510475D3A79F7EAA4D657F1714943D223F3FC484257B28A55259CE7CF393DA68FED0C0F0F6E5975FFE4D75BC8BB163C75E6D3E5B0DAEB1EE9BDE32CB3D898989C9E5781A0DAEAB8BB95DE7FBFDC4FD3F7E699631E2AA11F688770764D5DF2C3A277196B86AA65103242424CC321733CDF290B62CA044EADE7EC16ECF19EE7004F761BFE09BFD82CD26494EA76D4575EE17000084DF3AE9934F3EE91A169631D71CE0F46CD3E6DDD0264DBE0F6FDC789B98831D0AA7921C8E50494BEB9491923264CBC1835734CBCF0FDFED7038EEBCE28A2BAA7C14E43163C6440407073FE0743A6F7387D12CF3993F939797F7C89B6FBE99E18397B8D92C3AFFF063456ED75AE047DCC15743AF369BD681B2D69AA5BD591EE49B42F845E0ED174242B25EB4DBF3E3DAB479DF1615B5B111FB05DFED17D2D33BE61C3A3468EB81032322F3F2EAEFAAAEFD02008066CF75CA975FBE718DCD26CB3A745810DBABD7ECF0A8A8A4E07AF50E89CD964FE1F880966378F891D0E8E86FDB9C73CEC226E6A0E7F889133D6FBBFEFAEBB7BFF6DA6B3F56E57BD101AF366FDEBC3C2E2EEE75138075502AAD911D68B7DBAFEDD1A3C7CF5BB66CA9C8FBD1107D99B89A42EB6057DAFCD9BBAFEF74B39C1457B367EDE7ABCDAD2799E56DB3BC6F968DEE408C0046B3E7BAE5F3CF975C111494BBFCDC735F3BB777EFD9F54CF00D63BFE0F3FD4250D3A6EB6262631323B5263835356EEAF5D74FAEF2FD020080F05B67AC59F3CA28F371BF19173733BC458B2F6C369B9342F1337310D92A3AFAEB63070F8EB866D2A4C93BABE34067D3A64D6926C0BCD7AB57AFE52604F7351F7C77B38C3701A7BF09C1DF9B107CB81C4FA7D540D79BE55971D5E06EF5BA4F6B81679BE54E71F505D6005C5F4EF719D69A60EDFBBB866F06E1178161D5AAB7AE0C0E3EF54E9F3E0FD667BF50359A34F9A169B3666B720E1C183162D2A41B7E24000300E1173EF6F9E76FF57038C296F7EEFD50A836652B8ED3112C99A9AD2427B3B10485648B3D88B3FEBE101676AC71D3A6DFEEFBE597910913274E5C3A7FFEFCC3D5F13E4C88D96B82EE8B2604FF24AE01B12E3447BA534D006ED7A74F9F8D1A92CBF854DF896B7E5FEF01ACB47F70A659F4B9DB99E598FB7A6771CD45FC8259EE72BFEE0F52B8B618845F54036DEA6CB7E77D1E1737B35E89FB05A7DDEC175A5BFB057B70AED92FF0D3F5CD7EE178BDE8E86F32F7EFBFF2D713275E576DFB0500A88B9882A44EEC684FBCD3A6CD8721251DE01CD97D8159FA495E4E3DEBBA3D28475A745A23CD3A7C47E1F940A3463FF668DDFAE325BFFC72A53615BEBC3ADFCBC2850BE70F1E3C38B165CB96B39D4EE7DD26004FC9CFCF9F989090F0B7F0F0F0C774FAA4B33C45867BF1D03EBE3A17B0D6F05E21AE9ADF3F9B25495CD323E9A8D033C4D5DCF99F7C1B02CBD8B163EF33DF81474BB87BA6F95ECC2C721BFD806B89FAF58F24B66BF74E78A9FB859F2F90BCEC06D6759B3D4F9AB6FF5E5A765D29361B537A5756C3863FB568D7EEED357BF78EA9F6FD0200D425CCF35BCB6DD8F0C850A733BC63DBB6EF157B7FEA81AE7270FBE082E0AB1CF9A1D66DC77FE94E01FA48B76E7F1F6CB7E7B5FDECB3CFFA57F77B59B972659E09C1334CE8ED66824FA2B8E707CECACADA386EDCB811E57CBA1BDCA1560FE03CF3FDF630CBBBEEE7D56529DF8000DD01D8ED49E559DF7C5F76516A35DF175F2CB85024A8C759F70BEEE0ABB475D0D19FCF97233FF5A3007DA473E797060405659F1308FB050020FCA2B6B8A755AB8FEC250D5E927AA0E4807BFC979E949EEF44346FFEC54E73F9BB4079436FBEF9E62E1382C7399DCE8BC4D58CB9ABF9FB6313803F1B3F7E7C9F723EDD4D66196D160DCFD789AB0F70B259E6F2D1072EF3F9EB8989A36559D77C3752C3C2C2DEA2D46ABEF0F0FFFDA975EB25C115D92F1CDBDF8302F4A1962D3F4B09A4FD0200107E51A36567373F3F32B2E41915B232A24ABC2FE7642405E8433131CB9A88AB2F654059B468D13789898917D86C360DAD2926E40C73381CDF252424BC3266CC9898323E8D06A87F8BAB49B436A37DC07DDB5D7CF281CD7CDEEF9671D5956568168F1A2037B7D1C00AEF17329B50803ED4A2C5CA9681B85F0000C22F6AA4CCCCD64D4BEAD3E53AF2E52B5055A2A2BED7AAF43E81FAFEB43F707E7E7E2739DD7C79725050D0CFE3C68D7B54E70D2EE3D3AC1657BFDF45EEEBDAEC39824F3FA0C3EFA232AE4A2D7E2D71EA54F396EC170283F91C3A04F27E010008BFA8511C8E109BDD9E434104C28FCD9ED358027C90B937DF7C3343073432A1B793A73FB00947F799EB1BC78E1D7B75399ECA331AF46FA4F000590830F5EBD7D713162967592DA35EBD7AAB29ADDAC1E90CB1B35F0898FD8208838F0200E11755A4B4513B19D1B3CE5AB060C1FE22FD813B9A30FC414242C28A0AF40746007337653EDBA0646F99F552292DF60B8CF40C0020FCA2C6AAD7A8E4E905C3238E5140755CD1FEC06619EC7038366A7FE0091326B4A1846A8D57CF72FF871411FB0515C67E010040F8454D15D37975B10733A1F58F5B73FD02AA487F60AD299C6CAEEF3421F889C9932733325A0D979292B25A47732EE1EE8CF0F0F0259412FB85E0B093D63CBF0000107E5123E9014EFDC80367DCDE20EA17A9D73885024281E2FA039BE5EEACACAC6DE3C68D1B4509D55C3AF7B3F94CE79770F752467966BFA0B43550C3663F53400000C22F6AA6FCDC30C92E665A8BACB4E6D67D4051C5F4078E317F2FD6FEC06689A7846A26F3197E52C25D8B289DBAC5911F5AEC7E21FB64A4E49C6A4C01010008BFA879520F7495ED2BA749666AAB33EE3B65C2AFDE777C7F4F7350CCD704C524A262FA039BC59A1FD82CB19450CD72E8D0211DF46A7F91409C1A1E1EBE8CD2A93BD20E75921FBF985CEC7E2137ABA1EC58F57B39FC533FF60B0000C22F6A063D80495EF75BD99B744DA9B5BB7ADFBE1F46CACFDF5ECBD97E94A8B8FEC066D93676ECD8BFD31FB8E6D0A6CFE6A250D0B5D96CCB18E5B96ED0EDBDEE1392D78F2A757BEF74044BCA8E4B65E7EAEBAD93A40000107E11B0FEB7A7AF75E63EEDF0B9657E4CC6FFDA5A3501477F3E9F0244B18AEB0F6C2EA7676565ED3421388112AA315E2D127E175024B5DF89942EB2E38B1BADD6406595951E2DBBBEBA4E527E1C482D300080F08BC0F4CB96A1567FAEF2D2C71CD8761905885215D31F38DA04A8850909095F9A10DC5FD7A13638708587877FE37D3D2C2C6C29A552FB1DDC3648F2B21B94FB711A7A0FEFBAC86A4D04A07CD81702D5239822A85B229AEEA310E077DA1FD85C5C306EDCB88926083F61FE1E6842F0D7E6FA8AACACAC21E672A409C904AB00A3A33A2724246C377F5A5580D9D9D983CD059F532D57BFC94109AD9F56E1C7DBED791422500E53A64CB9322323E343F68500E1177ED6A15F2285802AA3FD81C78C19F36E5050D0DDE6EA0C138487B46CD932FFF0E1C36F8D1F3F7EE01B6FBC9144290596B0B0B027F3F2F25EEAD4A9D3D16DDBB669ADFDE5898989EB2899DAAB5D9F0F2804A08ADC7AEBAD034E9D3AB5B85FBF7EFBBEF9E61BB6B14015A3D93300BFD2FEC076BB5D037076AF5EBD1CFFF77FFF1774E79D778698BBBE646AA4C072FDF5D75F652E5EB8E9A69BEC3367CE6C3E71E2C41F6D36DB923163C674A47400A0F2DBD893274FAE3497A1D3A74F6FCB361620FC02A865C68D1BD7D5ECDC574E9E3C39E8FEFBEFB7C7C4C4C8F9E79F1F7AE38D37DA8383833F0C906991A2CD72B3D7F53E66D18391D812166D163CA294E7FBB37B3D5523FA75DD70C30D839C4EE73B7A6262D0A041D66D575F7DF58523468C38683EA765E6E02CC6CF6F41CB3BA294FBC3CD52DAC99211EEE750B46A02C036D6B7DBD8616689611B8B9A8E2F2F00BFD1601B1616B6FCB7BFFD6D8361C38615DADE5C76D965F5F572DEBC796BCC7A0312131393FDF436347CEA88D359EEEB47DDE1F562B3FCC36BBDEDEE9D7F963BFCEAE537253CA7DEAFC39F2F2D7260A09D1F7B9A25CCFD9A3A8A501B718DA2BC32503FA7A953A70E77381CEF4F9B362D342E2EAED07D93264DEA939A9ABA69CD9A351F9B83B34BB426DF4F6F430FBAF4C53F29E17E3DE8D22346EFE68157BB4F5C84BBEF8F777F8EFAD92E28B22E00D4E56DEC40B374F1C1367617DB58107EFD68C284096DF2F2F246394365B8DD61EFED74389BDB9C52CF29CE6CB1D90E8BC3B9DE66B37D15141494A823CDF2910281137CC3C3C3BFBAF2CA2B9B5F73CD35C56E6B3400676565D9162E5CB8DAAC3FD04F0158E7A9FD77D14D8B591E39CB8E3BC51D66BDDF7BAC3BCCEAB6E66491F597793DF70C77E8BED12C37B80F1C3C8F0B28D75D77DD15D9D9D91FDC76DB6D21F1F1C59FF4BFE38E3B7AA5A5A56DDBB265CBC2C18307FFC63D27B0AFA5B8CB696531272F86B94F44149D8B6789FBF215B3DCE9FEFB51F7DF7AF2426B3932F83502601B6BD9C136B6EEF064289393F4A4461FF7098C08F76797E2743A93EA62860AD8F03B6EDCB851B9F5E4816C5B7EA7B4B636C7F18ED2E454B45372CC47E60815B1E7D8C282B3A46D83149B2D6ABBB363E33DF9D3CDC1F34EF321CED54176F8CA03D547A77030BFC515975F7E79F33163C694BA9D31E1B85E46464683F7DF7FFF6BF31BBEC88F35C01EDAF46B94B8CE5A9F4DB43B3C7B24BB9758AFDB34B00D96D335CBABC455FBAB6177B9FB3E3DA0686D9687DC813A20B8075E795F0FCAFAF6ED5BEABA3366CCE876CF3DF734303BCB17CCC1D92D7E3C381B5CCC6D478BECAF8A96F97A71D548E867FBB659FABBFFEE61967B02A9CC01D41D6C63515D19CA5CFC213F3F5F67DA082F6615BD2DD6DCA7C732A3CC7A4F98E3AF95752543055C9F5FAD2D1AFDFB84B5D98D9CF37F1EEE8C4FBA491AEFBE529A1CEF6C7E8151AEE0ABF432A79188B9BDCD4FBFB2F5DC70BBB4FEE96A89C90D73FE45E71465F000A0FA826F5050D0DA0B2FBCB0F5B5D75E5BA6136C66BDC8A14387D6338FFBBA0AFA3DCD34CB3C719DADD66660A5F5DD4D76AF13EB5E46BB6FCFF25A47FFD6E6CF91EEB0EC397B9AE70EC07F348B0EB3FE60201D20686D8439285BF1FBDFFF3EF46C0765CA7C36F2F0C30FB76BD2A4C99531313133FDF8D6561639B9D0D15DA679C5947984FB4443869CAE59D7F57E2DAE9AF83B392803C036B6609FC436B616D30C65968F9D4EE762B30C7387DC329F14318F79BD2E64A8800ABF63AE4BB82E3F4CB61E8C97F81F6E9006273A94EF1D9A20DC35E956E97430DE1916141CB45AE718E5A70054E16F78CC98089BCDB6E6BCF3CE8BBDE9A69B4274675E5637DC7043E38B2EBAA8416868E867E6B71BEDA7B7A80351BD28AEA65F6AB57BE7F0829C393095A739D750F7C1822EE7BA77FE29C53C77A4FBE0A0A8A2B5C7D5EEFAEBAF1F6A3E27AD8D081D387060991F57BF7E7D79F4D1475B3568D0E00F660779B31FDFE25572BA965D6B164A3A8912EDBECFB3AEA7F95D57F77500601BEB72946D6CED3576EC581D67E43BF13AA11FE4744ADCC18332F5BBEFE4F18F3F9697162F9685898932F79D77E4A98F3E92DBD7AC917EFBF649487EBEF7530D34C76E1B6B73860A98F07BCDF484C98E3079F9C7DF4ABD43F1E67D55E29DFD72A9ED82EDA93265A90000200049444154E3E494C3EE7CCC7C7853F84900FE3779F2E4F0A64D9BAE888B8BEB74F3CD37879627F87AFCE10F7F6878E18517B6B4DBED2B3448FBF82DDEE7DE59AF2E1246DF35CB5766F9A0989D7ED133DA87A4F4B3DC495E41596B7BE7896B709080613E9BCBCCC5C7B7DF7E7B996A23CE48F891915A3BD1243838F86977D32A7FC8F03AD83A21856BDA8B4AF15AB7E8011A00B08D75C9621B5B6B83EFD5369BED75F7718B157AAFDEBE5DFEBE6489DCB76A950CF9E927697BE28434CCCE769D64C9C9915669693260EF5E99FED557F2EC071F58EBEBE3DC22B416B8B666A88008BFBFBE75ECADA119F2D2B604093DD9D247474E3112BB79B20499003C8B1A60C0FFC1B75EBD7A2BDAB56BD777DAB469C11509BE1E77DC7147D35EBD7AB5090F0F5FA2CFEB83B7A767ADA78BAB0957497D59F4F675253C569B610F762FEDA5E466447A30D0D5BDDE6C710D20A27FAF0F94CF69CA9429579E3A756AE9D4A9534B1C78A52C74BA2A737056CF1C9CBDA63B5D3FBCD5A2655E123D89A135EEB166D1ED7C7FF76376F1AB04C036D667DB586D067B17DBD8800CBE0926F82E761FAF58A1F6D1A54B65425292343B79B26C275CB2B2ACF5F5711A923D4C009E531B3354B587DFB1D78F3D37F494ED995DD74888F6E1F5A5ECC612B363ACE43AC5F9A4CE35CA4F04F08F060D1A7CD2BA75EB0BEFBEFB6EBB09AD957E3EF33C91BD7BF7EE999B9BFB910F02B09E097D595CB5B2A5B9B398DBB4F65947855EE95E1E91E29B87E96D59EE838864B32C92D3CDA597B8C370B56E83B436C294E7BB77DC7147C88001032AFD7CEDDBB7D7CFA97E4848C822B3F3EDEFE3B7FB8F22657EB484F552DC65AE07685AA3DF4F5CB5ED7F135713F736FC3A01B08DADF436F6A87BBF76BED736F609393DB73AAA81F6F135C1F739CF714997234764D6F2E585026C79E8E3F4F1BD0E1DF20EC02FD4B60C55EDA33D6747D83E3BDA43427C55E35B94D6001F8E93E5CD939C73CCD54BF8A900BE357DFAF48FEAD5AB37F0CE3BEFB49B9DB4A4A6A6CA2DB7DC72C67ACF3EFBAC346BD6ACE07A6666A6DC78E38D67ACF7FCF3CF4B54549498E76BFAF0C30FF7DCB973E71B83070FBEB612235FA694B0ED2BCBF6CF13AA3CF400C033884486D773E9D40F3AB273B63B046B007E4A5C67CC07BBFF5E689691D5F11969FFB353A74E7DACB511DA0CAFA4CFE8EF7FFFBB55E350A8004A58573FA7DEBD7B07DD75D75D614F3EF9E452B373ECBF70E1C2ED3E7ACB4B8B947947F789086FB789ABFF75B67B9D24393DD8587FF7090F2DF321FC4A01B08DF5C9367697D736F629B6B1D5CB04DF39269C5A4D9DB5C6F7AED5AB0B9A3657943689D6A6D0B3860E957D8D1BEB4DDA04BA5665A86AADF9BDEA9EB1B738C584D3F3FCFB3A7B2F93A1F941124DF367C0B76EBDF5D6C526F00E9F3163865D07EA50DA5FE957BFFA55A1F57467FFDFFFFEB7D06D8B172F2E74106036E23272E4482BF82A6D3A7DEFBDF7366BD5AAD5A566996B02B02F4FD6459C25FCE649F18354E96D9BC53582F312AFDB757A231DF952FBF9EA2025B3DC070ED3DD070FFAB831D5F119E988A366C7F5914EB5E1A98DD0CF68FAF4E9D2B061C342EBFEEB5FFF3AE3F173E6CCB13E1B8FC666673869D2A482CFA94F9F3E4137DE7863B8F91E7CA667A12BF156634A2973BDEFEF450ED8B2DC9F81DE36CD5DE613DD97B1EE931E63F89502601BEBB36DECCD6C630383F607778FE86CF5D5D5C05AD9E0EB1D8075302CAF3EC0036B5386AAD6F01B9C6D7F70FF25627304F9FFB5F60C771E365F926935ED03321BBA3FEB17DCC707FE40A599C03BDF04DE5F3DF8E083414577F0D75E7BAD36852EB89E9292223B76EC90AD5BB75AD7F7EDDB27DF7CF38D75BB87AEAF8FF3A64DA81F79E491A62D5AB418E9E300FC4C919D7C51DA07F8DD12EED333DF179965BB57505EE2BEDCEE3E30F05E96B9D7ABF201426EB8E1867EC1C1C1EFFFF18F7F0C2DDAFFAC5FBF7ED2BC7973D1DA7A8FBD7BF7CA8A152B0AAEAF5DBBD6FACC9CA77780D641DDB061C30A3DD7902143C27EFDEB5F475772A4EEC452CA5C3FAB0BCCF28DD76D2FBBCB5C6F7BB04899FFDBBDCE517EA900D8C6B28DAD85FEE0F963A439BEAA6853E792E8F3E920581E3531439524A8BA5E78E833132E083FE8B873EF10B189CDFFAF77AA99AD7DAB6F6DCE9E3D7ABEBB79F3E6D49AF201F5ECD9536B94124C30B8A357AF5E3DCD72AA5BB76E296663995396C74F9A346956870EAFB3890810BB774F92D75F7FFDA1AA3E8162BE3751D1D1D1BB9293931DBE78CE993367BE9A9A9A3AF1FEFBEFB73769D2E48CFBED76BBD55FE9EBAFBF2ED8A9EB6D3B77EEB476EADA043A2D2D4DB2B25C034C868585594DA03B74E870E6462A28482EB9E492065F7CF1457B7390D1CAFC7E3FAE8DDF0DF33939CDEF7D568F1E3DA657E4B75E940EBC929F9FFFA929D7503D082B8E36CFFBECB3CF242FCFD5A2DCAC6F1D885D7EF9E5D6F5471F7D5432324E67763DC93163C60CAB66A228F35E830F1F3E1C9E929232B24F9F3EAF25252531F7A39FBF2B669962965666396E7E1707CAFAF8EADA2F2C58A0B55A7A705FB6F5BFFA4A44CF9775F4EA55E870682B91E2D77FE925915EBD749B51F273EA3AF5EA89680F8CA4246D95E2BA7DCF9EB2BFAFDAB05FA8A3BF1B9FEE0BD9C6C247DBF28966E96E964365DD8E4F9830A18DC3E1D093F876AD9DBDC31C6BD5CBCDF5F9FB6B6302F0A79D3A89C36ED595B633EFF1D59A94A14A526DB58941C7F3EF4A8B35B1B70AEB9ED35B3B7735DC2BA3CD9F4FD6B40FCA66B3E96E79A20912134D18386A7E304BCC6D8B4C6858396FDEBCAC40788F070F8AECDF2F72C105856FD76DFEF1E3AE838DF2C83187FCA1A1251FC04C9E5CF2FD9E75747ABDEEDD5D07397DFA9C3EC869DFBE4E6D5F676B006DD1A245A6FB7BF38AD911AF7EF3CD372B54136982EF7FCC0EF8BA871E7AC8D6AC940F352E2E4EDAB66D2BE620C3BAAE3B78DDA1BFF8E28B72F4E851F39D385EB0AE367FBEF8E28B4B7C2E6D526D5E2FD21C144C1C3B76EC8E458B16FDB3B67E58BEF8AD4F9D3A75787676B635F04A69536D680DC355575D25EFBFFFBEF9BDB93276AED981BEFCF2CBD6DF27BD468A0C353FB62143869CD15FCDDBB469D3EAA7A7A777DBBE7DFBC2C183078FA9443F6D94F1D8C42C77EB62BE275A039368B7DBE7BEF1C61B4981F8665F37793B36B6E4EDEF92257A92ECF475733C571078956E4A962E1579EB2DD7B67FDF3E31DB98D3EB6B6393EFBE13F1DE94145DE7871F44C68F77FD7DFBED22CB97BB9E4B6FFBF2CBC2AF8FDAB92F34DBB034F37B79DF6C571754745FC836163ED4D1BDDC6CBE97DA1C4E6BE717A5A4A4AC2EE9F335DFDB51E6FB6B65389DC7372A33D32F6F4C4781EE7BE080AC3DBD11AD91192A60C26FE8491970A853D5BEE6FFBA38C31BEEB50DAAE11F9CFE10B4C9CB64B3119F9C959595617E2C6F991FC17B070F1E5C529D1BC2D75E13D18ABBF3CF771DE4346DEA3A9098374FE4B2CB742444F7E7F03F918D1B5D7FEBEF55AFAF5F2F72E595223FFEE83A384A4FD7E641220F3C50FC010C0739150A55DA29F75AF3BDB9D61C20A79BEFCD073A2F5C7942D5D34F3FFDE88E1D3B26FFE52F7F2935F87ADC7BEFBDF2C73FFEB160A76FBEA3859A3A2BADF5350710677D2E7DBDC71F7F3CF2BEFBEE7BC8BCF7BCC4C4C47FD7F28F2CBF22BF751D71D41C947D70CB2DB78494658EC9DFFDEE77F2EDB7DF5ACDF1DC3B55494A4AB26A2872BDCE246BFFB3A2CDD28B73DB6DB7D59B3973E6889090907F99F73895E39A2A91EBFEAEDCE670386E33DF93FDE63BB3540FEECDEF6465A0BCC91D3B5C27424B72F5D5AEEDF8EEDDAEEDB367E078ED55A12751BB75D371064EAFFFC61B223D7A9CDE96EB00A55A61F6D147AEEB2B57BAF6436633643D5E1B9AE8577AD72E91A34745DAB4397D02B55D3B826F1DA2738B784E301E7307E1329F60641B0B3F1DA339CC7752CF7CE8D1F2CD313131FBC78E1DBBD4DCB6E8F0E1C32BBDF7F966DD419EBF2FD48DA61FE9F37B85DF9A9EA1AA39FCA6498BCC6655FB9AE9AD6D7A96BC7D2DFACCF47C7884E7E0D8FC508E8E1B374EFB17BE5AD535C29A6DB4E6570F323EFD549B6498371AECAA658D8E3E1D7C951E8CE841CC071F888C19E33AB059B3C6157E35085FE21E4FCE7300C3418E5F36B2DA4977BCF9DE8C37A12ACBECFCDF31B7BD595AA87AE8A187666DDDBAF5DE193366D85AB56A55A6D7F1F45DFAF8E38FADE6CFE6C0DC1AD8C3D3143AD87C49B4C6B7ACCFA707078F3CF248D43DF7DCF398F9AEE72D5CB8F0E55AFC317937DE7496E5B76E6E1B919999F9DEADB7DE5A6233BC120EA6B4465F4E9D3A655DF75C7A68CDFB4D37DD246599BF59FB699BE70ABFEFBEFBAE378F393A67CE9CFB39ACF1BB9022FB8536E67736C55C4E71D7085B41D8FC5E9656E79BF4B4022A8D9ED454C387BB5A12A9F3CE736DE3F5FA90216706660FBD5FB7EFBD7BBBAE77EDEA3A21AB749FA0E7DDB416597B6AE8ED73E7BADE8F57974CD1B1FA5E7DD5B50EEA8428397D82F1A4F9BDBC59DA0946B6B1F017F31D2C7A646A6DC77569D1A245AABB15D802DDE79BEF6A1FCF4A1D8E1DF3EBFB8A4D2DD4CAB94F6D28EB6A0BBFC1A72424B741151F49E64B23F3E56A68BE40B36AC96FC5EEF5A3719A1F45B4B948305713B42FE5D8B163771D3972A44ADEC87FFEA3CD615D0712FFFEB7ABF6372C4CE4FEFB5D07277AD013ECF56D6BDDDA75C0A1EB6828D5F0AC41F6FBEF4B6ECA5CD30F720E1C68241B366C10AFEF9F5681667905D2BCFCFCFC14BBDD9E5724A8A698CFB5D0890CB3DED18A365B2E6E5FEA09C2DA1CCCECDC3FD18FD43B54BDF0C20B33D7AF5FFF170DBEC5F5CB2DCDF8F1E365F5EAD5561F5FF777B5E0BE7AF5EAE94899E57A3EAD013641BCF19FFFFCE77F98B24C4D4C4C7C2B507E9063C68C8931072FE1A5ECDC62CCE75991798B6D67FBAD9B0322EDFFF3F73BEFBC33449B9C9787364FBFE28A2BE4830F3EB06A230A6DABCD0F574730EDAEFD07CA480FE466CD9A157AEFBDF7DE3565CA945F5E7EF9E5E76BFB818BCE476D3E8B98321EE494F97B5081EF8CBD4810D61A61AB96CBFC5EF4F9AA6CBFE04DB7F1DA25A62C63B26CD9E2AAF5758F8F679DE8D47D43D1AFB59EEC9C3DDBB5BF51BABE9E6CD5FD833691D6D79A31C3755F4484ABEFB0EE73F444A9AEA3FB8455AB5CAD8D943ED7830F566DF03D72A441D1FDC219E70CDCFB800AB5EA2A6EFFE1ABC7986D4596D90FA5D4A29F7103397D82F198D9177E2A5E27184DE01D70F2E4C9F7D9C6D62C67DB2FFB611BECFDD808DD5F57F67FF0EE0EE51E2BA5A0CF7A64967FEBB98A3C7F746DF84E545BF8B5E78ACD115AB5AF19B94B9AB887939F59DB7EDC36DB994380989B3A6A539B71E3FCFBDADA2F4B83AB1E30E881C40B2FB802E8B3CF8AFCF39FAE103A6D9A880E5EA8EF45AF6B18D69AD903075C4DDC34F07A6A7E3D831C7AD7FCD686839C356BDAC946577BEF99256C24AD41A18ABBFD8C133941417AB054F4E64261DAADBC2331EA09229DBA608C275475EDDA7585F91E4D313BFC72075FCF7BD5C1AC9E79E69942FF8B7E65478F1E6D9DC52E2F1D4CCB84DFB0871F7E78AE7BB8FF5D450E604ADB40C7B8037F49DBC436A5ECC822DD3BA18AFE4EFDF65BCFC9C9796EDAB469B6F21E9479E867F1F9E79F179CA4F0D07E68E32AB011D15A7AF319853EF4D043FF983061C2A5E6806F5B29AB379533E7982CAB880AEC904BFB0E5468DDAC721C8094E77B50C9EF8CBDBAF60B452D5BE66ABDA3DB7E6DB9D3A2450967E2C25D35BD45E9C94E7D5C51DABA47B7E54A5B1F698DB1EE03B46B8B7BB88102FA785D7FFE7C1DF4CBB5FD1F35CA7372D27592D43D635B9559B5EA9C52F70B25ED03CA71F0EDB7C794B01F2AF12722C5CFB9EEEBC7F8EAF151DE2718CD36F0A009BECD6EB8E18660B6B1E5569EEDAD3F1E5FD97D6EB53CB6ACDB765F4D6F54E289969C42636E56DBE7502BC2AF065F7B8EEBB2AAA47672E6B75C235A6BF2480DFA8C6656E247B73B3E3EBE83BFDFE04517B90620D1831BADC4D34A055D1EF21ABB520F2AA64F77855FCD773A68891E846873643D00294BCD6F4D3FC8193060AF09FAD7E9818EA7645A14D990049BCF2CC6EC7083CBB0E18F2E6647565CAD536C2537FA1D77ECD8D151E7DFEDA5C3A85690D6F06AB0F73EE3ADD72B127C3DBA74E912141D1DED4849499910403BC1E24E4094E7FEC1157D6FE6802C77D0A04115DEA2EA816C70F099BB043D30B357B09F809EA468D3A68D7DE7CE9DD74AED579E03EDB37D0FBCBF73C5D5C24DAEC4FBFCD9EC17CEA9EAC2D1FD837687D1B17C74AAD3874A18DB584F827A788EB9F4367DBC6EF7172E9442C15DC3B4E744E9A64DAE6DBD6E56F46FEFDE14BA9FD0D7D5FB274E3C73FBAFEB56F53E410D1AF473D1FDC2193F4D77CD53458FD72A121CCAFA98F012F63B25AD5B91FD51D740F8719BCFA0A5D98F39CC36B6C2CFC136B6DA94797BEB87C76B0BBDD22A212ABA2D777802707A58985F037066E183F2ACDAF085A8B6F09B57CF961B72D219925D85E1373FC476C41CBBEA4039B36ACA0794909050E6F06B36CE27CC0EF233779F80A5DA4CE7F7BFFFBDB32ADEA79EB8D6DF8727C86A28D5913BF56F3D10F9FC7357FF5E0F6D72AC0179F060D7BA5A33EB5DF3ABFD808B9EE5AFE90739AD5AA559D31EDC7BEFBD7EF9FE95D0B44743F27765FCFEE4153DC0D2132826B0BEF2C5175F3C60C2667879FA3815FCEE4CE09D3B77EE194DBDF4FA7FFFFB5FB9F0C20B2B1482972D5B9674E8D0A158FDBE17A9F92D7567535A933E6D7A6EEEDB5FE2D15B7878AAF95DA5FAF1F7EE2CE367956EDEEB279EDF7A6666E6C04D9B36BDB57CF972E7D0A143C32AF2DADEA39116792DEBBEB20CC452D40F3FFC90BF7BF7EE1CF33EDF29F219157D8DA3669D8A36E33FDBC145B9BE03C57CE6298132A2BED7F7A4CC074CE6FFCC70EF175EF3EC176EBCF1466755BE5FDDBE6B0B1F4FCB1DDDCEEBE0869D3B9F5E47C787F0EC473C742044573870DDA7CFA323F8EBBEC333DE9E66094F60F63E29AAFB10EF93A23A96842EB7DD56FA7BF57EEEAAD0ACD949BFEE17024579BA0578FD4EC3DD03005548318F7FA52CA1C23CC651CCBEF0607A7A7A23B38D0D661B5BEECFA1DC4DEF037D1B5CD5DB72F776FC43B3CC73F7F93547BED608D1926A8E9FFC197E530B1F9FD58A799DAB2DFC9E8A74A6D73F2251D955D8ECB4C1014937173B6AD96F47C7C9D7794F17D5AB576F993F0FCC4BDC533844FEF427D741C7D8B1A7FBE12A3D43AF67EABDCFE6177DAC0E70A28FD57D82065CBDD44111F500C97BF4E69A7E90E36F25F4BD4A2EAD599AD9A0E69B8D69907B07156CAEA79ACB65DE27505C9FE3B895CF3FFFFCE72664850C293AE2CC592C5DBA54D275F8EE62E881C0E2C58BCBDDE46BE5CA951BFFF39FFFB433017A8C09D0CBA46E38653E9F8FCC679358CC6F7DD9F8F1E3079BDB961D3F7E3C7FF4E8D1E53ABD73E0C001F9E4934F0ACD37E971E2C409ABA95E7C7CBC94A7D9BB1E943DFEF8E359797979098B162D5A22A84A599ED19EAB6BBFE0EDBEFB449EF41A1F545BF05C7595C8871F9E6EFEACD31FE9A20326366FEE3A79E919F04A9B4B6BD716DD37785AF0786837C9E24E8A6AD8EE5A863A433DC9EABDFF58BBB6F0F812F00DF7BE24B9020FDDEEC3A05152F8D55A343D3BABA382D8CDEFC65EDCBED06C63FBB08D45153A61BE87EFD8EDF6FFA6A4A42CF31E80CD7C97933CE177775494B42DCB600A15945C7802F4A4DA50B0D5167EB31BC9DA467B65E4F1CE55F79A4D77880E89B6AA9604DE37CDF2617878F892EA3E23A6AD753C530769785DB1E2CC11390B071ED7C1CA175FB81EA34DE13400EB74773A15861EBC68A82DDA1F97831CDF9CAB301BD35CB3430F73075E0DBEBA375E5ADA0994850B17AE363BFE0BE7CF9FFF95099CF587793A669F456A6AAABCF3CE3B92E935079DF768CF1A8A972F5F6E8D08DDAC8C6722962C59B2E98D37DE68679E638409BEEB6A7BE0358B0EE8F5FED97EEB3AB7EB840913FAFCFFF6EE054ECAB25E1CF833CBB280DC4D10149410CD0B266A16652919869965990AA6099A5D4EF6EF74B1D3D18E8065A5A5951DB534533C6A426A69997921AF685E4251F196860822A82057615960E7FF3C3BEFEAB0EE72D15D7676F6FBFD7C7E9F77E79D9965F8CDECFBBEBF796E7FF9CB5FEE7BFDF5D7F3C71D775CD74D993934492DF3C51765E979F5B373D7BD8855ABEAD6A5FCF18F7FBC49BF6FC68C19EBCE3DF7DCD52ECAB66CC11BFFB6FE10DFB7BF94C279A15EEADE9CD6641F32E4CD7DA9E04D1FA578AD1F264E2C7C69DA2D1BC491BED44C1FBB746E48C7F83449612A8A53EB6F6DED5B7F7F9A0FA25EF197A20DA556E3F411AF9F6437FDAED49A7CCD35852F4AEBBF9F4B05776A71AE6FA5A66CADC95A78D3B9B0228B0D9E0B1D63D9021667D7F757C7E3F8FD4D1DC7E367E7AEF8D94D6BEE8607070E0C073EFF7C8BBDA0078B5BA1CAA3866ABDE277C5A08ACB06DC55FB89377BADB7BCEE2F8681D985649B93BA34C7CD1D151515F5330F2E2995D796BAAFFDE84721F4EF9FC6B536DDCA9BD6DD4DADC2E9222315B9975DF6E69243F5EBF5A60235B5DAA689AAD2E35DE434FF7715D9C97E45F6B7B0C95FA0A413FF983163F68805E7F458006F9D66AEDC988B2FBE38AC2EEA8ED3B367CF343635E67D7A783D7DDB110A13055D78E18575CB406C4C2CA49FB8F6DA6B7BC413FEF06BAEB9E6B9327D8F5E8F7FEFE96FFD779BFBB77ED55557BD386EDCB8F7DE7EFBED772F5EBCF8DD279F7C72B78EC5539C37FE6542FCBB7B79BDEE78BBEDB65BDD97144F3CF144DDC559BA2FB54E5C77DD75756B566EC8BFFFFDEF9A73CE39674D7CDE91F1A2ECE6404B9E175664E7854B4BEDBC908EE5F7DE5B38E6A6E37943E9F89DD686BFFFFEC2E487EB5D1FAC281CAFC78F0FE1965B0AFBD2F965A3D5CC9AC271BDB12F43EB27644CE7ABFAF3466A8DAEFF0234AD1F9CE682481325A6C9B5287B1DB3391C36EB5CE8184B0B98172335ED5CBC60C182194D2D37B95EF15659797DBC0EFB45FAF1D178707C6DABADC2D6458D0CCD2575797E78FDA528AF2D8784B75AF1FBE0B1BFBFA6EF296356F59C1DBA2C1DDCF2FF5ECFE7F3AFE56AC2F393274F99DDC6DEA3D3E30172763C285F5BAA631ED2B8AD54B7D4F7D6B9FEFA4217E554D8A671BEF5ADB5A9D649DFF8A7A82F6453D7E63436B8BED12F75614E2DB249EAC59196B8D871471739CD74A19C2E8CEF7C275FA04C9E3C3975A3DE3715C0F120DDEBB8E38EAB68EA9BEF59B36685279F7C72BDB1BE696CEF49279D145E78E185378ADF74FFBC79F3C2A38F3E1A36348BE6E5975FFEEC2DB7DC9296F839AC5C0BDFF8B7FE85F8DEBCA3BFF5F4BE1E75D4511F9A3163C63513264CF8F0A9A79EDAAD7BFAC36AECC4B664495DB7F445E90F3113FFFDF08D6F7C23A40BBAAF7EF5AB6F7C79F1DA6BAFD5B5D21F70C0014DB6D2A76E783FFBD9CFD2925D5F8F9F151765EDF8BC908EF3471CB1E1C7A41E428DF512EAD123842F7E3184134ED8BC35D94F3CB1E9091393D465BAB8DB7471CF9FA6BEB4C5B9D0319616F4D1782D356D530ADE865FC2A4E168F1B33C725D2E17FE162FC48F9DD1FC3D926F7ECF7BC29A37AFF1A6A56B40C5EF3BB4AA4FEEFC01D3F2DF5D3A28B478EBEFA05B72CB2A72B9DFB4B537287ED0CE6C0BAFB378984AC331591B925A04C68EDDFC7FCF454EEB5D28D717C0F7DC73CF7D2B57AEDCF6CB5FFE72A305F079E79DB75EAB6F5A96213EB6EE847FF2C927871FFCE0076F74034BDD9F2FBAE8A2BAE734F62D7A56F856C503FDF07239F836E6EAABAFBEB2397E4FB606F427C68E1D7BE9F8F1E3C79C76DA695D1ABB98BAE0820BC2DAB56F9E73D38CA39FFDEC6743FD85DCF1C71F1F2EBDF4D237BEC048AD13E93D3AF3CC331BBB28ABF9E94F7FBA46373CE785E6B2B913E05655F96CB065CE858EB134D3B1FCCE77F0F4B4B673DD18B4BFC522F580E79F6FD6B1BF737BF60C3716B530C5BF9D8BCAE6DCD29AFFF8DFBF77F57FD556E696F77BB865FF9D7E0F85F9952BF3F3E6CF9F3FD99F5A797091B37917CAA9A86ACE16A25480C693F5EE3366CC78EEE28B2FAE6D3893F3D4A953D7FBA63B2D759426F2D83D0DDC0E6922B38161F8F0E161ABA269B7D398A7BFA619701AF8F5AF7FFD7C2C7C5327F6F79573E1DB122EBFFCF213972C59724EBC385B95265C29F6CF7FFE33BCF2CA2B755DEDEAF5EDDB371C7EF8E16FDC3EE8A083EA96D2A8975AEBD3FB74471AD85F24B5DAA7D6081765407B3A173AC6D25AE267F9FAB8A92B9E53EBEF2FF7DFBF6ED9A3E6909637FADF0F7DA8EEF766A695530D55D1DA2F60C990FC67B7FD67C8779DDF32BFBFEBAB61DD80FB725515B98A9336B75B01D0B4D4F5ABA6A666AF7852FED7AF7EF5AB756BB2817BA99B57C3A58DD2C9FCD863D75F8E37CDF05C3C11561AFB1B4FEA755DBFEAC5C27ADEB469D35E8D27FCFDE3817EA1ACBFADF7697C7C6FBE75FAE9A7AF79F6D967DF788FCE3DF7DCBA0BB362A92B5E43DF4C0B7417491778692C77FDFB9475C37B3DBEDF9F73510638C63AC6B2C59C10B2E5875EEAD1239CFBE10FBFE3023815BEA9904E2DBF99B4CCD297CAA986CA95C28BF8E8D9A32FE9FDEFDC179F3E3A849A1ECDF77BAB9685B0C715E1B5CA9ADC7F365777C2B6E6B6DB6ECB8F1C79B0C34389983AF5B670F0C107E7CAE9FF74D4514775EBDDBBF7D4810307EEFBBDEF7DAF7263937F6C8A5438C7827AC1C30F3FFC746565E5674B69229FB66AECD8B19F4CCB267CFBDBDFAEDAD0D8EACD513FE368BCF01BEDA2CC7901E705C758C758B6ACD1A3478F89C5E915211BCABADDB265E19BF7DEFBB6BA40A78237B5F81615BE757391945B0D55510A2FE28EEF4D3969F1CEE18FBBFE2184E66A01DEEAD51076BF322CADA8CEFFACBD16BEB025A4B14F35353523E6CD9BF7E0D9679FBD36B5E0BE13E9F93FF9C94F166585EF2714BECDE3F2CB2FFF6BBC30FBF479E79D5793BAE3BD53A935225D94698D00708CA575C4CF46EA8EFCA518752DB3A905F8D4430E09570D1B56375BF3A6488F9BBCD75E75CF2B2E7CE3E7F9D472ACA12A4AE585DCF1DDC99F5B3C285CB0F39FF2F97EE99851FBF67FD7B6D3F3AB77BD3A2CADAC0EDF8C1F8AB3FC6940CB4A63A8A28FCD9933E7D61FFEF087356FB7004E5DA7274C98B0F8A9A79EBA2F2B7CAB65B7F95C71C515B7AC5EBDFA03E79F7FFEAA342EFBED9A3163469A78A53AB546C413A31947011C63692593274F9E140BD52F643399D78DD54D93557DFDF0C3C3CF0E3820DCF5EE77D715B5F55DA253D7E65424DFB7C30E752DBDDF3AECB070C36EBB158FF14D13BA9D50AE355487527A31B3FF3EF3A6FEA387DED4734EC5117D6784AD6A7A86B0BAD7A63FBFFB0B21EC724358DAEBD9DC5395EB729F8C1F86A9EDFD0FE2F8E38F9F3878F0158E0C2562D6ACE3D3C9F18C72FCBFC593F5DA871F7EF8F7BBEFBEFB5EF7DE7BEF90EC506EF400002000494441540F7EF0831D3A6DC6D89334FE77FCF8F1CB162C58F0D779F3E61D73FDF5D7D7F8C434BFC71F7F7CC12EBBEC32E5B9E79E1B5B5353D3B97E12B24D958D3FAB496B4CC663EC4D32EABC80F3028EB1B4AE279E7862E69E7BEE392597CB0D8D37EBD660C9C762767EF7EEE19F030684DB76DE39FC2516B8D70D1D1AFE1CB7B7C6DB0F0E1C585714AF5D7F6AFD69F1777CAA9C6BA80EA5F6829EFFFB132F3D73FFCC9FEE386AE8BADEB3727B6FF740E8D2F9B5102AF2E94D8CD1A11015F1B2B8E3EB21749B1F429FC74278F7ADB9EADE4F87673A2D0FE35F7969C17FDE78E38DAFF8537091E32267CB9B3E7DFA35F100BCD71D77DCB1CB7EFBED57D1B56BD78D3EE7D5575F0DA79F7EFACA254B96DC3267CE9CE34C4ED7B29E7CF2C9D776DA69A749AFBCF2CAF1F3E6CDEB3A6CD8B0BA253836E1A2AC265E94D52DB5E1A2CC7901E7051C63291D3367CE5C12E38AA143873E110BD8ADE3AE1DC2A6F7F29D1663C282050BBE53EE355487527D61FFBE7BE6DDFFBA7FE6D9DB7F7EE89FAB96E7BAF4981DBAF69B1EAAB6BB3F546E7F5FC8F5FB6758B7CDCCB0B2E7DC30B3CBA27059D5F270E235574EFE717CD367CC9E3DBBD69F808B1C1739AD5B00EFB3CF3E43EEBEFBEEDDF7DD77DF0EDDBA756BF2B1698DDFF1E3C7BFBE78F1E23FCE9D3BF70B0ADF2D7671B6628F3DF6B864E9D2A5C73CFDF4D3BDE2FB152A2B2B37F0D99DB5EECC33CFACB1D486F302CE0B38C652D245F093A908DE6BAFBD2E8B37E7864237E6B4B6641AD09BFA36E763CC8B71778CDFC6F8CAE4C9937FD15E6AA8CA527F8153BF33F991B819EBA30C6DCB45175D34F66B5FFBDAE33FF8C10FCE8CC56DA77EFDFABDE531A9C577E2C4892B63017CD6BC79F3CE52F86E596932B11123460CE9DAB5EB5D13264CF8E0A9A79E9AEBD5EBAD634DD28CA3E79C734E756D6DED575D940138C652FAAEBAEAAA17E3E69729C68D1BD7B9BABA7A557657AE73E7CE3BB7D779552A7C34809672E185179E1337DFF89FFFF99FB5B366CD5AEFBE175E78219C76DA69AB57AD5A75CA15575C71A6C2B775A4BC9F75D659FB6FB5D556B79C7EFAE9F9050B16AC777FEA86975D941D69E67C00C758DA9E58F80E2FBEBD7AF5EA11ED35178A5FA045FDFAD7BFBEB8B2B2F23F7FF8C31FAE7BF2C927EBF63DF3CC33A9C5775DFCF13B975D76D9AF65A9F5C5F7E31383060DFAC3F8F1E343FD1715D9C42B6B53373C338E0238C6D2668DDDC86DC52F4073B9E8A28B2EECDCB9F371E79E7BEE9AC99327879FFFFCE7AB3B76EC78D225975C7281EC948E534E3965CC5E7BEDF5CB33CF3C337FE59557AEAD5F6A43373C00C758DAB4C38A6FD4D6D61E3262C488C686BF56C5F88CE217E01DFACD6F7E33B94B972EA36FB8E186B470FAD1BFFDED6F27C94AE999366DDA79BD7AF59AF6D7BFFEB53275C3735106D07CBEFEF5AF7F6B9F7DF6B9203BC69EEC184B4B3BE698633E1C37DB14EFCBE572BDFAF6ED3BA29187770F8549B014BFADE40FADFC7CA0195D70C1057FEADCB973EF58F8FE59364AD6B8F9F3E77F246ECFD60D0FA0F9DD7BEFBD8BD2369FCFBF5B366801A94577FBFA3A2F7ECE4637F6A058008F6EF09CFEED2539A5A273F626AD2CDAF7E9461EB755B65DB909BFF3D33EFF505AD2EC97B2D026544B0100B42927C4F84E8CA763BC37C637628C6CA2F83D2CCD021DAFCB8E89377F1AE381188314BF2D2F15B33764AF65758CF7C448DF845D18A35328AC4315B2FDCFC498955D94ED12E393316666F7A735ABBE15E37B31EE89B1B091E7AFF03701000094992131BE1B639FAC56DAB17FFFFED3E27640138FEFF7C20B2FA486C2B362EC1EE3D5187D623CA9F86D5987C4783DBC39B87AFB6CFBB5182716DD0E59515C93FDFCD550F866E384A2FB97173DBEB691E7030000949B0FC4E812E3B237AADB7EFD3658075555559D1437B767856F7DFD54D64AA1F84DDF2EEC9FBD51B7666F405352DFF4A362EC9BBDB9B734B8FF773EF70000403B745F8CAFD4DFD865975DD21C1E4D16C03D7AF4787F4545C58DB5B5B5ED2641A530E155EA933E34C6D4181F8FF154136F52EAAF9E5A7AFF23BBFF449F6F000080BA31BBA9964A3336AFF8FCE73F3F2497CBA59A29DFD4133A74E8D073EBADB7FE58FCB15BB6EBBDE59EA45268F9DD31469AF5EEAA2CEE0A85F1BC69ACEEDA50E87B9E9AE2B78DF1AFF0E618DE3D36E177173F1F0000A01C3D17E3DB31FE1963FAB3CF3EFBC19D76DA29EDCF6DE8497BECB1C7C2BBEEBAEBDFF1C7F9319E50FCB6BCC1311E8CF18F18EF0A8509ADEEC8EE3B37C6FD315E09852ECFA7678FEB9EBDC1AB36F2BB8B9F7F7030E1150000509EAEC862ABC183073F1C1AACEFDB98FEFDFB77E9D1A3C76ECB962D4B75528DE2B7E5A54237B5EAA6599FD73648FA84183FCA7E4EFB77CD0AE4C5E1AD03B21BFB56A3E1F301DA83B474DC37436106C786FBD3FC0A6966FC05D204F08EA416B6F735B23FF5384CF3D9FC4B8A680DA3478F7E6F2E977BCF263E7CA7430F3DF4BD93274FBEB33DE4A694D6F96D6ADDDE8645EBA2CDFCBD8A5EA03D19146376282C7390C6F014F77849B33A9EABF00578470E0C85617AE7155D4B57643FFF38141A756AA589D63265CA94D4F375BD86C13163C64C0C8586C13362A13BB1BDE6A6D2C7A3BC5554D484DADAAABA2DAD2BBD0FA1D0BB015A525AEB3C4D0C3823145A7FEBE747981EE3CA18FD426169B9EBA5AABD9E17D6E4E3F128E7BC502AE785FC3A996873C665C5EFBD59B1FBC16C7F1A3379748C34C3EE41A9C8902A28B173A01494B7AE5D5F58B174E96E125102E2FB302B2B48A0255D17E317A1F0E5665ADCFED42C52F7BCD4E23B3B1466D8A79DDA6AAB798B9C174AC3B2653BAFC8E59C17DAA09F159DCF7F13E3D359FC77B6EF9E5058A50450FCB2852F72662E59E23AB714BCFCF288F48DF09D32410B4ADD9C07C5B820343E0EEDB85098FC42AF9F76AC53A757A63B2F9486575FFDD0DC7C3E77874CB43969FE9961A130696B43695E858141B76750FCD20A57C2DD66FDEEA5973E11F2F90E92D1CA162C3828ADB5769D4CD082C68542B7E6341B7E1AEFD3B9E8BE6159D13B5B9ADAB7AAAAC517BCF4D2A179E785D6377FFE213D9D17DA9C73C29B5F20CE6A70DF901897C4982B4DA0F8A5150C1E7CF52555558B16CD9D7BB864B4A259B38E7B76EDDA2EFF3EF8E083EF970D5AD0F959D17B7528B4FCF62BBAEFE95018E76BDC793B3774E8397FA9AC5C36CF79A175CD9E7DF4AB6BD6747DC679A1CD3925C60BA130DEB7A1F4C5E3D218BD63544915287E6905BD7B3F72C2ECD963F2C678B58E152B06AD7BFEF963B7AEADCD7F5336D80252B7E61342618C6F6A9D189045EA129DC6A9FD362B9069C7AAAA5E3D3A9E176A9D175AEDBC1066CD1A5BB96E5DEE1BB2D166ED9F6DD3529D43B2786F8C3EA130AFC267A40814BFB4829D779EF49701036E3CFB89274E5500B7C205CEF4E9BF581C42C771A3468D9A29236C21D545DB9159F40A856539CE8E71B314B56FFBEC33FE1FDB6E7BF7A9F1BCA0006E85F3C2C30F9FB3249FEF74BCF3429BD5ADC1EDD7632C0F8596DFD4153AADF3FBB23481E29756B2D34EFF77EAB6DBDEFE931933CECCCF99738431C05BC09C399F5DFDE083E72F5DBBB6FB0923478EBC5146D842AE2DBA384B4B1B4DCC228D439B1DE32B31BE2A4DECBAEBF93FDD7AEBE9FF15CF0BB5CE0B5BC6DCB99FA97DE8A1F356AC5BD7659CF3429BF658D171367D81F164280C2D493FA72ED1BBC6384A9AA0F498F1B31D193264D2F767CCD8FE6F0B167CEC0F73E77EAEDF76DBDD94EBD56B66E8D9F329EB003783B45EE3F2E53B85348BEA8B2F1EBEACA6A6C7E36BD776FCEAA851237DB3CF96543FA6775A23F7AD88F1DDF0D6560BDAA9DD763BEFDC071F1C78F74B2F7DFCDA785E18E8BCD092E7854FAF58B3A6FBE36BD674FEB216DFB22B821BB28E3A287E2905C386FD285D106FF7F0C33FFAD8E2C57BFDE7820507BD7FE5CAFE7DF2F98E25DB0B60E1C285E1C1071F0CFBEDB75FE8D3A74F695FE6542D9D1342EE969A9A5E934C62422B5BB281FB56480FF5DEFFFE531E8A9B1D1F78E0571F79EDB57DBE357FFEC8E1AB566DBB6D299F17DA8A5CAE365F55B5646E2EB76E6A75759FDF3A2F00287E6905FBECF3FDBFC7CDDFDBC26B1D33664CFA867C8F1B6EB8E1B92953A6ECECDD8326A50957D2242B0B37F098340E387D09F6A27451EC031FF8C63D71738F4CC006F58FF1874D78DC9742A12B34A0F8854D336EDCB8CED5D5D57BA49F73B9DC90747BD2A449D532038D4AEBFAA66ECFB337F098B4FCD15F62EC2D5D009B6D7E8CFFD8C87136ADDFFC6C280C31A9953250FCC2268985EFF0E2DBAB57AF1E11CC540B4D49DD9967D4FFF96417674BC29BB33F27BB66176E00BC3D6966E70F85C2CCCECF8537E75148430596C5E8146327852F287E61B3E472B913F2F9FC1BB7E3CF5F54FCC246A5A277508C7131DE93ED4B5DA25337BCD4255A573C8077E6D61883631C18A36B56109F14636C8C45D203A5C9641694B4DADADA4F34D835E2A8A38E32532D6CBCF84DD2E43A2764F1BBACE85D283D00CD262D737477305E1E14BFF04E1C73CC3187E472B9E2E99DD358C66D3A74E87088EC0000009B43B7674A566D6DEDA858FC16EFAABF71788C6B65089A3420DBF68A3131FB79AF50180F3C437A009A4DEF18B785C217F4C3625C17E3CFD2028A5FD86423468C489FCD931AECEE906D3F63D667D8A463FB9D0D8ADD255203D06C7A64C7D86152018A5F78DBFAF7EF3F3C9FCFBF656C6FDC5793CBE5BAAD5EBD3A757DBE5EA6E02DC7F4E28BB0A62EC8D2ACD0FF942E80B7252D15D77B23C7D910F4B401C52F6C8A58E47EB9B1FDB1F0ED90DD7FB8E217DE227D6194BADE0DDAC8E3B651FC02BC6D8FC558B791C774922650FCC246A52ECFB1B83DA4C178DF7AF5C56FEAFAFCAD499326E9C6096F32A617A0E5CD9202689BCCF64CC9E9DBB7EF8806B33C37B42ADEDF6BD5AA551F962D788BCE520000A0F8A52D7C282B2A0EDFC843EA9A8463013C56B6603DDF8C31BCC1BED415FAEA18BF901E80776C748CA18DECBF37C61DD2038A5FD85CC76FE4FEBA96AD7C3E3F329B151A28686C1CFC4F623C17E3BBD203F08E4D89B1B2C1BE5FC6383FC647A50714BFB0C98E3EFAE891A1B074C046A5AECFDB6EBBED91B2066F98DDE0F68818CFC4383D1426C202A079A5D99E6F0C851E3680E217365D2C68DFB7998FDF55D6A049FD42A1350280963BCE4E9506681B7419A5A44C9932E5ACB839AB78DF98316326C6CD8418674C9E3C79A22CC1067D2514D6F1ED1563418C0F67DBE296DF3474E069A902785B6E8EF18518E90BF807B26DB18AEC1AFB31A902C52F002DE7D118DF8F9186105C12636983FBBBC6783DC644A902785BD290AB34F1D569A1F005E3D206856FC7A07725287E016871F78742EF8943627C2FC6B782B57F019A53EA5D93BE644CBDD2D278DFDF84C6271C044A8C6FA500CA53EA96F7A950E8063D543A009A5D1A4E92BE68DC2DC631D2018A5F005A4F6A9DF88F50E89EB78D7400B488B4A45CF718BB4B05287E01D872BA35B22F2D757498D400348B3E8DECBB381496970314BF006C21F737B1FFDAA0F517A0393CD0C4FE0BA5064A9B09AF00CACBC226F6AFC80200A05DD2F20B000080E21700000014BF000000A0F805000000C52F000000287E01000040F10B0000008A5F00000014BF000000A0F805000000C52F000000287E01000040F10B0000008A5F00000050FC02000080E217000000C52F000000287E01000040F10B0000008A5F00000050FC02000080E21700000014BF000000A0F805000040F10B0000008A5F00000050FC02000080E21700000014BF000000A0F805000000C52F000000287E01000050FC02000080E21700000014BF000000A0F805000000C52F000000287E01000040F10B0000008A5F00000014BF000000A0F805000000C52F000000287E01000040F10B000000EF50A51400B44FA3478F1E9ECBE5FED1C4DD13C68C1933A178C7E4C99373B20600B4555A7E01DAA92953A6DC1F374F6FCA63F3F9FC0219030014BF00B449B1A8BD79131F7AA36C01008A5F00DAA40E1D3A5CBE298FCBE57257C91600A0F805A04DFAFDEF7F3F236E5EDCC8C3162F58B0609A6C01008A5F00DAAC7C3E7FED46EEBFEECE3BEF5C2B530080E21780362B97CBDDB0C1134545C575B20400287E0168D3B22ECDCF35765F9AE579FEFCF95365090050FC02D0A6655D9A9B9AF5F9465D9E0100C52F00652197CB4D69E2AEBFCB0E00A0F805A02C5C7DF5D5A9EBF3C206BB17D7D6D65ADF170050FC0250561A16BA7FBDE69A6B56480B00A0F805A09C5C5E7C2397CB99E5190050FC02505E3A77EE7C7FF1ED4E9D3ADD292B0080E21780B23269D2A4EAB8793AFD9CCBE566C5DB4B6405002817955200D0B26EBDF5D661B198FC5C2E577B503E1FDE17424555A9BED6850B1786071F7C30ECBBEFBE834F3CF1C47CE96635BF2E97CB3F9ACF57DC1E6F5C77F0C107DFEF930600287E015AC12DB7DCB26B454538AFB272D5BEDB6D77F3B23E7DEE7B77CF9E4F858A8A9A927EDD63C6947E6E6B6BAB3A2C5FBED33E0B170E7FD7BC799F3C76EAD4BF3DB36E5DC5FF1B356AD44C9F3C00A031BA3D03B480A953A78EACAC5C7BDF902197BEFFC0038F78D72EBBFCFADDBD7B3F5AF2856F9B3979C53CA62F1276DAE9B21D0F38E0C8FE3BEFFCDB0F5456AEB927E6FD30D9010014BF005BACF05DFEFB7DF73DA5C7A041537AE572EB24A585EDB0C31FBBBCFFFD5FEF15F37E8502180050FC02B4B0D4D53997ABBE66D8B0D3B6EED9F3A90E4D3D6EF58AADC38A450343F5F26D24AD9974EB363BECBBEFB77AC5FC5F11DF87A13202001433E617A0390FAA95EBCE1F3CF8FF3A3455F8D6ACEA19E6CE3834BCBE78C01BFB3A757B2DECB0D75F43979E0B24B0190AE09D77BEA4C773CF9D7051BCB9BF8C0000F5B4FC02349334AB73870ED5EFDB71C7EBBA37767F3E5F1166FFF388F50ADF24B5023FFFD09161DD9A4E92D80C060EBCBEA263C795BBDE76DB6DC365030050FC0234B3B49CD1C08137746C6A8C6FF5B2BE4D76735E5BD3252C7B6527496C260306DCD025BE0F47C90400A0F80568661D3AAC3AB477EF195B35757FF58AAD37F8FC9A95BD25B199F4EEFD68970E1DAA3F29130080E217A099D5D676DA332DBFD3A4BC43EE96D2BDFBBFC3DAB55D7696090040F10BD0CCF2F98A8ED6F12D91935BDDFB50E11C0700287E01B6B85CED86EFDEC8FD0000287E014A5E971EAF6CF0FEB4E41100008A5F8036AD73F78561DB9DEF6BF4BEDEDB3F19BAF7795E92000014BF006D5FEF01339BD8FF58A8E860BC300080E217A00CBCBE6860E3FB5FDB214D98254100002DA4520A005ADEDA9A2EE1C5C73E1196BDB253A3F7BFFCEC87E27D83C38E7BDF18AAB65A2C610000CD4C3303400B5B3C6FF7F0AFBBBFD864E15B6FD5D27EE199BB4E0C8BE60CD30A0C00D0CCB4FC02B4909A553DC38B8F8F0A2B16EEB8C9CF4945EFBC990787C52FEE11761876935660008066A26901A0852C7E71E86615BEC5562ED9AEAEC5180080E6A1E517A0855475591ABABD6BEE3B7A3E00008A5F80929696356A6A69230000B62CDD9E81525115E3E3317E1463DB268E579F69E2B99D63ECBA81DFFDC118476CE0FEFE31BA35B2FF1C6F0B004079D0F20BB4965490768FB126C62763BC1EE31F317E196369238571C88AE39B637C2EC65531BE1E63768C0FC47824C6D34DFC5BBD6374DCC06B7935C68D310E89F191EC7525FBC538343B567E38C67F79DB000014BF009B2A15983D63D466C7A1B5316A42A17537159CFBC75811E327D9E30FC89EF3C718A7C758140AADC3E9B1E767856B435765515FC47689B13CBBFD9D189F8FF172767B6DF6BB93876254673F7F21C64DD9BF7D9AB70D0040F10BB039EE89B17D28B4B8A6A2B77B56D04E8D31382B405F2D7A7CDA9F5A601F0F8556DE9F6FC2BF519115AEF5BA17DDFE4251E15BEFF7453F1F150A2DD1DB65FF6ED227C67C6F1D0080E2176073A42276CF18F7C6181A0A2DBDC9C818D3C29BADB90343A1E5F789AC684DADB75F8D312746D7183B6605F3A74261BCF0A2EC797D8B0AD7862DBFFD8A5EC79050182F7C668C4F8442D7EAFAC2FB91A2C79D1AE38CA2DF0F0080E21760A3EABB3CA7F1BC1D8B7E4EDBE231BF69ADA0FAEECBA98BF3B743A19B727AFEE8182FC41893ED2FF64AD870CB6FBDE7B23836145A762F8FF1B550184B7C6BF698BD624C88B1D8DB0600A0F805D85CD3B382B4B8DBF3BB62746AF0B88F67C7AB41A13029556AC9BDAC055F579A8CEB92A2DBC7287C010014BF006F472A76770B85AEC97B874297E4D4F29B66667EA8C1636F8FF1CD50688D4DF140288CC99DBD81DF5F3C5EB761B7E7BE4D3C278D137E6F568C7FA0687F6F6F170080E217E0ED1C7BFA65456D5AEA6870560CA771BDB342A15BF2F78B1E9F5A5E532BF1A05058CE28CDCC3C25ACDFADB9A1349BF3BCA2DBC5DD9E6F6EE4F169FC709A49FA47D9EBEBEE580900503E2AA400680569CCEE35A130D6368DD97D358B17B2E23615BEFB678FADCAE2DEA263D6C93176088516E0A44F23FFC6BC0DFCFBB58DEC4B935E4DCA5EDBA2AC50AE8F97BD6500006D9BD60C604B7B5756D8AE2DDAD72D2B70EBBB29A756D803436102AAD455F977A1300E7750282C8D343CC6CF8A9E3F7423FF6645D8F8977DC362AC6CB02FAD25FCAD268A6B000014BF004D4AADAA7FDE84C75DD3E0F63FB2E23815B1531ADCF7E98DFCAE5BB3A279438A0BDF2F66DBD4E2FBDFDE320080B64FB767A0AD69ACCBF2C60ADB9ACDFC37D64A73FB76F4D1478F1C3366CCFFC80400940F2DBF00B47B23468CA8ECDBB7EF888A8A8AC34361DDE86DB2BBCE941D0050FC02D086D4D48430674E08438684509BB59F5734E8FFB36C59083D7AACBFEFE28B43F8E42743D87EFBC2EDB3CF0E61DCB810B6DDB6ED17BCFDFBF71F9ECFE75337F7913106F8940080E2178036AEAA2A844B2E09E1739F0B61EFBD4338F2C810BEFCE5106EBC31840F7E308477BD2B8473CF0DE1EF7F2F3CFEAEBB42183428847FFC23158A215C7659E171336786D0B56B082B5684F0A73F85F0852FB4AD3C1C73CC3187D4D6D68E8A3F8E8B856FAFFAFDF1E77C2EF2490100C52F006DDC77BE13C2BC79F1E01F8FFE03068470E8A121DC7043619B5A810714B57DA696DD471F0DE1D5574378FAE910962F2FB41EF7EF1FC2238F8430716221162D2A14CEA56ADCB8719DABABABD30CE163638C8C35EE80A21A371FA3EE86C2170014BF502A268C1933461628590F3FFC70D86BAFAEA14F9FD74BF635A64275D8B0376FFFF18F856238B5EE0E1EBCFE6367CD2A14C9A9F5F790434238FFFC109E79A6D00AFC810F140AE58F7CA474DF8F850B1786D1A3473F110BDFDD37F0B00D16BCF19833D1271B68EEEB192900C52F3861D0A63DF2C823B1807C7738F2C89925F7DA5E7EB950E09E775E08FFF77F210C1C18C22BAF145A7B3B772EB4E8DE74D3FACF49DDA457AE0CE1F6DB0B91C6FC8E1A5578CE473F1AC2051794F6FBF1D0430FA5D6DCDD1D730000C52F6DC52429A02DD87BEFBD271C78E05F4AF2B5A52ECC9FF94C618C6E2A7C93BE7D0B6378D3FED4B5F9882342183BF6CDE78C1C19C2196784B0FBEE8516E0279F0C61F4E8107EF39B424BF0A59786F0FDEF97EEC457FBEDB75FB8E1861B9E8E3FEEFA0E7ECD193ED980EB1B50FCC2163179F2E4D97133512628755FFCE21727947297E7B79C00E219E0B4D30A1360FDEA57215C71C59BF7A596E2E9D343F8EE770B2DC5A9AB73A74E85D6E1E38E2B3C26CDFAFCDFFF1DC28F7F5C18075C6AB6D9669B74FCD82D8DF95DBD7AF5887C3E7F6C2E97FB44DC6EF208E5F87CC71E0050FC02D0563DF45008FBEE1BC2DD771726BB4A2DC27DFABC797F6ACD4DFB6FBEB93016F8CE3B4378E08110AAAB0BDDA193030F0CE18003DEBC5DAA264D9A145F75B839452A8457AD5A9596353A3C16C2C7C66D179F0600681F2AA400A0FD48EBFBA6D6DAD9B343D873CFC2BE175E68FAF1A97BF39FFF1CC2F0E185E591D6AC298C0F4E85F076DB957EE1DB58213C65CA941B637C69C182053D524B70DA9DCFE757F874004079D3F20BD08EA4D6DD934F0EE1CA2B4338EAA810C68F2F8C01BEE8A2A69F939638EAD6ADF0732A80538B708A24758F2ED531BF1B73E79D77AE0D6FB608FFC7CA952B3F5C5151716C2C843F138BE25E3E2D00A0F805A08DFAF9CF0B4B187DEA5385DBF5935FA5F1BDBFFC65A1B8AD77E38D85999DD3524769ACEFFCF98596DFFA59A1D324594F3D15C25967B5FDBC645DA3A7A6183162C497FAF7EF7F582C8287FAC40080E2178036AAE17ABEC97EFB8570D555EBEF3BECB0C2B6BE95B7BDC85A84AFCF02002813C6FC020000A0F805000000C52F000000287E01000040F10B0000008A5F00000050FC02000080E217000000C52F000000287E01000040F10B0000008A5F00000050FC02000080E21700000014BF000000A0F805000040F10B0000008A5F00000050FC02000080E21700000014BF000000A0F805000000C52F000000287E015A462EB76E6D6D6D95449480C2FB505B2B130080E217A09975ECB8FC5F4B97EE26112560F9F29DE2FBB1E27999000014BF00CDACB6B6E34D4B96ECA9B5B1042C5932345454ACBD5D260000C52F40335BB366ABAB5E7CF15335F97C07C96865F3E61DB672F5EAAD2F95090040F10BD0CC3EFEF18FCFC8E7738FCD9DFB19ADBFAD68EEDCC3436D6DE5F3071F7CF0FDB20100287E015A407575CFB1B3661DB7DAD8DFD6B162C5A0306BD6F1356BD6743956360000C52F400B19356AD4D39D3A2DF9FCE38F9F5EAD00DEF285EFA38F9EB9B673E745271D74D0118FCA0800A0F80568411FFAD009D777E8B0FA98471EF9F19A39738E08C600B7BCD4D579FAF4736B2A2AD68C1D3EFCCB57C80800D0902B328016F0BBDFDDF0F4E73F7FE2352B570EFAF0DCB947F459B7AE7345FABEB153A7C5693D60097A87D23ABECB96ED125E7EF9A3E1A9A7BEB376F1E23D9F59B7AEEA90030EF8FC54D90180F50D1D3A7444DCA4B86BE6CC9977B6D73C54FA2800B48CD4053A6EF6BEFDF63FEDFBF2CB234E7EE9A5511FABAEDE66403EDFB1647BDDAC58B122FCEB5FFF0ABBECB24BE8D6AD5BC9E63697ABCD77EAB4687E65E5EBF7AC59D3EDC2030F1C7DB74F1C00A0F8056845071DF4D9E97173625B78AD63C68C991837131E79E49133264F9E3CD1BB0700940B637E01000050FC02000080E21700000014BF000000A0F805000000C52F000000287E01000040F10B4091D1520000B4379552005036768CF1A718B5D9ED1131EE8E312EC663458FFB758C29D20500287E01688B5E8871648C593106C75811E3F1183559F1FB931863630C922A00A0BDD1ED19A0BC6C956D8BBFDC7C3AC657624C88312FC632690200DA1B2DBF00E565518CDE315ECD6EA72F3987C4981E63D750E81A3D34C64CA90200DA132DBF00E5E590ACB8FD7476FBC918CFC53833BB9DBA468F942600A0657064050000043D49444154BDD1F20B505EEE0A8531BFF3B2DB7766DBDF143DE692183D82EECF0080E2178036A8738C6B37E171AB62EC2F5D0080E21780B6E8A018C707E379010014BF0065EC1F31DE1B63468CFE316637F2984E31AA62EC13A35ACA0000C52F006DCDE25018F33B2C14BA409F1EE381187F961A0040F10B40394AADBADFCF8EF329D64A0900D09E59EA08A07C0DCC8A5E852F00A0F8950280B2727DD1CF774A070040816ECF00E5E5945098F46A658C69312E8C313CBB6FF7184F064B1D01008A5F00DAB835311E8B3138BB7D4E8C576274C97E1E1B0A13610100287E0168936E0B85258E6AB3DB5D9B78DC0FA50A0050FC02D0561D1C63C7182F8442CBEF0429010050FC0294B3CED9F6A331FE5F28CCF89C667F7E38145A86DF27450080E21780B6AC4F284C6C95C6F9FE2E8B8FC7B8556A0080F6CA524700E52575797E35FB7962D1FE5BB322B8B3140100ED91965F80F22B7EA7C6382DC613311E6F707F5AE6284D84B552AA0000C52F006DD58E453F5F19E30B520200A0DB3340393B5F0A000014BF00E5EE0129000028D0ED19A0BCA4B57DCF88B17B8CE54D3C66AE340100ED8D965F80F2F25C5600EF12A35F8C331B6CF78C512D4D00407BA3E517A0BC5C951DDB53CBEF63D9BE871A6C3F2D4D0080E21780B6EA8A18FBC6581BA336C6B0261E77AB5401008A5F00DAAAFA658D52D1BB4C3A000014BF00E5EAA61817C678578C1B63EC1063EF188343A15538CDF5B028C647A40A0050FC02D0561D1A0A637AD3C457EF8BB1524A0000CCF60C506E768CF1648C7B43A1F5F7B2185F8ED15B6A0080F64CCB2F4079B934C698ECE7BE314E885115E307318E0D85C9B09686A627C3020050FC0250F23E966DF78FF1A918D363D4C4F8DFAC00D60D1A0050FC0250365E8EF1DF45B7E7490900A0F805A09CA4AECE573471DF1F436136E8A91BF91D13C68C19239300501E264881E217A01C1D10E37BA130A9E11931A684C258DF23B2FBA76EE2EF71A2040014BF0094AC1FC69895FD9CD6F7FD5B8C1E31EE2A2A809B3249FA00A06C39CF03505652C15B996DCF0F856ECE0363DC160ACB1F010000409B776828ACF75B55B46FFB6C7B6A8CCE520400B4371DA400A06CA42ECDDD622C8AB1242B72BB66714A8C47623C1CE3E418D3A40B0050FC02D0163D15E3C018AB629C160AE37EDF17231763A7180B636C1D634E8CB9D2050000405BB563B6BD3CDB0ECEB6BBC6E82D3D00407BA5E517A0BCA4F1BEDD43A1C5F7E518EF0D85AED07D638C8AF10F29020000A0ADDB2F469F26629EF400000050EE064B01000000000000000000000000000000000000000000000000000000000000000000000000000000000000000000000000000000000000000000000000000000000000000000000000000000000000000000000000000000000000000000000000000000000000000000000000000000000000000000000000000000000000000000000000000000000000000000000000000000000000000000006DD6FF0748862855180D37C60000000049454E44AE426082, NULL);
INSERT INTO `ACT_GE_BYTEARRAY` VALUES ('247534', 1, '请假流程.bpmn20.xml', '247533', 0x3C3F786D6C2076657273696F6E3D22312E302220656E636F64696E673D225554462D38223F3E0A3C646566696E6974696F6E7320786D6C6E733D22687474703A2F2F7777772E6F6D672E6F72672F737065632F42504D4E2F32303130303532342F4D4F44454C2220786D6C6E733A7873693D22687474703A2F2F7777772E77332E6F72672F323030312F584D4C536368656D612D696E7374616E63652220786D6C6E733A7873643D22687474703A2F2F7777772E77332E6F72672F323030312F584D4C536368656D612220786D6C6E733A61637469766974693D22687474703A2F2F61637469766974692E6F72672F62706D6E2220786D6C6E733A62706D6E64693D22687474703A2F2F7777772E6F6D672E6F72672F737065632F42504D4E2F32303130303532342F44492220786D6C6E733A6F6D6764633D22687474703A2F2F7777772E6F6D672E6F72672F737065632F44442F32303130303532342F44432220786D6C6E733A6F6D6764693D22687474703A2F2F7777772E6F6D672E6F72672F737065632F44442F32303130303532342F44492220747970654C616E67756167653D22687474703A2F2F7777772E77332E6F72672F323030312F584D4C536368656D61222065787072657373696F6E4C616E67756167653D22687474703A2F2F7777772E77332E6F72672F313939392F585061746822207461726765744E616D6573706163653D22687474703A2F2F7777772E61637469766974692E6F72672F70726F63657373646566223E0A20203C70726F636573732069643D2270726F636573735F6C6561766522206E616D653D22E8AFB7E58187E6B581E7A88B2220697345786563757461626C653D2274727565223E0A202020203C73746172744576656E742069643D22737461727422206E616D653D227374617274223E3C2F73746172744576656E743E0A202020203C757365725461736B2069643D22757365723122206E616D653D22E7BB8FE79086E5AEA1E689B9223E0A2020202020203C657874656E73696F6E456C656D656E74733E0A20202020202020203C61637469766974693A7461736B4C697374656E6572206576656E743D226372656174652220636C6173733D22636F6D2E6C656E2E6163746C697374656E65722E4163744E6F64654C697374656E6572223E3C2F61637469766974693A7461736B4C697374656E65723E0A2020202020203C2F657874656E73696F6E456C656D656E74733E0A202020203C2F757365725461736B3E0A202020203C73657175656E6365466C6F772069643D227369642D30443235384332342D314631392D343233332D413937362D4130443843423944414541432220736F757263655265663D22737461727422207461726765745265663D227573657231223E3C2F73657175656E6365466C6F773E0A202020203C757365725461736B2069643D22757365723222206E616D653D22E4BABAE4BA8BE5AEA1E689B9223E0A2020202020203C657874656E73696F6E456C656D656E74733E0A20202020202020203C61637469766974693A7461736B4C697374656E6572206576656E743D226372656174652220636C6173733D22636F6D2E6C656E2E6163746C697374656E65722E4163744E6F64654C697374656E6572223E3C2F61637469766974693A7461736B4C697374656E65723E0A2020202020203C2F657874656E73696F6E456C656D656E74733E0A202020203C2F757365725461736B3E0A202020203C6578636C7573697665476174657761792069643D227369642D35353636443037362D414234432D344134322D393938462D323533373738394638313831223E3C2F6578636C7573697665476174657761793E0A202020203C73657175656E6365466C6F772069643D227369642D33334642463234452D464537302D343730412D394442352D3942313838314531333834372220736F757263655265663D22757365723222207461726765745265663D227369642D35353636443037362D414234432D344134322D393938462D323533373738394638313831223E3C2F73657175656E6365466C6F773E0A202020203C6578636C7573697665476174657761792069643D227369642D42453337324431342D463530392D344544422D383745382D374232313037383335414535223E3C2F6578636C7573697665476174657761793E0A202020203C757365725461736B2069643D227573657222206E616D653D22E8B083E695B4223E0A2020202020203C657874656E73696F6E456C656D656E74733E0A20202020202020203C61637469766974693A7461736B4C697374656E6572206576656E743D226372656174652220636C6173733D22636F6D2E6C656E2E6163746C697374656E65722E4C656176654C697374656E6572496D706C223E3C2F61637469766974693A7461736B4C697374656E65723E0A2020202020203C2F657874656E73696F6E456C656D656E74733E0A202020203C2F757365725461736B3E0A202020203C656E644576656E742069643D22656E6422206E616D653D22656E64223E3C2F656E644576656E743E0A202020203C73657175656E6365466C6F772069643D227369642D34373638373538312D333535422D343335342D383433432D43333034323333323836414622206E616D653D22E5908CE6848F2220736F757263655265663D227369642D35353636443037362D414234432D344134322D393938462D32353337373839463831383122207461726765745265663D22656E64223E0A2020202020203C636F6E646974696F6E45787072657373696F6E207873693A747970653D2274466F726D616C45787072657373696F6E223E3C215B43444154415B247B666C61673D3D747275657D5D5D3E3C2F636F6E646974696F6E45787072657373696F6E3E0A202020203C2F73657175656E6365466C6F773E0A202020203C73657175656E6365466C6F772069643D227369642D46423539344242452D383030352D344544432D423343382D39373831454432323643393522206E616D653D22E4B88DE5908CE6848F2220736F757263655265663D227369642D35353636443037362D414234432D344134322D393938462D32353337373839463831383122207461726765745265663D2275736572223E0A2020202020203C636F6E646974696F6E45787072657373696F6E207873693A747970653D2274466F726D616C45787072657373696F6E223E3C215B43444154415B247B666C61673D3D66616C73657D5D5D3E3C2F636F6E646974696F6E45787072657373696F6E3E0A202020203C2F73657175656E6365466C6F773E0A202020203C73657175656E6365466C6F772069643D227369642D39394343413337462D413233352D343835332D383437322D44453233334144324544333222206E616D653D22E9878DE696B0E794B3E8AFB72220736F757263655265663D227573657222207461726765745265663D227573657231223E0A2020202020203C636F6E646974696F6E45787072657373696F6E207873693A747970653D2274466F726D616C45787072657373696F6E223E3C215B43444154415B247B666C61673D3D747275657D5D5D3E3C2F636F6E646974696F6E45787072657373696F6E3E0A202020203C2F73657175656E6365466C6F773E0A202020203C73657175656E6365466C6F772069643D227369642D35313046453036322D433042432D343643382D394231372D38413338303732413242433622206E616D653D22E4B88DE5908CE6848F2220736F757263655265663D227369642D42453337324431342D463530392D344544422D383745382D37423231303738333541453522207461726765745265663D2275736572223E0A2020202020203C636F6E646974696F6E45787072657373696F6E207873693A747970653D2274466F726D616C45787072657373696F6E223E3C215B43444154415B247B666C61673D3D66616C73657D5D5D3E3C2F636F6E646974696F6E45787072657373696F6E3E0A202020203C2F73657175656E6365466C6F773E0A202020203C73756250726F636573732069643D226368696C6422206E616D653D2273756250726F63657373223E0A2020202020203C73746172744576656E742069643D22737374617274223E3C2F73746172744576656E743E0A2020202020203C757365725461736B2069643D22616C6C6D616E6167657222206E616D653D22E680BBE7BB8FE79086E5AEA1E689B9223E0A20202020202020203C657874656E73696F6E456C656D656E74733E0A202020202020202020203C61637469766974693A7461736B4C697374656E6572206576656E743D226372656174652220636C6173733D22636F6D2E6C656E2E6163746C697374656E65722E4163744E6F64654C697374656E6572223E3C2F61637469766974693A7461736B4C697374656E65723E0A20202020202020203C2F657874656E73696F6E456C656D656E74733E0A2020202020203C2F757365725461736B3E0A2020202020203C656E644576656E742069643D2273656E6422206E616D653D22656E64223E3C2F656E644576656E743E0A2020202020203C73657175656E6365466C6F772069643D227369642D46333946364639322D463330412D344630452D423946382D45304444454231313530363522206E616D653D22E5AEA1E6A0B82220736F757263655265663D22616C6C6D616E6167657222207461726765745265663D2273656E64223E0A20202020202020203C636F6E646974696F6E45787072657373696F6E207873693A747970653D2274466F726D616C45787072657373696F6E223E3C215B43444154415B247B666C61673D3D747275657D5D5D3E3C2F636F6E646974696F6E45787072657373696F6E3E0A2020202020203C2F73657175656E6365466C6F773E0A2020202020203C73657175656E6365466C6F772069643D227369642D33453941414432332D343444412D344138352D383242442D4436433833304134433439382220736F757263655265663D2273737461727422207461726765745265663D22616C6C6D616E61676572223E3C2F73657175656E6365466C6F773E0A202020203C2F73756250726F636573733E0A202020203C73657175656E6365466C6F772069643D227369642D41453541454438342D303734362D343738372D393836462D36413739323743333443333422206E616D653D22E5908CE6848F2220736F757263655265663D227369642D42453337324431342D463530392D344544422D383745382D37423231303738333541453522207461726765745265663D227573657232223E0A2020202020203C636F6E646974696F6E45787072657373696F6E207873693A747970653D2274466F726D616C45787072657373696F6E223E3C215B43444154415B247B666C61673D3D747275657D5D5D3E3C2F636F6E646974696F6E45787072657373696F6E3E0A202020203C2F73657175656E6365466C6F773E0A202020203C6578636C7573697665476174657761792069643D227369642D39353037343945412D344242362D343237362D423637412D444530334533344130353733223E3C2F6578636C7573697665476174657761793E0A202020203C73657175656E6365466C6F772069643D227369642D30344339463239412D304242352D343639312D383034432D37363445344530413237313622206E616D653D22E58F96E6B688E8AFB7E581872220736F757263655265663D227573657222207461726765745265663D22656E64223E0A2020202020203C636F6E646974696F6E45787072657373696F6E207873693A747970653D2274466F726D616C45787072657373696F6E223E3C215B43444154415B247B666C61673D3D66616C73657D5D5D3E3C2F636F6E646974696F6E45787072657373696F6E3E0A202020203C2F73657175656E6365466C6F773E0A202020203C73657175656E6365466C6F772069643D227369642D37463032463244352D413642412D343233342D413732342D3346383938443233354134422220736F757263655265663D226368696C6422207461726765745265663D227369642D42453337324431342D463530392D344544422D383745382D374232313037383335414535223E3C2F73657175656E6365466C6F773E0A202020203C73657175656E6365466C6F772069643D227369642D38344442433035362D303639312D343733452D383243462D44333235454637333641373222206E616D653D22E4B88DE5908CE6848F2220736F757263655265663D227369642D39353037343945412D344242362D343237362D423637412D44453033453334413035373322207461726765745265663D227369642D42453337324431342D463530392D344544422D383745382D374232313037383335414535223E0A2020202020203C636F6E646974696F6E45787072657373696F6E207873693A747970653D2274466F726D616C45787072657373696F6E223E3C215B43444154415B247B666C61673D3D747275657D5D5D3E3C2F636F6E646974696F6E45787072657373696F6E3E0A202020203C2F73657175656E6365466C6F773E0A202020203C73657175656E6365466C6F772069643D227369642D30413541464638362D414541342D343231322D423146342D3932373541343430364332442220736F757263655265663D22757365723122207461726765745265663D227369642D39353037343945412D344242362D343237362D423637412D444530334533344130353733223E3C2F73657175656E6365466C6F773E0A202020203C73657175656E6365466C6F772069643D227369642D30443039333043392D394241312D344636382D383545412D33383445313642343039413022206E616D653D22E5908CE6848F2220736F757263655265663D227369642D39353037343945412D344242362D343237362D423637412D44453033453334413035373322207461726765745265663D226368696C64223E0A2020202020203C636F6E646974696F6E45787072657373696F6E207873693A747970653D2274466F726D616C45787072657373696F6E223E3C215B43444154415B247B666C61673D3D747275657D5D5D3E3C2F636F6E646974696F6E45787072657373696F6E3E0A202020203C2F73657175656E6365466C6F773E0A20203C2F70726F636573733E0A20203C62706D6E64693A42504D4E4469616772616D2069643D2242504D4E4469616772616D5F70726F636573735F6C65617665223E0A202020203C62706D6E64693A42504D4E506C616E652062706D6E456C656D656E743D2270726F636573735F6C65617665222069643D2242504D4E506C616E655F70726F636573735F6C65617665223E0A2020202020203C62706D6E64693A42504D4E53686170652062706D6E456C656D656E743D227374617274222069643D2242504D4E53686170655F7374617274223E0A20202020202020203C6F6D6764633A426F756E6473206865696768743D2233302E30222077696474683D2233302E302220783D2233302E302220793D223232382E37303337303339393831383338223E3C2F6F6D6764633A426F756E64733E0A2020202020203C2F62706D6E64693A42504D4E53686170653E0A2020202020203C62706D6E64693A42504D4E53686170652062706D6E456C656D656E743D227573657231222069643D2242504D4E53686170655F7573657231223E0A20202020202020203C6F6D6764633A426F756E6473206865696768743D2238302E30222077696474683D2239392E39393939393939393939393939342220783D223132302E302220793D223230332E37303337303339393831383338223E3C2F6F6D6764633A426F756E64733E0A2020202020203C2F62706D6E64693A42504D4E53686170653E0A2020202020203C62706D6E64693A42504D4E53686170652062706D6E456C656D656E743D227573657232222069643D2242504D4E53686170655F7573657232223E0A20202020202020203C6F6D6764633A426F756E6473206865696768743D2237392E3939393939393939393939393937222077696474683D2239392E39393939393939393939393938392220783D223531302E30393038383236333634343631372220793D223230332E3730333730333130343131343233223E3C2F6F6D6764633A426F756E64733E0A2020202020203C2F62706D6E64693A42504D4E53686170653E0A2020202020203C62706D6E64693A42504D4E53686170652062706D6E456C656D656E743D227369642D35353636443037362D414234432D344134322D393938462D323533373738394638313831222069643D2242504D4E53686170655F7369642D35353636443037362D414234432D344134322D393938462D323533373738394638313831223E0A20202020202020203C6F6D6764633A426F756E6473206865696768743D2234302E30222077696474683D2234302E302220783D223731352E353435343431333138323233312220793D223232332E37303337303339393831383338223E3C2F6F6D6764633A426F756E64733E0A2020202020203C2F62706D6E64693A42504D4E53686170653E0A2020202020203C62706D6E64693A42504D4E53686170652062706D6E456C656D656E743D227369642D42453337324431342D463530392D344544422D383745382D374232313037383335414535222069643D2242504D4E53686170655F7369642D42453337324431342D463530392D344544422D383745382D374232313037383335414535223E0A20202020202020203C6F6D6764633A426F756E6473206865696768743D2234302E30222077696474683D2234302E302220783D223337302E353435343431333138323233312220793D223232332E37303337303339393831383338223E3C2F6F6D6764633A426F756E64733E0A2020202020203C2F62706D6E64693A42504D4E53686170653E0A2020202020203C62706D6E64693A42504D4E53686170652062706D6E456C656D656E743D2275736572222069643D2242504D4E53686170655F75736572223E0A20202020202020203C6F6D6764633A426F756E6473206865696768743D2238302E30222077696474683D223130302E30303030303030303030303032332220783D223334302E3534353434313331383232332220793D223336382E37303337303636343732373932223E3C2F6F6D6764633A426F756E64733E0A2020202020203C2F62706D6E64693A42504D4E53686170653E0A2020202020203C62706D6E64693A42504D4E53686170652062706D6E456C656D656E743D22656E64222069643D2242504D4E53686170655F656E64223E0A20202020202020203C6F6D6764633A426F756E6473206865696768743D2232382E30222077696474683D2232382E302220783D223838302E353435343431333138323233322220793D223232392E37303337303339393831383338223E3C2F6F6D6764633A426F756E64733E0A2020202020203C2F62706D6E64693A42504D4E53686170653E0A2020202020203C62706D6E64693A42504D4E53686170652062706D6E456C656D656E743D226368696C64222069643D2242504D4E53686170655F6368696C64223E0A20202020202020203C6F6D6764633A426F756E6473206865696768743D223136312E3130323038303930333236363036222077696474683D223238342E36303837323832303738373235362220783D223234382E32343130373732313432383638362220793D22302E30223E3C2F6F6D6764633A426F756E64733E0A2020202020203C2F62706D6E64693A42504D4E53686170653E0A2020202020203C62706D6E64693A42504D4E53686170652062706D6E456C656D656E743D22737374617274222069643D2242504D4E53686170655F737374617274223E0A20202020202020203C6F6D6764633A426F756E6473206865696768743D2233302E30222077696474683D2232392E39393939393939393939393939372220783D223236362E373539353935363738323937332220793D2237312E3035313034303435313633333033223E3C2F6F6D6764633A426F756E64733E0A2020202020203C2F62706D6E64693A42504D4E53686170653E0A2020202020203C62706D6E64693A42504D4E53686170652062706D6E456C656D656E743D22616C6C6D616E61676572222069643D2242504D4E53686170655F616C6C6D616E61676572223E0A20202020202020203C6F6D6764633A426F756E6473206865696768743D2238302E30222077696474683D2239392E39393939393939393939393939372220783D223333382E32343130373732313432383638362220793D2234362E3035313034303435313633333033223E3C2F6F6D6764633A426F756E64733E0A2020202020203C2F62706D6E64693A42504D4E53686170653E0A2020202020203C62706D6E64693A42504D4E53686170652062706D6E456C656D656E743D2273656E64222069643D2242504D4E53686170655F73656E64223E0A20202020202020203C6F6D6764633A426F756E6473206865696768743D2232382E30222077696474683D2232372E39393939393939393939393939372220783D223436352E302220793D2237322E3035313034303435313633333033223E3C2F6F6D6764633A426F756E64733E0A2020202020203C2F62706D6E64693A42504D4E53686170653E0A2020202020203C62706D6E64693A42504D4E53686170652062706D6E456C656D656E743D227369642D39353037343945412D344242362D343237362D423637412D444530334533344130353733222069643D2242504D4E53686170655F7369642D39353037343945412D344242362D343237362D423637412D444530334533344130353733223E0A20202020202020203C6F6D6764633A426F756E6473206865696768743D2234302E30222077696474683D2234302E302220783D223236342E39393939393939393939393939342220793D223232332E37303337303339393831383338223E3C2F6F6D6764633A426F756E64733E0A2020202020203C2F62706D6E64693A42504D4E53686170653E0A2020202020203C62706D6E64693A42504D4E456467652062706D6E456C656D656E743D227369642D30344339463239412D304242352D343639312D383034432D373634453445304132373136222069643D2242504D4E456467655F7369642D30344339463239412D304242352D343639312D383034432D373634453445304132373136223E0A20202020202020203C6F6D6764693A776179706F696E7420783D223339302E35343534343133313832323331342220793D223434382E37303337303636343732373932223E3C2F6F6D6764693A776179706F696E743E0A20202020202020203C6F6D6764693A776179706F696E7420783D223339302E35343534343133313832323331342220793D223439342E37303337303636343732373932223E3C2F6F6D6764693A776179706F696E743E0A20202020202020203C6F6D6764693A776179706F696E7420783D223839342E353435343431333138323233322220793D223439342E37303337303636343732373932223E3C2F6F6D6764693A776179706F696E743E0A20202020202020203C6F6D6764693A776179706F696E7420783D223839342E353435343431333138323233322220793D223235372E37303337303339393831383338223E3C2F6F6D6764693A776179706F696E743E0A2020202020203C2F62706D6E64693A42504D4E456467653E0A2020202020203C62706D6E64693A42504D4E456467652062706D6E456C656D656E743D227369642D38344442433035362D303639312D343733452D383243462D443332354546373336413732222069643D2242504D4E456467655F7369642D38344442433035362D303639312D343733452D383243462D443332354546373336413732223E0A20202020202020203C6F6D6764693A776179706F696E7420783D223330342E353930383639353736373134332220793D223234342E3131323833343432313436393437223E3C2F6F6D6764693A776179706F696E743E0A20202020202020203C6F6D6764693A776179706F696E7420783D223337302E363430313837323338373936332220793D223234332E373938343439393138373537223E3C2F6F6D6764693A776179706F696E743E0A2020202020203C2F62706D6E64693A42504D4E456467653E0A2020202020203C62706D6E64693A42504D4E456467652062706D6E456C656D656E743D227369642D46333946364639322D463330412D344630452D423946382D453044444542313135303635222069643D2242504D4E456467655F7369642D46333946364639322D463330412D344630452D423946382D453044444542313135303635223E0A20202020202020203C6F6D6764693A776179706F696E7420783D223433382E32343130373732313432383638362220793D2238362E3035313034303435313633333033223E3C2F6F6D6764693A776179706F696E743E0A20202020202020203C6F6D6764693A776179706F696E7420783D223436352E302220793D2238362E3035313034303435313633333033223E3C2F6F6D6764693A776179706F696E743E0A2020202020203C2F62706D6E64693A42504D4E456467653E0A2020202020203C62706D6E64693A42504D4E456467652062706D6E456C656D656E743D227369642D35313046453036322D433042432D343643382D394231372D384133383037324132424336222069643D2242504D4E456467655F7369642D35313046453036322D433042432D343643382D394231372D384133383037324132424336223E0A20202020202020203C6F6D6764693A776179706F696E7420783D223339302E393837353134343839383930352220793D223236332E32363136333038323635313634223E3C2F6F6D6764693A776179706F696E743E0A20202020202020203C6F6D6764693A776179706F696E7420783D223339302E36363730323138363333373736372220793D223336382E37303337303636343732373932223E3C2F6F6D6764693A776179706F696E743E0A2020202020203C2F62706D6E64693A42504D4E456467653E0A2020202020203C62706D6E64693A42504D4E456467652062706D6E456C656D656E743D227369642D30443235384332342D314631392D343233332D413937362D413044384342394441454143222069643D2242504D4E456467655F7369642D30443235384332342D314631392D343233332D413937362D413044384342394441454143223E0A20202020202020203C6F6D6764693A776179706F696E7420783D2236302E302220793D223234332E37303337303339393831383338223E3C2F6F6D6764693A776179706F696E743E0A20202020202020203C6F6D6764693A776179706F696E7420783D223132302E302220793D223234332E37303337303339393831383338223E3C2F6F6D6764693A776179706F696E743E0A2020202020203C2F62706D6E64693A42504D4E456467653E0A2020202020203C62706D6E64693A42504D4E456467652062706D6E456C656D656E743D227369642D33334642463234452D464537302D343730412D394442352D394231383831453133383437222069643D2242504D4E456467655F7369642D33334642463234452D464537302D343730412D394442352D394231383831453133383437223E0A20202020202020203C6F6D6764693A776179706F696E7420783D223631302E3039303838323633363434362220793D223234332E3834353738353439363831313337223E3C2F6F6D6764693A776179706F696E743E0A20202020202020203C6F6D6764693A776179706F696E7420783D223731352E393838343436343031363631392220793D223234342E3134363730393038313632323632223E3C2F6F6D6764693A776179706F696E743E0A2020202020203C2F62706D6E64693A42504D4E456467653E0A2020202020203C62706D6E64693A42504D4E456467652062706D6E456C656D656E743D227369642D34373638373538312D333535422D343335342D383433432D433330343233333238364146222069643D2242504D4E456467655F7369642D34373638373538312D333535422D343335342D383433432D433330343233333238364146223E0A20202020202020203C6F6D6764693A776179706F696E7420783D223735352E313035353637393030353031362220793D223234342E3134333537373431353930353333223E3C2F6F6D6764693A776179706F696E743E0A20202020202020203C6F6D6764693A776179706F696E7420783D223838302E3534353531303937373036392220793D223234332E3734373836373831363239343733223E3C2F6F6D6764693A776179706F696E743E0A2020202020203C2F62706D6E64693A42504D4E456467653E0A2020202020203C62706D6E64693A42504D4E456467652062706D6E456C656D656E743D227369642D30443039333043392D394241312D344636382D383545412D333834453136423430394130222069643D2242504D4E456467655F7369642D30443039333043392D394241312D344636382D383545412D333834453136423430394130223E0A20202020202020203C6F6D6764693A776179706F696E7420783D223238342E3637393931353936313034392220793D223232342E3032333738383033373133343735223E3C2F6F6D6764693A776179706F696E743E0A20202020202020203C6F6D6764693A776179706F696E7420783D223235332E33343530333333323234383436352220793D223136312E3130323038303930333236363036223E3C2F6F6D6764693A776179706F696E743E0A2020202020203C2F62706D6E64693A42504D4E456467653E0A2020202020203C62706D6E64693A42504D4E456467652062706D6E456C656D656E743D227369642D37463032463244352D413642412D343233342D413732342D334638393844323335413442222069643D2242504D4E456467655F7369642D37463032463244352D413642412D343233342D413732342D334638393844323335413442223E0A20202020202020203C6F6D6764693A776179706F696E7420783D223339302E35343534343133313832323331342220793D223136312E3130323038303930333236363036223E3C2F6F6D6764693A776179706F696E743E0A20202020202020203C6F6D6764693A776179706F696E7420783D223339302E353435343431333138323233312220793D223232332E37303337303339393831383338223E3C2F6F6D6764693A776179706F696E743E0A2020202020203C2F62706D6E64693A42504D4E456467653E0A2020202020203C62706D6E64693A42504D4E456467652062706D6E456C656D656E743D227369642D39394343413337462D413233352D343835332D383437322D444532333341443245443332222069643D2242504D4E456467655F7369642D39394343413337462D413233352D343835332D383437322D444532333341443245443332223E0A20202020202020203C6F6D6764693A776179706F696E7420783D223334302E3534353434313331383232332220793D223430382E37303337303636343732373933223E3C2F6F6D6764693A776179706F696E743E0A20202020202020203C6F6D6764693A776179706F696E7420783D223136392E39393939393939393939393939372220793D223430382E37303337303636343732373933223E3C2F6F6D6764693A776179706F696E743E0A20202020202020203C6F6D6764693A776179706F696E7420783D223136392E39393939393939393939393939372220793D223238332E37303337303339393831383338223E3C2F6F6D6764693A776179706F696E743E0A2020202020203C2F62706D6E64693A42504D4E456467653E0A2020202020203C62706D6E64693A42504D4E456467652062706D6E456C656D656E743D227369642D46423539344242452D383030352D344544432D423343382D393738314544323236433935222069643D2242504D4E456467655F7369642D46423539344242452D383030352D344544432D423343382D393738314544323236433935223E0A20202020202020203C6F6D6764693A776179706F696E7420783D223733362E303435343431333138323233312220793D223236332E32303337303339393831383338223E3C2F6F6D6764693A776179706F696E743E0A20202020202020203C6F6D6764693A776179706F696E7420783D223733362E303435343431333138323233312220793D223430382E37303337303636343732373932223E3C2F6F6D6764693A776179706F696E743E0A20202020202020203C6F6D6764693A776179706F696E7420783D223434302E35343534343133313832323332352220793D223430382E3730333730363634373237393236223E3C2F6F6D6764693A776179706F696E743E0A2020202020203C2F62706D6E64693A42504D4E456467653E0A2020202020203C62706D6E64693A42504D4E456467652062706D6E456C656D656E743D227369642D41453541454438342D303734362D343738372D393836462D364137393237433334433334222069643D2242504D4E456467655F7369642D41453541454438342D303734362D343738372D393836462D364137393237433334433334223E0A20202020202020203C6F6D6764693A776179706F696E7420783D223431302E31303138303630343037373735352220793D223234342E3134373333393237353632393338223E3C2F6F6D6764693A776179706F696E743E0A20202020202020203C6F6D6764693A776179706F696E7420783D223531302E30393038383236333634343631372220793D223234332E3835313539323539373636343134223E3C2F6F6D6764693A776179706F696E743E0A2020202020203C2F62706D6E64693A42504D4E456467653E0A2020202020203C62706D6E64693A42504D4E456467652062706D6E456C656D656E743D227369642D30413541464638362D414541342D343231322D423146342D393237354134343036433244222069643D2242504D4E456467655F7369642D30413541464638362D414541342D343231322D423146342D393237354134343036433244223E0A20202020202020203C6F6D6764693A776179706F696E7420783D223231392E39393939393939393939393939342220793D223234332E393230313534323134363334223E3C2F6F6D6764693A776179706F696E743E0A20202020202020203C6F6D6764693A776179706F696E7420783D223236352E343133303433343738323630382220793D223234342E31313637343734373634343437223E3C2F6F6D6764693A776179706F696E743E0A2020202020203C2F62706D6E64693A42504D4E456467653E0A2020202020203C62706D6E64693A42504D4E456467652062706D6E456C656D656E743D227369642D33453941414432332D343444412D344138352D383242442D443643383330413443343938222069643D2242504D4E456467655F7369642D33453941414432332D343444412D344138352D383242442D443643383330413443343938223E0A20202020202020203C6F6D6764693A776179706F696E7420783D223239362E373539353935363738323937332220793D2238362E3035313034303435313633333033223E3C2F6F6D6764693A776179706F696E743E0A20202020202020203C6F6D6764693A776179706F696E7420783D223333382E32343130373732313432383638362220793D2238362E3035313034303435313633333033223E3C2F6F6D6764693A776179706F696E743E0A2020202020203C2F62706D6E64693A42504D4E456467653E0A202020203C2F62706D6E64693A42504D4E506C616E653E0A20203C2F62706D6E64693A42504D4E4469616772616D3E0A3C2F646566696E6974696F6E733E, 0);
INSERT INTO `ACT_GE_BYTEARRAY` VALUES ('247535', 1, '请假流程.process_leave.png', '247533', 0x89504E470D0A1A0A0000000D4948445200000396000001F80806000000316A727D00004B3D4944415478DAEDDD09985C559D37E0282232A3830B88382AE038E0363A220CA2A3068619409045A8AEBED59DA4D982B208B20884C1B083AC437001648DC8221F46C8B048164242482420888160420264212121040890B0DEEF9C9ABA6DA5D3DDE9AE7477AABADEF779CE53D55DD5DDC9A97BCFF9FFEE3A6000D0AF5D71C5159BEFBFFFFE0F6FBDF5D6AF872F534DD3B49E6A5B6EB9E55B43860C993176ECD82F196D0100FAA961C3866DBADD76DBBDB6C71E7BA4D3A64D4B57AC589102F48437DF7C33FDCB5FFE92EEB7DF7EE917BEF085D7E3462CA32E00403FB4EFBEFB8E8FA112A037C57019C69BA9465D00807E68F3CD377F31EEA904E84D3366CC483FF5A94FAD34EA0200F44F0E7F05FAE4B0D801FF77DE250000FD315802F405C1120040B004102C0100E8FB60592A24D3C6C646553508968225008060597931F9894F7C62B5EF0F1E3CB83578AEBFFEFAE957BFFAD5F4B1C71E537D836009008060D9B56059FEDADB6FBF9D0E1B362C1DE0D05C102C0100E8BFC1F2FAEBAF4FB7D8628B74BDF5D66BDDD3181D74D041C5E73BEFBC73FAFAEBAFAFF25A564C1E76D861E9E73EF7B9E2F34B2EB9A4DD6079CC31C7B4FE5CF9EFB9E28A2B56F99D8B172F8EF7C36BFDDE11471C517C7FE6A5975E4A9B9B9B5B5F1F356A54EB6BF16777DB6DB7D6D7E2D76BFAFFADE93540B00400102CBB5714AE71AFE46F7FFBDBE2D70F3CF0C02A3F17C3E371C71DB7CAEFF8F8C73FDEFAFA17BEF085F4CF7FFE73BB7FF3F9E79F5FED7BF136293118B6FD770D1D3AB4F8F5B3CF3E5B0C956D436EF6F559679DD5E16BDDF9BF038225008060D945F3E7CF6F3D5C35EEB99B3B776EBBC1320B73E5C1B26DE8ECCA61B2D9EB1FFDE84757FBDEBFFDDBBFB57EDDDEEFDC7AEBADDBFD7D5FFFFAD75B4362DBB0D8D9FFAFB3D700C1120040B0AC40477BFBE25EC933CE38A3F8FCC1071F5C6D6F5F3C6CB5BBC172A38D366A77EF61BCE17A3CECB56D40CC0E837DE185178AAF8F1C39B2DD7F676C1D5D2CA8EDFFAFABAF018225008060D989DD77DFBD35987DEC631F4BAFBBEEBAD6D76288CC5E8BE7509687BDF818DF9B7D6FF6ECD9C5EF975F1576F9F2E5ABFCADF8F580367B16B3F328E3E1AFFBECB34FEBF78F3CF2C8E261B1E57B17070E1CB8DADF8B162D5A94EEB2CB2EADAF4D9C38B14BFFBFCE5E03044B0000C11240B0040040B004044B0000044B40B0040040B004102C0100044B00C1120000C112102C0100102C01C1120000C11240B00400102C01044B0000044B40B0040040B004044B0000044B40B034E4020008960082250000822520580200205802822500008225205802002058020896000008968060090080600908960000089680600900806009205802000896008225000082252058020020580282250000822580600900205802089600000896806009008060090896000008960082250080600920580200205802822500008265ED9A3B776E3A65CA9474DCB871E9983163B43E6C63C78E4D274E9C98CE9A35CB82285802002058D66EA89C346952BA78F1E2F4F5D75FD7D6415BB264493A61C28474E6CC991648C1120000C1B2F6C43D9542657584CBB8C718C1120000C1B2E6C43023D855478B87C6225802002058D69C1866843AC152B0142C0100044B7A3D58BEF2E2C274CEB4ABD3C7C69E566CF179FC9E4028580A960000089682E51A03CFF2650BD2E97F3839FDF3EDC7ADD2E2F7E26B42A1602958020020580A969DB6798FDDB65AA8CCDAFCC7460B8582A560090080602958761E7866DCF3D30E83657C4D28142C054B0000044BC1B2D3367DCC291D06CBF89A5028580A960000089682A56029580A9600000896F45EB08C5781ED2858C6D78442C152B0040040B0142C3B6DB326FFACC360195F130A054BC1120000C152B0ECB42D5DF0683AFDEEE1AB1F061BBE175F130A054BC1120000C152B05C637BEAC191AB05CBF83D8150B0142C0100102C05CB35879E952BD359F7FF72F5C360C3F7E26B42A1602958020020580A961DB6E5CB16A433275FD2E13996F1B5F81EC150B0142C0100102C05CBD5F6522E9C353EFDCB5DC33A0C95598BEF89EFB5F752B0142C0100102C05CB2EEDA5B4F752B0142C0100102CE9345876652F65677B2F8544C152B0040040B0ACF3605969A8CC9A9028580A9600000896CEB1D4044BC1120000C112C152B044B0040040B52B580A9608960000089682A526580A960000D449B09C33674E7AF5D557A7A79D765A7AC41147A443860C491B1B1BD3418306A5871D76587AE69967165F7FE69967044BAD6E82E5ECD9B3D38B2EBA283DF4D043D3E6E6E6344992E27A115B535353FAFDEF7F3F3DF7DC738BEF132C0100A8DB6079F3CD37A7279E78627AE49147A6975D76593A75EAD474C18205E98A152B8AAFC7C7C58B17A70F3DF4507AEDB5D7A6471D75543A7CF8F0E2CF09965A7F0D9637DC70437AD04107AD1224D7D40E3CF0C0F4CA2BAF142C0100A89F60F9C4134FA4C71D775C7AECB1C71643E35B6FBDD5E59F7DE49147D261C38615DB8C1933044BADDF04CBB85E1C7CF0C15D0E93EDB5FDF7DF3F7DF4D147054B0000FA77B01C397264B1781E3D7A74B702655B77DD7557F150C05B6EB945B0D46A3E58C643BD0B85C22A21311EEE7AF6D967A7E3C78F4FE7CE9D9BBEFCF2CBC5F7BEFAEAABC53DFB93274F2E1E2A1B0F192FFFB9B8A7B396F65E0A9600008265B7C41018CF179B3973668FFCBEA79F7EBA784E66AD1E1A2B580A96D16F7FFBDBD5CE9FBCEEBAEB8A878177C5B265CB8AEF8F3F571E307FF18B5F08960000F4AF6079CD35D7144365578BE5AE8ABFAF56C3A5602958C63D95E5A1F2E8A38F2EEE9DAC44FCB978887979B8AC853D978225008060D9E573C70E38E0801EDB53D9DE9ECB430E39A4E6CE2D132CEB3B58C6F5A27C2F63BC305576B86BA5E261B2F12ACAE587C53EFCF0C382250000B51F2CE32D436EBBEDB65E2D4EE33997C71F7FBC60A9D54CB02CBF504FDC53B9B6A1B23C5C96EFB98C17F4112C0100A8E960196F9D106F27F2C61B6FF47A811A83E5F5D75F2F586A551F2CE37A517E4E65A587BF7676586CF9DED06A3E2456B00400102CD7E8F0C30F2FDE52A42FC443614F38E104C152EB956019DFD753E27D2AB3D0172FBCD3DBE1B59AF75A0A9600008265A766CF9E5D3CDC6F6D6E2BD25D471D7554AF9DCBD99DD070F7DD770B96FD28583EFBECB3C5DB7BC410D859C0ECCA671FD78BEC823D71AFE2D2A54B7B65398C578B2DBF15493CA753B00400A0E68265BCC7DECF7FFEF33E2D5263E17FE9A597AED342392BE463C818376E9C6059C3C1325E7578C58A15AD5FAF5CB932BDE9A69BD2471E79A4E2CF3EAE17D9FBCE3DF7DC5E5D16FBF26F09960000F44AB08CB701993A756A9F16A9F1B0DB934E3AA92A8265D6E25EDBF6F6620996D51B2CDF7CF3CD4E6F8DF3D4534FA5BFFAD5AF8A17CAE9EE671F6FBB93BD3E61C2845E5D16E35ED6EC6FC52B270B960000D45CB01C326448BA70E1C23E2D526318887B8BAA295896EFC52A0F1982657506CB78D8EBDB6FBFBDC6CFF99D77DE295E8DF88E3BEEE8D667DFDCDCDCFAFD9EBE684F5B0B162C68FD5B854241B00400A0F682652C64CB0F23EC0BF1EFC5C2BD1A8365F95EAC7898A460595DC172F9F2E5E98B2FBED8EDCFFB85175E48AFBAEAAA6220EDCA675FFE754FDD62A423718F6AF9DF132C0100A8B960B9AE0AD93515F7D5D204CBEA69A3468D4A478C1851BCE04D2517C9893F5BC932D0D7EB8360090040CD05CB75B5C7325E69B31AF758C643837FFBDBDFB65E55B4378365BCF268F9EF8F9FE999679ED9EE7BE3219AF1F5B877EBF6DB6F4F070F1E9CDE7AEBADE9EEBBEF9EB6B4B4F4E8BF2BFE9DF3CF3F7F8DEF39F6D8638BCFE38572E2679A7D3FBB2A6B6FECB18C7D76CC31C7A4F7DF7F7F973FEBB8C7F1473FFA51FAFDEF7FBF78D5D5AE7CF6D91561EDB1142C010004CB2E88B73A5817E7581E78E08155152CDB06CABE3AC7327E8E53A64C29EE518BCFE3855C3A7ADF85175E580C215988CBBE7FE28927B67EBD68D1A274A79D762A86CE18F076D86187E2FF2F7E9D85D1912347A61B6EB861EBCFDC7BEFBDABBCBED9669BA5DFFCE6378BCF63BBE5965BD22DB7DC72B57FCF15575CD1FA3CFECEEC790C9ABD7D8E65BCFFE3E9A79FDEE9DECB787E65FCB7C4C3AEE3FBBBF3D93BC752B00400102CBB215EFD72E2C4897D7E55D8B8D7A91A8265DCDB17434747F73DECAD60397DFAF46260DB64934D8AE16D830D36287EFDF9CF7FBE1820DB1E029AFD3BE2E77EFCF1C7B73EDF679F7D56FBDD317CC6D7E29ECDEC7DF1FCC2F818C3630C9C9FFCE427570989E561307E1D435BF6F5FAEBAFDF1A5EE39556E3BF37BEE75BDFFA563150C6E7714F60F6B38F3EFA68F1F1E28B2FEED5ABC2C650396CD8B0F477BFFBDD6A17F2896170FFFDF74F4F38E184F4F9E79FEFF667EFAAB08225008060D90DF11E7AF1B0C7BE14834DFCBBEB52477B28FB2A58DE79E79DC5C0D6F6FB1B6DB451BAD75E7BB57E9D85B4183A0794ED9D8CCFE3EF8881303EBFE79E7B56DBA3180360F63C06D9F878FDF5D7172F60139FCF9B37AFF87ABC204EBC5051B68732BE76C00107149FC7E01AC3687B7B50CBF7586EBAE9A6AD87EBC6BD9B712F685FDDC7326E18F9F18F7F9CCE9933A7B837F7A73FFD69313476B4C1A42B9FBDFB580A960000826537C473D662A1FDD65B6FF559917AF8E18717F770D582751D2CE35EB9182EE3E1B2DB6CB34D3120C6F7C4AFB3F73CF3CC33C5C23FEED97CE9A5975AC3610C7E975C7249F1F9CD37DFDCE11ECB2C1CC6F7B40DA5F1DF19FF5E7BC132EEB17CF0C1075B0FE7CDBE1FFF665FDCC7B25C7CFD820B2E2886B3F8B8A60D065D592FB2B017CF075EBA7469AF2C5FF1F32D3FECB65AD70BC1120040B05CA378FFBE78385E5F8821E9073FF8415A2B7A3358C6CF305E502686BDECFCC6F8BDA38E3A6AB5C366E36B3134C620173FAB6CEF6276186DB6F730DB03197F4FDC839885BD6C2F65DC63195F9F356BD66A41F11BDFF8C66A7B2CE3F9966DF7A0C68BF6C4F75C7EF9E5ED86D2BE38C7B2B380D993EB4516F86218EF0DF150DCEC6FC44377AB95600900205876A9B88D45745FECB58CA1E4CA2BAFACFB60F9F8E38F175B16C64E3DF5D4E2F318F8E6CF9FBF5AE88B6DD2A449C5433DE339946B0A7103CAF63AC6809905C6189076D96597D50E6FED6AB08C17078A7BF306B439D4B63C586687EFB6FD7FF445B0ECADD017F75AF6F4457CE2EF8BBF37FB1BD5BC5E08960000826597C4ABB45E7BEDB5BD5A9CDE71C71DE9D0A1437B74AF522D06CB786E630C7BF1D0D61FFEF087C53D9159108BA12D1E221B837EDB9F8B812D5EF1B5A38BEE94B70F7DE843C5DF1FCF758CBF3F7B7FDC63D9D11ED4F642693C34330BC09D9D6319FF6DD961B1F1023F3168965FBDB6168365B65E64C1EFE8A38FEEB15B8FC48D03F10256E57B2BAB79BD102C010004CB2E890122DEEA208688DEF0F4D34F172FA8F2F0C30FA7B5A4A783653C576F40E9B62231FCC5F3EBCA5F2FBF6D47F9F993F16AB131B095DFC3327E7FDF7DF76D7D1E4364B63771ABADB62A1EFE1A836876FB9101A5732CB3E7F182406BDADBD9B6C5C368B3436DAFB9E69A55F6A8C620191F870F1FBEDA6D506A3558C6F5A2FC9E96F1FFB6B6E13286CA33CE38A3F577C6DF5FEDEB85600900205876D9D5575FDD2BF7B58CF7AD8C7BE06AE910D8DE3E1436BB8D4816CAE2B996F15613034A7BFF3AFA99AEEC058CC1AF3BEFEF4EB08C2DBB426DF9057BCA2F26D45B6D5D04CB6CBD28BFEF65DC7359E961B1F1E7CAF75456FB21B082250080605991CB2EBBACB8172D5E30A6A7F654C6C309CF3AEBACB416F566B0D46A235866EB4579188CE746C6F355E3555DBB7AF5D778CE66F93995B1D5CA7A21580200089615EDA18987E7C5431DD7E6823EA3478F2EEE018D4579AD122C05CB8EF65C660133DE7B72C28409C5BD91D961B2F170D7050B16140F791E316244F1963EE53F17D7AF5A5A2F044B0000C1B2E273CBE2E1ABF1A222F7DD775FB77E369E2F76C4114714AF2C5A6BE7540A96826557D68BB601B33B2DAE53B5B65E0896000082E55AF9F5AF7F5D2CA4E3E1B1F18223F7DC734FF1EAA5AFBDF65AF1F5780E5FBC05C51FFFF8C7F4E28B2F2E16CD3150C6BD31B574F557C152B0AC64BDE86EA0ACD5F542B00400102C7B44BCDAE805175C901E7AE8A1AB9D2716AF261B2F3C130F098C7B74FA13C152B0B45E08960000822582A56089600900806029586A82A5600900806029586A82A5600900806029586A82A56009008060896029582258020020580A9682258225000082A560A909968225000082A560A9099682250000822582A56089600900205822580A9608960000089682A526580A960000089682A526580A9600000896089682258225008060896029582258020020580A969A602958020020580A969A6029580200205822580A9608960000822582A56089600900806029586A82A5600900806029586A82A5600900806029586A82A560090080604925C68D1B27D4099682A5600900205852B9499326A58B172F16ECD6715BB4685131E4235802002058D69CD9B367A713264C489F7BEE39016F1D87CA9933675A20054B000004CBDA0D97E3C78F2F1E8AA9F57D132A054B0000044B40B0040040B004044B0000044B00C1120000C112102C0100102C01C1120000C112102C0100102C01044B0000044B40B0040040B004044B0000044B40B0040040B004102C0100044B00C1120000C112102C0100102C01C1120000C11240B00400102C01044B0000044B40B0040040B004044B0000044B40B0142C0100044B00C1120000C112102C0100102C01C1120000C112102C0100102C01044B0000044B40B0040040B004044B0000044B40B0040040B004102C0100044B00C1120000C112102C01005807C172C58A152A5EA057BDF9E69B822500407FB5E9A69B2E9A366D9AAA17E8553366CC4837D9649365465D00807EE8C31FFEF0B93BEFBCF32BCA5EA037EDB9E79EAF7DF4A31FFD99511700A07F7AFFFAEBAFFFF0F6DB6F3FFF81071E783D1EAE46EF58B972A54EA0EE0E7F9D3163C65B3BEEB8E3820D36D860761C6F0CB90000FD385C8676CABBDEF5AE2706FCDF39505A0FB6F7BFFFFDE90E3BEC10F7D8A4EBADB75EBFF97F353636FA7CB535B677BFFBDD31509E27540200400572B9DCFB9324393B04B015F97CFED5D08EEE4FFFBF52B0040000A0378410B947085E4FC5F0155BF8FAE5534E39E5DD82250000009D2A140AFF1A02D7A42C509605CBD1FDEDFF2A58020000F4A02449360E41EB9278D86BDB50596AA70B960000007414B006E6F3F9651D04CA6C8FE5E182250000001D4A92E4A010B41676142C1B1A1A76162C010000E8542E97FB58085B7776B0C7F28B82250000005D0D5CC3437BAB3C58C6D02958020000B046F1DE9521703DDDD0D0B06F78FC7529582EE9A7015AB0040000E885B015AF0C7B65D9D7FBC5C363054B000000D6A8A1A1E11B216CCD6F6969F960F9F7070E1CF81EC1120000804EEDB6DB6E1B84A03523B47DEAE5FF2C58020000F46CC83A33B49BEBECFF2C58020000F4847C3EFFE510B29E4B926453C1120000806EC9E572EB8580F560682DF5F67F172C0100007A4092243F0E01EB0FF5F87F172C010000D652A150F8E7788FCAD0B6102C010000E8AE772549726F08573FACD70E102C010000D62E547D3FB4FB4F39E594770B96000000744B5353D32742A85A9CCFE73F57E7E15AB0040000A830508D0EED64FD2058020000745B128440F5E7A14387AE2F580A96000000DD0D951B8730B530B46DF58660090000504990FA4D68E7E909C1120000A09210B57B68B372B9DC867A43B0040000E896A6A6A67F08216A6E6803F58660090000504980FA656897E909C1120000A0DB1A1A1ABE1502D4BC5C2EB791DE102C010000BAA5A5A5E57D213CCD0C6D4FBD215802000054129CCE09ED463D2158020000745B3E9FDF2604A745B95C6E13BD215802000074CBC08103DF1382E5C3499234EB0DC1120000A092C0342CB43BF48460090000D06DB95C6EEB10989684C74FE90DC1120000A0BBDE15C2D27DA11DA62B044B0000804A82D261A14D8A01536F0896000000DD120F7D2D1D02BBB5DE102C0100002A094977264972A29E102C0100002A094883E2ED45E26D46F48660090000D02D83060DFA6808488B42FB8ADE102C0100002A094737254972B69E102C0100580B699ABE67CE9C39374F9D3AF5ED71E3C6A563C68CD1FAB08D1D3B369D3871E2F3A1355B1AFB563E9FDF2B84A3BFB6B4B4BC4F6F08969817CC0B00B01662F13069D2A474F1E2C5E9EBAFBFAEAD83B664C992F4DE7BEF7D291413FB5922FB462E97DB2804A379A17D536F08969817CC0B00B096E21669C543551411AF8F1933668625B2CF42D1E5A1FD424F08969817CC0B00D003E2614E26F0EA68A18078D312D9FB1A1A1A760CA1E8993DF7DCF3037A43B0C4BC605E00801E10CFE73079574D01A150EF65B95C6EC310889E2C140ADFD11B8225E605F30200F47101F1CA8B0BD339D3AE4E1F1B7B5AB1C5E7F17B267E05442DC9E7F3E72749729D9E102C312F981700A08F0B88E5CB16A4D3FF7072FAE7DB8F5BA5C5EFC5D74CFE0A881A0995DB8530B43004CB8DF586608979C1BC00007D5C40CC7BECB6D58A87ACCD7F6CB4C95F0151F5860E1DBA7E08968F86D6A837044BCC0BE60500580705C48C7B7EDA6101115F33F92B206A20049D1CDA683D2158625E302F00C03A2A20A68F39A5C30222BE66F2574054B35C2EF7F910821687C77FD41B8225E605F302002820141074CB29A79CF2EE1080A624497288DE102C312F981700601D1610F16A7F1D1510F13593BF02A25AE5F3F92343009A109EBE4B6FAC55881C1D83E41ADA343D655E302F981700504074D8664DFE598705447CCDE4AF80A8D230B445684B72B9DC67F4C65AF7E5B6A1BDD959B00C217E0F3D655E302F981700504074D8962E78349D7EF7F0D50F770ADF8BAF99FC1510551A86EE0E61E7383DD163FD796727C172CAC08103DFA397CC0BE605F302000A884EDB530F8E5CAD8088DF33F12B20AA510894FB87B0F3602E975B4F6FF458B0DCB6A3609924C9DE7AC8BC605E302F00A080E8BCAD5C99CEBAFF97AB1FEE14BE175F33F92B20AA4908931F0B61E7B9102EBFAC377A3C5CB677AEE5347B2BCD0BE605F302000A884E27B5E5CB16A433275FD2E1B934F1B5F81E058002A25A8440F9FF922439434FF44AB05CED5C4BE7569A17CC0BE60500E8B88058B9325D386B7CFA97BB8675583C642DBE27BED7566A05441584CAEF85B03363B7DD76DB406FF45A1F8FB2B7D2BC605E302F00C01A0B88356D8DB6955A01518D0A85C28742D05910DAD7F546AF06CBAF959D5BB9AB1E312F9817CC0B00D06E01D195ADD19D6DA5560C2820D6C2072BFDC11072AE0AA167842EEC7D0D0D0D77C560696FA579C1BC605EA0BAE64280AA2A202A2D1EB2A61850405428EEFD4A4B8FDD0D3A3B87A0F3542E977BBFB5BAF73FA70F7FF8C3C53D96BAC2BC605E302F503D732140D515109A02621DD839B465A15D547AECF20561060D1AF4F721E4CC29140ABB58A3FBEE732A054B17EE312F68E605AA602E045040680A88BF4DA4D9041AB7D22EE9EA849ACFE72F4A92E45A6B73757F4E981734F302C6584001A12920FA6A225DD3F7DB86CA7821996773B9DC87ADCDD5FB39615ED0CC0B1863010584A680E82DBBAE61C2CC5E6FF73C931026DF9B24C963215CE6ACC9D5FB39615ED0CC0B1863A1263435357D221496870F1932E4B6E6E6E6A70B85C26BA54BE1AF0CCFE796EEB9766C7C9FDE52402820AA6E225DD344D9E1D6DA102A4F8DEBB7B5B8BA3F27CC0B9A7901632CD59BA1424EBA39B459A12D2F65A815F182887595A14251B9F7D0A143A71D72C8212F8E1831E285A953A7A60B162C4857AC589146F171F1E2C5E9942953E65D70C1057F09C1737EE89C7BC2CF355B9414100A88756AE76E6E7D5DEDFD6190FB97B03E2F6E6E6EDECC5A5CBD9F13E605CDBC803196EACB50A18D2905C8B48BAD7F66A8F01FDB2284C93F1E79E491AF3CF4D043E95B6FBD9576550899330E3CF0C099E1774CCAE5729FB16829201410EB6C22DDA3829F5B1E27D4B0EEAE17D6E107423BD01A5CBD9F932E342F68E6058CB15457860AEDCE6E84C9F65AFFC9502D2D2D830E38E080D76EBBEDB6B7BB1328DBFACD6F7EF34048DD8BECBD544028206A62225DE5E777DC71C72BC3C036CE1451DD9FD300876C991734F302C658AA423E9F0FA553E392F290D8D4D4949E7DF6D9E9F8F1E3D3B973E7A62FBFFC723127BDFAEAABC5A340274F9E9C5E74D145E9A04183DA86CBE5359FA1860D1BD6F2831FFCE0F5993367A63DE1C9279F7CAAB9B9797EE898831410266F0544AF5BD3C509BAE4EFFEEEEFF60ADEDE7CF3CD0F324D54EFE7D483BF07F382790163AC3196B50B957B8430F86679A0BCEEBAEB8AA70C76C5B265CB8AEF8F3F571E306B36431D73CC3187066F74B503BA6AD1A2450B4BE1B26EF75C2A2014107D3891F6C8A13B215CEE6E42ADFECF6980ADEAE605CDBC803196751D2A1BCB43E5D1471F5DDC3B5989F873C71D775CDB70595B196AE8D0A1FF74F0C107BFD1537B2ADBDB73593A2CF6B30A084D01D1E3DA5E6CE05DA10D293D7647DB9F7311039F13E605F302C658632C1D289D53D97AF8EBF0E1C35B0F77AD543C4CF6CC33CF6C7B586CED64A8638E3966CEE8D1A3D3DE74F5D5578F8D27A32A20340544AF4CA47B944D88578696961EBB3AA176F47326549F13E605F302C658632CED285DF9B5754FE5DA86CAF270D966CF656D64A8534F3DF507C71E7BEC3B6FBCF146DADB060F1E3CA31E0F8955402820FA68221D50DACA9A96B5AE4CA8E51369D60697BDEE3C139F13E605F302C658632CAB86CABDCBCFA9ACF4F0D7CE0E8B2D3FE7B22632D409279CF06CBCA5485FB8EFBEFBEEADC7BD960A0805442FE868826B6F62EC6C426DEFFD57B4F37EE799F89C302F981730C61A63F95BB06CDD5B192FBCD31B6EB8E186DAD96B79E38D376E77F8E187BFB336B715E9AEE6E6E6A7E3F1C80A084D01B1D613E9AEDD9820DB9B50BB3A91B69D501D0AE473C2BC605EC0184BDD6A6A6AFA4476C19EB85771E9D2A5BD929BE2D562DBDC8AA47A33D425975C72E315575C91F6A533CE38239E6B796C7FD95211DABF2B201410BDBD0C5530A1AD6942EDEE445AFEF797D4DBD65A9F13E605F302C65863AC653293CFE70FCFC2DEB9E79EDBABD929DEE7B22C58566F863AF5D453E74E9D3AB54F83E5F8F1E3EF0B9D32BA3F2C7465C73C8F090BD8D714100A88DE5A86DA4CA45D9DC83A9A50DF5DE144DA762B71DD4CA83E27CC0BE6058CB1C658CB64D9EB3767EF99306142AF66A7C993279707CBEACD50471C71C4EB0B172EECD36019FE5E3C14765E7F5AE8CADA9DED6DDD50402820D676191A50F9791DED4DA87F5D8B89746DFF3DFD7A5DF739615E302F608CA5FF2F93E1EB59D96B3D7DD19EB6162C5850FEEFA8DE0C3564C8907756AC58D1A7C1F2B5D75E7B3E74CA8A7EBAD0B56EDD285FF814100A88B55C86D676AB687B13EADA4CA46D27D45DEB7082F139615E302F608C35C6D6E93219EF2D997DAFA76E31D2D9AD47CAFE0D2BAABAD3D685F877FBF34257BE7523EE3E574028202A5D86F6DE7BEFB1A549EFA2B5FC53EF6E67EBEC5F4BDF5F1B17957ED707EB7182C95A2E971BFB918F7CC4E7444DCC0B715928140A5D7EFFADB7DE9A6EB5D556DDFAFDE79F7FFE1ADF73ECB1C7169FDF74D34D69DCC89D7D3F5E5D51B0B4DE980BA9F2B1BCB5F55576CA5AD5765A4B4B4BDAD77B2CC3DF7BB33B1F567F687D5D40DC7DF7DDC5C1326EE1B8FDF6DBE3FD438B85C1EEBBEF9EC6CFBCA70B945A2B206A6DF9F9F6B7BF9DBEF7BDEF4DD7626B68675B69BB73E3E80EB7D2D6DB3ADD59F339695D6DEB3258EEB4D34EEDBE16C7E7EDB7DFBED8B2B963B3CD362BB6F83CB6ABAEBAAAF83BE6CF9F5FFC997BEFBDB7F8FDF2F77FF39BDF6C7DFF2DB7DC926EB9E596ABFD1BE2C503B3E723478E6C7D1EE709F382662ED46AA5D9635972C41147BCD1D7E7582E5AB468613F3EC7326BD3F2F9FC1E03070E7C4F7C5F5F07CB38485E78E185C505310B71D9F74F3CF1C4D6AFC367512C2EE2C41F03DE0E3BEC50FCF797170871B2DF70C30D5B7FA63F1410B5B80C9526AEE5037AE7BC924A26D47A3FC7D2E7444DCD0B6DC7E44D36D9A4C3D7E3DC316BD6AC74975D76592D58DE7CF3CDE9673FFBD9D57E5FF9581EBF3EFDF4D35BBF5E7FFDF55BE79EA79E7AAAF87BE27BBEF5AD6F15E783F8FC89279E68FDD9471F7DB4F878F1C517DB6369BD31C65295CB64787CD239966D9C75D6594BFBFAAAB093274F9ED9DFAE0ADBC90038A0AF0B8851A346B5EE218D03E5F1C71FDFFA7C9F7DF669B78088AFC53D9BD9FBB2ADD1313CC6C0F9C94F7E5201B18E97A1B65B45D76222BD6240FB57C2EBCE845AB75785F539518BF342DB3D927159DA60830D3A7D5F0C901FF8C007560B961B6FBCF16A73C9F2E5CBD371E3C6B56E608CBFFF80030E283E8FEF8D73497BE1B67C83E3A69B6EDA7AB44DDC381937623A14D67A638CA55A974957856D4718D4EFE8EBFB589E77DE7953FBCB7D2CCB3EE4294992ECDDC100D867054416D2E25EC301657B27E3F33BEFBCB31808E3F37BEEB967B5093E1600D9F3E9D3A7171FAFBFFEFAF4D9679F2D3E9F376F9E02621D2E43156C1D5DD3BDB9BA7AE3E8B6B61D5087F7EEF23951ABF342DB3665CA94E272F4A10F7D6895235ADAB6B84131B6B6C1F24B5FFA52BB1B29E3EF8C61B4ED9C12E79E8D36DAA8DDF7C70D8E0F3EF860F179FC7765DFBFE4924B9C6369BD31C652D5CBA4FB58B6E38F7FFC63EE88238E48DF7AEBAD3E0B962D2D2D0B42A76CD14F16BACEB6A8F57901B16CD9B262B88C13F436DB6C530C887142CF26ECD89E79E699E2C019F76CBEF4D24BADE13006BF389967C5C1800EF6582A20D6CD32D4CDADA45DBDE1737727D4EC10A4BDEB7082F1395193F34247E757C60D8CF1796787C366CF63988C2DBB904FFCB9B6A1347EEF1BDFF8C66A1B1C6320DD6BAFBD56D9001ACFB98FEFB9FCF2CBDB9D53EAFD1409EB8D3196EA5F269B9A9A3E11DE53BC6E4C789E2E5DBAB4577253ACED070D1A541E2CAB3B439D7AEAA9AF3DF4D0437D122A1F7EF8E1A5A143EEABB785B32F0B881826E3641E43630C7271F779B67731B678F853B6F730DB031907D1B807319BD4B3BD94718F657C3D9E6BA380A83A1D6DADEDEA44DADD0935FB7B26529F1335362FB43D0C369EEE908DC1E79C73CE2AEF89A730ECB6DB6EC5D6DEC57B4E3EF9E4F4A8A38E6A3DBAA5BBF3423CB77FF6ECD9AB1D29533E2F6447DF641707322F608CA51AC55B8F64812FEE88E90D37DC704379A89C54F59D72F5D5579F7BDC71C7F5C95ECB430E39E4A9F021342B207A776B746C93264D2A1611D956E7CE425CF9041F03665618C495245EBCA1EDE1AD0A88AA11B7D6B63D1467C880EEDF9BABBD09757037B60AE373A20682E580D29128D9D78F3CF2C82A1754CBC2676CE557145FD33996D9112BEDCD29F19CFAC71F7F7C8DA748C4B9203BAA2586DB384F7476A8AE7901632C55102CF7CE425FDC6BD9D317F189BF2FFEDEB27B68D646863AE9A4935E1E3D7A74AF86CADFFFFEF7CFC6BD95DD3CCC4101B116E75B965F4EBEB36019CFB58987CEC6731DE39ECEECFD718F657BEF574054DD845A7E1183F289B13B377CEEE8E7DCF8D9E7443F981706747001B7B80131BE16E6E6550E7FCD0266769BA86C8360DC4BD9DE38DFD1C6CAB62D1E05931D2973CD35D7ACB24134DBA33A7CF8F0D5AE626E5EC0184B350AD9E69E2CF81D7DF4D13D76EB91381EC71D7FE57B2B6B26438D1A35EA3F0E39E4907766CE9CD92BA1F2E9A79F7EABB9B9F9F990B43FAB80E8BD969D3FF9F9CF7FBE18D8CAB738C7EFEFBBEFBEADCF6388CCF626C61B5FC7C35F6310CD6E3F926DD9CE9EC70B022920AA56DB4381DE55DACADADDCBA6B7FDB95D4DA43E276A7B5E88175E8B174C8BE7D577F49EB8B1308EC36DFF4D7143637635EF78718AEE84D88EE685D8B20BCC959F6F5F7E2D80BE6E82A531D618CB5A04CB2D425B9205C058D7AE6DB88CA1F2CC33CF2C0F95CB6B2E4385C2FF8A78219FC58B17F768A88CBFEF80030E585A8F87C0AEAB2DD3E55B9CD7F49E18FCBAF37E0544CD4CA83DB1F5D715EF7C4EF4B37941132C8DB1C6587A563E9F6FCC2EE493EDB9ACF4B0D8F8736DF654A6359BA1468E1C794B0C973DB5E7F2E9A79F4E0F3AE8A01743879FA08030792B206A664275C3679F13E605F302C658632C5D1402604B79B88CE746C6530DE2555DBB7AF5D778A19EF2732A63ABF90CF5AB5FFDEA67210CBE13CFB95C9B0BFADC71C71D2B870C19F262EC680584024201D167D6F6901D87FCF89C302F981730C61A63E9A6B8E732B465E5C13006C5782AC18409138A7B23B3C364E3E1AE0B162C28DEBD61C48811F1768CAB04CA78F86BBFC950975F7EF976279D74D2F371576CBC6A5C77C40BB3849F7B71F0E0C1D3EAF59C4A058402A24A26D4EE6E657571029F13E605F302C658632C158AE75C96DF86A4C236A95F66A80B2FBCF0BF8317E2E1B1F1AA9ED3A64D4B172E5C583C172F8A8FF11CCA183EE3EEDEC30E3B6CC5C1071F3C3D26EC7ABCFAAB0242015145BA7B088F437E7C4E9817CC0B18638DB1F44CC0DCAF1430DFEC4EA0AC8B0C75EDB5D77EE5BCF3CEBBF6E4934F9E3574E8D0E5CDCDCD6F9776EFBE75E081072E0FC1F3A1D0CE8C29DDA2A4805040D4DC84BA6D68CB07B8E1B3CF09F382790163AC31961E13B2D22742C03C2A64A49B437B2AB4156541725E68A3433B56864201A180A805BB9626CA5D3B797D8989D4E78479C1BC8031D6184BEF2B85C9D4D19D28201410B5A8A3ADB50EF9F139615E302F0896C658632C7D249FCF7F2D3B3C364912E7F1A2805040F48B09D544EA73C2BCA00996C658632C7D1B2C47951D0A3B4D8FA0805040D4FA847A9189D4E7847941332F18638DB1F49D1024B76D7B319F10342D7F28201410352B1E76910E7019759F13E605CDBC608C35C6D297C172743B57829DE65C4B14100A885AF6415D501B9F539C7474837941332F608CA5E643E5B61DDD7A244912178D4201A180805E9F882CAFE605CDBC803196DA5FD6EEECE4FE9553F4100A080504287A302F981730C64267CB59877B2B9D6B89024201018A1ECC0BE6058CB1D095E56C7467A1D215625140282040D18379C1BC803116BA65D0A0417F1F96BD57F4040A080504287A302F981730C6424572B9DCFBC3B2B75C4FA080504080A207F3827901632C5464CF3DF7FC4092242FEB0914100A0850F4605E302F608C858A343535FD4358F65ED21328201410A0E8C1BC605EC0180B15C9E5721B8565EF453D81024201018A1ECC0BE6058CB150919696960FE6F3F9657A0205840202143D9817CC0B1863A1228542E14361D97B414FA080504080A207F3827901632C542497CB7D382C7B4BF5040A080504287A302F981730C64245060F1EFC91B0EC3DAF275040282040D18379C1BC8031162A9224C9C661D95BA2275040282040D18379C1BC8031162A92CBE53609CBDE623D81024201018A1ED6DAB871E38CC9D5D1568479E14D4BA43116FA4A92249B86656F919E4001A18000450F6B6DE2C4890B172F5E6C5C5EC76DC18205378679618625D2180B7D2597CB7D2C2C7B0BF5040A080504287A586BE3C78FDF6BC284092F3EF7DC73AF199FD7CD86C638278C1D3BF699D0F6B3441A63A1AF3437376F1696BD67F5040A080504287AE811613CDA63CC9831D3E29114F1307DAD4F5BECF319E60463AC5E601D2C771F0F6D819E4001A18000450F8031162A92CBE5FE312C7BF3F50475ABA1A161670330287A008CB150B9A6A6A64F84656F9E9EA09E07DF49A1BDA32740D103608C858A97BB4F8636574F50AF2BC0C038F8C69624C9BFEB1150F4001863A1FB72B9DCA7C2B2F78C9EA05E07DE7BCA82E5183D028A1E00632C745FA150D83C2C7B4FEB09EA4E0892BB66A1D25E4B50F400186361AD96BB2D427B4A4F508F0BFFA4B6C132B4D17A06143D00C658E89E5C2EB76558F6E6E809EA6DC0DDAF9D50596C8542E15FF510287A008CB1D075A186FE7458F666EB09EA6DC0FD4B47C13249921BF410287A008CB1D075B95CEE3361D99BA527A81B2138EEDD51A8CC5A3E9FFFA29E02450F803116BAA65028FC7358F666EA09EA46088D0FAF29588676B39E02450F803116BA5C636F1596BDBFEA09EA5692241B879560899E00450F8031162A93CBE5B60E75F5137A82BA3568D0A08F8601F8393D018A1E00632C542684CACF86656F869EA06E3537376F16568267F504287A008CB150997C3EFFB9B0EC3DAE27A85BB95CEE1FC34A305F4F80A207C0180B15D7D49F4F92E4313D413D0FBE9F0C6DAE9E00450F8031162A1342E517C2B2375D4F50B70A85C2E66125785A4F80A207C0180B9589B7EB8BF78AD713D4AD5C2EB7655809E6E80950F4001863A1324D4D4DFF12C2E5A37A82BA1556807F0A03F0937A02143D00C658A84C92245F0ACBDE9FF50475AB5028FC73580966EA0950F4001863A132F97CFECB61D97B444F50B7DCCC15143D00C65858EBE5EE2BA1FD494F50B7DC7307143D00C65858EB9A7A9BB0EC3DA427A85B2E8D0C8A1E00632CAC9D42A1F0D5B0EC3DA827A85BAE60058A1E00632CACF572B76D68D3F40475CB89C6A0E80130C6C25AD7D4DB8565EF013D413D0FBE4E3406450F803116D642A150F8B7B0ECFD514F50CF2B81E3C141D103608C85B55BEEB60F6DAA9EA06ED96D0F8A1E00632CAC754DFDB5B0EC4DD113D4FB4A60EB0A287A008CB150A124497608CBDEFD7A827A1E7CBF1EDA643D018A1E00632CA8A9A1224992FC7B580926E90950F4001863A1320D0D0DDF08CBDE7D7A827A5E09BE15C2E5BD7A02143D00C658A878B9FB666813F504F5BC120C0CED1E3D018A1E00632C54C6CE1AEA5E5801760A03F0383D018A1E00632C545C537F3B2C7B13F40475ABA1A161E7B0228CD113A0E80130C642C5CB9DA300A96FF97CFEBFC24AF0073D018A1E00632C54A6A1A161C72449C6EB09EA565801760D03F09D7A02143D00C658A8B8A6767A19F5AD50287C279FCFDFAE2740D103608C858A97BBFF086DAC9EA06E8550B947580946EB0950F4001863A132AE5B82C1B7B171CFD06ED513A0E80130C6426542A8FCCFB0ECDDAD27A8E79560EF7C3E3F4A4F80A207C0180B9571414CAC04F9FCF7C24A708B9E00450F8031162A532814760975F55D7A827A1E7CF70BED663D018A1E00632C54C69D16B01224494358096ED213A0E80130C64265DC6901C1320803F0F57A02143D00C658A878B9DB3DB4FFD513D4AD7C3EDF14B2E5757A02143D00C658A8B8A6760B3FEA7EF01D14DA483D018A1E00632C54264992EF8670799B9EA09E5782216100BE464F80A207C0180B152F77EE0D4F7DCBE7F3FB877079959E00450F8031162AAEA9F70ACBDEEFF504F53CF81E18DA157A02143D00C658A84C92247B8770394A4F50CF83EFC1A15DAE2740D103608C858A97BB7D42FB9D9EA06E254972483E9FBF544F80A207C0180B9509F5F4F7C2B2778B9EA09E57821F8495E0177A02143D00C658A84C9224FB86BAFAFFE909EA79F03D2CB49FE90950F4001863A1E2E56EBFD06ED613D4AD24498EC8E7F323F404287A008CB15099504FE7425DFD5B3D413DAF04478695E07FF404287A008CB150F172970FED463D413DAF043F0AED423D018A1E00632C54269FCF37264972839EA06E8515E098B0229CAF2740D103608C858A6BEA242C7BD7EB09EA560895C785F5E05C3D018A1E00632C54BCDC1542FB8D9EA09E83E509612538474F80A207C0180B15D7D44D49925CA727A8E7C177586867EA0950F4001863A1322154368765EFD77A827A1E7CFF3BB4D3F504287A008CB150F1723728B4917A82BA95CFE77F9224C9A97A02143D00C658A8B8A61E1C6AEA6BF504F53CF89E12DA703D018A1E00632C542684CA2161D9BB464F50CF83EF69A19DAC2740D103608C858A97BB96D0AED613D4AD2449CEC8E7F327E90950F4001863A132A19EDE3FD4D557E909EA79F03D2BAC0427EA0950F4001863A1E2E5EE80D0AED413D4F34A704E68C7EB0950F4001863A13249921C94CFE77FA527A8E795E0DCB0121CA72740D103608C858A97BB8343BB5C4F50B742A83C3F84CB63F404287A008CB150F1723734B4CBF404F5BC125C18DA8FF404287A008CB1509924490EC9E7F397EA09EA7925F89FB0121CA92740D103608C858A97BBEF87F64B3D41DD0AA17244089747E80950F4001863A1E29AFA0761D9FB859EA09E07DF9F8576989E00450F8031162A9324C9A1215CFE5C4F50CF83EF2FE216163D018A1E00632C54BCDC1D1677D8E809EA7925B82C5EC54A4F80A207C0180B95C9E7F3878765EF123D413DAF04BF8A3774D513D06B05CEE858E4ACA14DD353008225B52B5EB3245EBB444F50CF83EF95A11DA027A0D7D6B16D437BB3B3601926A23DF4148060494D2F773F0CED623D413DAF045787D6A227A057D7B33B3B099653060E1CF81EBD04205852BBE2EDFBE26DFCF404752BAC00D7861561B09E805E2D72B6ED28588675706F3D04205852F3CBDD8F42BB504F50CF2BC1AF4361DBAC27A0D7D7B5F6CEB59C666F25806049EDCBE7F347879AFA023D413D0FBEBF09ADA027A0D7D7B5D5CEB5746E25806049FF1042E531615E3F5F4F50CF2BC10D612568D413D0FBC2BA36CADE4A00C1927EB9DC1D1BDA797A827A5E096E0AE1B2414F409F04CBAF959D5BB9AB1E01102CE93773FC71616E3F574F50CF83EFCDA1EDA727A0CFD6B9E2B996F656020896F41F2154FE3884CB9FEA09EA79F0BD25AC04DFD31354BB344DDF3367CE9C9BA74E9DFAF6B871E3D23163C6687DDCC68E1D9B4E9C38F1F9D05CF00B102C61D5E5EEF8D0CED113D4AD78CE97DB1D500B62A89C346952BA78F1E2F4F5D75FD7D6515BB264497AEFBDF7BE1442A6231D00C112FE56539F106AEAB3F504F53CF8DE1ADA9E7A826A17F7540A9555132E5F1F3366CC0C4B252058C2FF09A1F2C4B0EC9DA527A8E7C177B45B1E500BE2E1AF425DF5B4102CDFB454028225B42E77C3423B534F50B742A8BCBD50287C474F50EDE2397E025D55054B851B2058C2DF6AEA93922439434F50CF2BC15D6E7B407F0A96AFBCB8309D33EDEAF4B1B1A7155B7C1EBF270C0A96806009BDB8DC9D1CDA697A827A5E09EE0EC1F23FF504FD21582E5FB6209DFE8793D33FDF7EDC2A2D7E2FBE26100A96806009BD219FCFFF24D4D4A7EA09EA79F01D1BDA7FE809FA43B09CF7D86DAB85CAACCD7F6CB4402858028225F4D672373CB453F404752B4992F10D0D0D3BEA09FA43B09C71CF4F3B0C96F1358150B004044BE8A5E5EE94182EF504F5BC124C08E1F2DB7A82FE102CA78F39A5C360195F1308054B40B084DE100F838D87C3EA09EA79F09D18DA37F50482A5265802822554BCDC9D162FE0A327A8E795E0BE8686866FE809FA43B08C5781ED2858C6D70442C112102CA19796BBD343FB6F3D413DAF04F72749B2839EA03F04CB59937FD661B08CAF098482252058426F88F7B08CF7B2D413D4F3E03B35B4EDF504FD21582E5DF0683AFDEEE1AB1F061BBE175F1308054B40B0845E5AEECE0C6D989EA09E578207F2F9FC767A82FE102C637BEAC191AB05CBF83D6150B004044BE8C5E5EEAC24494ED413D4F34AF060A150F8AA9EA05F04CB952BD359F7FF72F5C360C3F7E26B02A160090896D01B42A83C3B9FCF9FA027A8E7C1F74FA17D454F50EBC172F9B205E9CCC99774788E657C2DBE4728142C01C1127A61B93B27B4E3F504F5BC123C92CFE7BFAC27A8D960B97265BA70D6F8F42F770DEB3054662DBE27BED7DE4BC112102CA1272549726EA8A98FD313D4ADB0023CDAD4D4F42F7A825A0C966BDA4B69EFA560090896D047CBDD79A11DAB27A8E795607A92245FD013D462B0ECCA5ECACEF65E0A8882252058424FC8E7F3E7879AFA183D413D0FBE8F8715E1737A825A0C969586CAAC098882252058424F08A1F28250531FAD27A8E7C1F7AF6125D84A4F508BC152132C01044BAA64B9BB30B41FE909EA79259895CBE53EA327102C35C112102CA132F97CFEA224498ED213D4F3E03BBB50287C5A4F20586A82252058426542A8FC9F102E8FD413D4F3E0FB54685BE809044B4DB004044BA878B9BB38B41FEA09EA7925782697CB7D4A4F20586A822520584265F2F9FC8824498ED013D4F3E03BAFA9A9E9137A02C152132C01C1122A5EEE2E09E1F2703D413DAF040B42FBB89E40B0D4044B40B0848A97BB9F8576989EA09E578285B95CEE637A02C152132C01C1122A93CFE77F9E24C9A17A827A1E7C9F1B3468D047F50482A5265802822554BCDCFD32B4EFEB09EA7925589224C9C67A02C152132C01C1122A93CFE72F0D35F5217A827A1E7C97E672B90FEB09044B4DB004044BA878B9BB2CB4A17A827ADEBAB2ACA5A5E5837A02C152132C01C1122A5EEE2E0FED603D413DAF042F353535FD839E40B0D4044B40B084CAE4F3F95F254972909EA09E07DFE5B95CEEFD7A826A3070E0C0F7089682258060490D2E77578476A09EA09E578257BFFBDDEFFE9D9E605D4B92A4391603A1ED27580A9600822535B6DC5D19DA017A827A5E0956B6B4B4BC4F4FB0AEE472B9CF1C7BECB1F73DF9E4938B9E7FFEF9B1871F7EF88361B9BCA4ED722958D65EB00C9FE3B6F97C7E94A51C102CE9EF9224B92ACC79FBEB09EA79F07D63E8D0A1EBEB09FA5A3CEC75D0A0413FB9E5965B9E7FEBADB756A47FB3ECF6DB6FBFBBB9B9796A0C9D8265ED05CB1828431B1DDA9B0A3C40B0A44E96BBAB436BD113D4F34AF05628DED7D313F4A52449FEFDA73FFDE99C175E78E1F9B4032FBFFCF213279C70C282ECD058C1B2FA8365DB4099354B3C20585207CBDD35A1BE19A227A8E795E09DF0F02E3D415F88B7B639EAA8A3AEFBD39FFED461A06CE3CDBBEFBE7BC1C1071F7CE95D77DD25D05569B0CCE7F35F8B87BCB60D9482252058522F42A8BC36CC8583F504753DF8C67019DADBA5A2F08D78DE65682BE2857D427B25AC282FC7DB92C47B5E86C717427B3EB425A13D17DAA2D09E0D2DEE599A17DADCD09E09EDA9D0E684F66468B342FB6BF83D4F84C7C7C3E363E1F12FE1F73D1A1E1F098F0F87C787428BE7D63D10DA1F439B12DAFDA1DD17DAA4F033F786C709E1717C781C171EC784C7BBC3CFDE151EEF0C8FB787C7FF0D8FB785C75B4B45EEEFC2E3FF0B8F37877653683786767D68BF09EDD7A18D8C83403C74211E171FAFE6152F151D6F701B1E2F0D8FBF088F3F8FE7FB85C711E13DFF131E2F0A8F1784C7F3C3E3B9E1F1A7E1F1ECF09EB3C2E319E1F1F4F0786A783C25BCF693F07872783C293C0E0B8F2784C7E3C3E371E1F1D8F0787478FC51783C323CFE303C1E1E1E0F0B8F3F088FDF8F37D98DF7438A57188B2783C7E3F6E396B03868C50BDD84C7A6F09884C7C6F0D0101E73E171DFF0F8BDF0B87778DC2B3C7E373CEE512814BE131E770B8FBB84C7FF6A6868D839FCCEFF088F3B86C781E1F15BE1F19BE1F11BE1F1EB312884C7EDC3E376A5F3E4B6098F5F098F5F0EBFF34BE1F18BE1F10BE1F173E1F1B3E171ABF0BBFF393CFE5378FC742E97DB323C6E1E1E3FD5D4D4F489F0F88FCDCDCD5B5F76D965E98A152BDE4ABBE9E5975F7EE997BFFC653A77EE5CA1AE8A8265477B28DBB678BE6C5806368C170A1B3468D0DFC72B51EFB9E79E1F88B73A0ACF378A2D6E7408CBCC87C2F30F0F1E3CF82361B9DA383CDF24B6F0331F0D5F6F1A9E7F2C2C479B85DFF9F1B84CC5652BB6F0F527E3B21697B9F07C8BD2F2F7E9D8E232190FA92E2D9F5B85E75B9796D9CFC516BEFE7C6959FE62F85DFF525ABEBF1C5BF8997F2D2DF7DB84E75F2DAD0BDB85E7FF165B691DF95AF8991DE27A13D79FB8373EAE4BA5F5E95BE1EB6F97D6B11DC3F39DE27A575AF7760E5FFF675C1FE37A199EEF5A5A47BF135B78CFEE71DD8DEB7078BE67697DDE3BB6F0F53EA5F57CDFB847BFB4EE3784E7F9D84A6342129E174AE344BC30D6A0D84AE3C79078B8561C53E2D812C7987889FCD84A63CED0F0FC90380EC5F1283C3F34B6D2F87478787E4469CC3A323C3F2A8E63A5B1ECE8F0F531A5F1EDB8F0FCC7A531EF84D8C2D72796C6C23826FE77697CFC4969AC1C1EC7CDD2F8795A692C8D63EA99A5765669AC3DA734EE9E1B9E9F175B693CBE203CBFB03446FF4F787E711CB7638B6378683F2B8DE7BF08ED97718C2F8DF3F186E69797C6FE7845C72B4BF3C1D5A5764D699E1819E78DF0FCBAD21C12E792EBC3D73794E6969BC2F3DFC6F926CE3BA5B9E796D23C14E7A3DF97E6A6DB4AEBCCE8D29C15E7AE3B4AF3589CCFFE506A7797E6B9B1A5392FCE7DF7C479B03417C63971629C1F4BF3E4E4D29C797F69FE9C5A9A4BE39C3AAD34BF3E546A7F2ACDBB8F84F6E7D25CFC97529B5E9AA31F0F6D4669DEFE6B68334B6D56695E9F5D9AE3E35CFF7469DE7FA65403C45A607EA92E88F5C1C2525B54AA1B16976A88584B2C2DD5152F946A8C1763BD51AA3B96C71AA4D4623DF25AA9368935CAEBA57AE5CD527BAB54C7BC638316EBB0A68EE3C4203D41BD7BD729A79CF2EE78CE5B3CDF72B7DD76DB201682591198158059E197157D59B197157A5981575EDC65455D56D065855C56C465C55B56B865455B56AC65855A56A065C55956946505595688654558567C658557567465C5565668B529B00E2C1556C5A22A2BA8B2422A2BA2B2E2292B9CB282292B96B222292B90B2E2282B8AB282282B84B222282B7EB2C2272B78B262A74D919315385961532C6AB262262B64B222262B5EB2C2252B58B262A5AC48C90A94AC30C98A926231921522590192151F658547567094171B5991F1ECF0E1C397CD9B37EF9DEE06CB65CB96A523468C28160BD51A2E972C59120B99F4E69B6F4E5F7DF5D574F3CD374F77DA69A734AC2FC576EBADB7165F6FFB73F17BE79C734E875F5779B0EC6A5B512A0A5F2D1589CBB30D56A542F2C5B20D574BCB365E2D2EB56C23D6C2B20D59F34BCB56F906ADA7CB366ACD2EB56CE3D6CCB20D5C334ACB6EB6A16B7AD9C6AE3F9796F36CA3D79FCA367C4D2BDBF8F5C7D23A926D049B9C6D082BAD4B13B30D62A575ACB851AC1414C6661BC7E2FA986D202BADA3B7671BCA4AEB6E716359697D1E956D342BADE7C50D67A540936D3CBBB134261437A295C6895F970A9E6C63DA35651BD4AECC36AA95C2D5E5651BD77E996D602B85B29F651BDAE298956D6C8BE358692C2B6E742B8D6FC50D6FA531EFEC6C035C692C2C6E842B8D8FA7661BE3E2B8996D902B8DA5C58D72B195C6D8E2C6B9D2B85BDC40175B693C2E6EA82B8DD1C58D7571DC2E8DDDC58D76A5F1BCB8E12E8EF1A5F05CDC80571AFB5B37E2C57921B66C635E69BE286ED02BCD2149B661AF34B71437EE95E69B7DB38D7CA579A8B8A1AF34371537F6C516E7AC6CA35F691E2B6EF88B2DCE6FD906C0D29C57DC0818E7C1D25C58DC18589A1F8B1B04E39C195BB661B0349716370E96E6D76DB28D84A579B7B8A1B034177F31DB60589AA38B1B0D4BF37671C3616CA5F9BC7503629CEBB38D88B1C51A20DB9818EB82581FC40D42B1C57A21D60D716351AC21622D113724C5BA22B65863C48D4CB1DE887547DC00156B90D8623D12374EC5DA24D628E1F97B63BD12EB96D8E2293DB18E19E0082CD6ED1ECBEBE218A12700FA48C889EF993C79F25D2B57AE7CBB2BA1F2FEFBEF5F70E08107BEF2939FFC247DFAE9A7AB3A6C3DF0C003E9669B6D16F7CA1603E2E38F3F5E7CBCE4924B5A4363F6DEEDB6DBAE356C5E75D555E9C61B6F9C3EF8E083C5AF77DF7DF7D6D7E2EFA8F643614B05F0948E82A5A51E80FEAE743443414F00F4B11B6EB861BFD9B367BFD651A07CF6D967579E7EFAE98BE35E8AB825BBD62EDE1343E1C891238B8F03070E4C274D9AB44AB09C356B563A6AD4A8D660B9C30E3BA4A3478F4EAFBBEEBAD69FBFE9A69B6AEAE23D71AF4B698F9D600940BD05CB781459A22700D68178A8530857F7AF58B1E2CD2C50BEF1C61BEFFCFEF7BF9FB7FFFEFB0F89873865EFADE660397FFEFCE21EC60D37DCB01820B36078E9A597B606C7B8D7B23C58C6F79F7CF2C9AD0174BDF5D64B43902E06B6C9932717BF1FC3672DDE6EA4B4077392600940BD88A721C4C3E3F504C03A74DA69A7B5C4301582D4E2CB2FBFBCDDF313AA7D8F6576F8EB2DB7DCD21A2CE31EC9B67B31B3E74F3DF55471EF64FCDE17BFF8C562D08CDF5FBA7469F17B219CD5EC7D2CCB26D9B807738A251C80FEAE749E7B5E4F00AC63E57B276B3158B60D93F1F9F5D75F5F0C8CF1BCCB458B16AD122CB7DF7EFBF4F6DB6F2F7E2FEEF1DC6AABAD8A87C25E73CD35AD17028A2DFE5CAD064B00A8A360192FA4D8A02700AA5CAD04CBE9D3A7A72FBDF452EB61B0D91EC8F8FD2C58CE9B37AF78E5D8183AE3A1A2F171CB2DB74C0F3DF4D0E2F3B8D733BE77DCB87135BDC71200EA45E9EAFC393D012058F648B08C81F2B39FFD6CEBC57AE20578E2633CF475409BDB8DC4C367A74C99527CCCAE021B1FE3F996D9457C044B00A87EA5FBA6EFA7270004CB1E0996F150D6F818F748C6C7679E7926BDFBEEBB573BC7B2FC671E79E49162A08CF7BEAC95ABDE0A9600F037F1DEC2F11EB67A0240B05CEBB67CF9F2F489279E281EF65AFEFDECFE94F1DE95EDDDC73286D1E1C38717EF6579D2492715BF9F05D478BEA5600900D5ADB1B1F196102EBFA7270004CB3EBF8A6C2DFFFB054B00582558FE2EB47DF4048060A909960050917C3E3F2A4992BDF5048060A90996005091C6C6C65B43DB534F0008969A60090015C9E7F3B72549F25D3D0120586A82250054A4B1B1717408977BE80900C152132C01A0D260F9BFA1EDAE2700044B4DB004808AE4F3F9DB0B85C277F4048060A90996005091C6C6C63B42B8DC4D4F0008969A6009009506CB3B9324D9554F0008969A60090015C9E7F377150A855DF4048060A90996005091C6C6C63F8470F95F7A0240B0D4044B00A83458DE9D24C97FEA0900C152132C01A02221548E696868D8594F0008969A60090015696C6C1C17C2E54E7A0240B0D4044B00A8480895E31B1A1A76D4130082A526580240451A1B1BEF096DA09E00102C35C112002A0D96139224F9B69E00102C35C112002A1242E5BD0D0D0DDFD2130082A526580240451A1B1B2786F64D3D0120586A822500541A2C272549F2EF7A0240B0D4044B00A83458DED7D0D0F00D3D0120586A822500541A2C2787F6753D0120586A822500541A2CEF4F9264073D0120586A822500541A2CA7E4F3F9AFE90900C152132C01A0D2603935B4EDF5048060A90996005069B07C209FCF6FA72700AADCB871E304BAEA692B42B07CD3520900ADC1725A68DBEA09802A3771E2C4858B172F16EAAAA02D58B0E0C6102C67582A01A035583E582814BEAA2700AADCF8F1E3F79A3061C28BCF3DF7DC6BC2DDBADB531943E5D8B1639F096D3F4B2500B406CB87F2F9FC367A02A0068430B3C7983163A6C5C330E3397EB5D8468D1A95D6EABFBDD4EF33844A00582D58FE29B4AFE809007ADD73CF3DB7EF881123D230F16CA13700A0FFC8E7F30F170A857FD51300F4AA344DDFF7C20B2F2C0BD2A14387FEAF1E0180FEA3B1B1F191102EBFAC2700E855F3E6CDFB755A72FFFDF72F4892646FBD0200FD2658FE39CCED5FD21300F49A575E79E5CB6FBFFDF63B699933CF3C735E4B4BCB07F50E00D4BE7C3EFF685353D3BFE809007ACDA2458BE6A46DBCF8E28B8BC20474B1DE0180DAD7D8D8F897102EBFA82700E81573E7CE3D39EDC0A851A316B9993200F48B60393D49922FE809007A5CC88E1F5BB972E51B1D05CB77DE79E7F51FFDE8478F0E1C38F03D7A0B006A5708958FE572B9CFEB09007ADCFCF9F3A7A46B3067CE9C7961323A4A6F0140ED6A6C6C9C11E6F3CFEA09007ADCE4C993D7942BD3152B564C089351DAD2D2F23E3D0600B52984CA2772B9DCD67A02801EF7939FFCE4B0CE0E858DB972D8B06137D9630900B5ADB1B1F1AFF97C7E2B3D0140AFB8F1C61BFFDA51AA7CF2C9272F0D13D114E7580240CD07CB998542E19FF50400BD2297CB7D2604C815ED5CB8677A5353D374578505807E112C67C5395F4F00D06BCE3BEFBC4B42907CBB3C585E71C51557E6F3F98BF40E00F48B60F96498D7FF494F00D06BE2A1AE77DD75D7E22C54BEF8E28BD7C72D9B2D2D2D1FD43B00D02F82E5EC42A1F0693D0140AF3AFCF0C3775AB66CD9CAD0D2A143878E4D92646FBD0200FD2658CEC9E5725BEA09007ADD65975D76E7881123D27C3E3F4A6F0040BF0A964F85B6859E00A0D7C5435FE33D2B9DDC0F00FD2E583E5D281436D71300F4D5C493EA0500E877F3FB33B95CEE537A0200C11200A8747E9F1BDA27F5040082250050E9FC3E3F97CBFDA39E0040B004002A9DDF1784F6713D0180600900543ABF3FDBDCDCBC999E0040B004002A9DDF17E672B98FE90900044B00A0D2F97D5192249BEA0900044B00A0D2F9FDB94183067D544F002058020095CEEF8B73B9DC267A0200C11200A8747E5F9224C9C67A0200C11200A8747E7F7EF0E0C11FD1130008960040A5F3FBD25C2EF7613D0180600900543ABFBF5028143EA42700102C01808AE4F3F9652D2D2D1FD4130008960040A5F3FB4B4D4D4DFFA02700102C01808A2449F2F29E7BEEF9013D0180600900543ABF2FCFE572EFD7130008960040A5F3FB2B83060DFA7B3D0180600900543ABFBFFADDEF7EF7EFF4040082250050E9FCFE5A2E97DB504F002058020095CEEF2B5A5A5ADEA72700102C01804AE7F795BBEDB6DB067A0200C11200A8747E7F3D97CBBD574F002058020095CEEF6F0C1D3A747D3D0180600900543ABFBF3970E0C0F7E80900044B00A0D2F9FDED534E39E5DD7A0200C11200A8747E7F273CBC4B4F0020580200E677006A63E2D1344DD334ADFF35550E00000000000000000000000000000000000000000000000000000000000000B04EFD7F52A9DA10FF9FDF790000000049454E44AE426082, 1);
INSERT INTO `ACT_GE_BYTEARRAY` VALUES ('247539', 1, 'var-userLeave', NULL, 0xACED000573720018636F6D2E6C656E2E656E746974792E557365724C65617665000000000000000102000F4C0009626567696E54696D657400104C6A6176612F7574696C2F446174653B4C000863726561746542797400124C6A6176612F6C616E672F537472696E673B4C000A6372656174654461746571007E00014C0004646179737400134C6A6176612F6C616E672F496E74656765723B4C0007656E6454696D6571007E00014C0002696471007E00024C000B6F70696E696F6E4C6973747400104C6A6176612F7574696C2F4C6973743B4C001170726F63657373496E7374616E6365496471007E00024C0006726561736F6E71007E00024C000673746174757371007E00024C00087461736B4E616D6571007E00024C0008757064617465427971007E00024C000A7570646174654461746571007E00014C000675736572496471007E00024C0008757365724E616D6571007E000278707372000E6A6176612E7574696C2E44617465686A81014B5974190300007870770800000163F9E00C007874002061346137343362666665393731316537623437323230316130363863363438327371007E0006770800000163FEF2E18C78737200116A6176612E6C616E672E496E746567657212E2A0A4F781873802000149000576616C7565787200106A6176612E6C616E672E4E756D62657286AC951D0B94E08B0200007870000000037371007E0006770800000163FF066800787400203266643739336364643964333432663862303335333063383566326233303533737200136A6176612E7574696C2E41727261794C6973747881D21D99C7619D03000149000473697A65787000000000770400000000787400043230313874000CE6B58BE8AF95E8AFB7E581877070707071007E00087400037A786D, NULL);
INSERT INTO `ACT_GE_BYTEARRAY` VALUES ('247541', 1, 'hist.var-userLeave', NULL, 0xACED000573720018636F6D2E6C656E2E656E746974792E557365724C65617665000000000000000102000F4C0009626567696E54696D657400104C6A6176612F7574696C2F446174653B4C000863726561746542797400124C6A6176612F6C616E672F537472696E673B4C000A6372656174654461746571007E00014C0004646179737400134C6A6176612F6C616E672F496E74656765723B4C0007656E6454696D6571007E00014C0002696471007E00024C000B6F70696E696F6E4C6973747400104C6A6176612F7574696C2F4C6973743B4C001170726F63657373496E7374616E6365496471007E00024C0006726561736F6E71007E00024C000673746174757371007E00024C00087461736B4E616D6571007E00024C0008757064617465427971007E00024C000A7570646174654461746571007E00014C000675736572496471007E00024C0008757365724E616D6571007E000278707372000E6A6176612E7574696C2E44617465686A81014B5974190300007870770800000163F9E00C007874002061346137343362666665393731316537623437323230316130363863363438327371007E0006770800000163FEF2E18C78737200116A6176612E6C616E672E496E746567657212E2A0A4F781873802000149000576616C7565787200106A6176612E6C616E672E4E756D62657286AC951D0B94E08B0200007870000000037371007E0006770800000163FF066800787400203266643739336364643964333432663862303335333063383566326233303533737200136A6176612E7574696C2E41727261794C6973747881D21D99C7619D03000149000473697A65787000000000770400000000787400043230313874000CE6B58BE8AF95E8AFB7E581877070707071007E00087400037A786D, NULL);
INSERT INTO `ACT_GE_BYTEARRAY` VALUES ('247542', 1, 'hist.detail.var-userLeave', NULL, 0xACED000573720018636F6D2E6C656E2E656E746974792E557365724C65617665000000000000000102000F4C0009626567696E54696D657400104C6A6176612F7574696C2F446174653B4C000863726561746542797400124C6A6176612F6C616E672F537472696E673B4C000A6372656174654461746571007E00014C0004646179737400134C6A6176612F6C616E672F496E74656765723B4C0007656E6454696D6571007E00014C0002696471007E00024C000B6F70696E696F6E4C6973747400104C6A6176612F7574696C2F4C6973743B4C001170726F63657373496E7374616E6365496471007E00024C0006726561736F6E71007E00024C000673746174757371007E00024C00087461736B4E616D6571007E00024C0008757064617465427971007E00024C000A7570646174654461746571007E00014C000675736572496471007E00024C0008757365724E616D6571007E000278707372000E6A6176612E7574696C2E44617465686A81014B5974190300007870770800000163F9E00C007874002061346137343362666665393731316537623437323230316130363863363438327371007E0006770800000163FEF2E18C78737200116A6176612E6C616E672E496E746567657212E2A0A4F781873802000149000576616C7565787200106A6176612E6C616E672E4E756D62657286AC951D0B94E08B0200007870000000037371007E0006770800000163FF066800787400203266643739336364643964333432663862303335333063383566326233303533737200136A6176612E7574696C2E41727261794C6973747881D21D99C7619D03000149000473697A65787000000000770400000000787400043230313874000CE6B58BE8AF95E8AFB7E581877070707071007E00087400037A786D, NULL);
INSERT INTO `ACT_GE_BYTEARRAY` VALUES ('247554', 1, 'var-userLeave', NULL, 0xACED000573720018636F6D2E6C656E2E656E746974792E557365724C65617665000000000000000102000F4C0009626567696E54696D657400104C6A6176612F7574696C2F446174653B4C000863726561746542797400124C6A6176612F6C616E672F537472696E673B4C000A6372656174654461746571007E00014C0004646179737400134C6A6176612F6C616E672F496E74656765723B4C0007656E6454696D6571007E00014C0002696471007E00024C000B6F70696E696F6E4C6973747400104C6A6176612F7574696C2F4C6973743B4C001170726F63657373496E7374616E6365496471007E00024C0006726561736F6E71007E00024C000673746174757371007E00024C00087461736B4E616D6571007E00024C0008757064617465427971007E00024C000A7570646174654461746571007E00014C000675736572496471007E00024C0008757365724E616D6571007E000278707372000E6A6176612E7574696C2E44617465686A81014B5974190300007870770800000163F9E00C007874002061346137343362666665393731316537623437323230316130363863363438327371007E0006770800000163FEF7CF0278737200116A6176612E6C616E672E496E746567657212E2A0A4F781873802000149000576616C7565787200106A6176612E6C616E672E4E756D62657286AC951D0B94E08B0200007870000000037371007E0006770800000164042CC400787400203765393832666139393863303434386538306231353832346333303439633562737200136A6176612E7574696C2E41727261794C6973747881D21D99C7619D03000149000473697A65787000000000770400000000787400043230313874000CE6B58BE8AF95E8AFB7E581877070707071007E00087400037A786D, NULL);
INSERT INTO `ACT_GE_BYTEARRAY` VALUES ('247556', 1, 'hist.var-userLeave', NULL, 0xACED000573720018636F6D2E6C656E2E656E746974792E557365724C65617665000000000000000102000F4C0009626567696E54696D657400104C6A6176612F7574696C2F446174653B4C000863726561746542797400124C6A6176612F6C616E672F537472696E673B4C000A6372656174654461746571007E00014C0004646179737400134C6A6176612F6C616E672F496E74656765723B4C0007656E6454696D6571007E00014C0002696471007E00024C000B6F70696E696F6E4C6973747400104C6A6176612F7574696C2F4C6973743B4C001170726F63657373496E7374616E6365496471007E00024C0006726561736F6E71007E00024C000673746174757371007E00024C00087461736B4E616D6571007E00024C0008757064617465427971007E00024C000A7570646174654461746571007E00014C000675736572496471007E00024C0008757365724E616D6571007E000278707372000E6A6176612E7574696C2E44617465686A81014B5974190300007870770800000163F9E00C007874002061346137343362666665393731316537623437323230316130363863363438327371007E0006770800000163FEF7CF0278737200116A6176612E6C616E672E496E746567657212E2A0A4F781873802000149000576616C7565787200106A6176612E6C616E672E4E756D62657286AC951D0B94E08B0200007870000000037371007E0006770800000164042CC400787400203765393832666139393863303434386538306231353832346333303439633562737200136A6176612E7574696C2E41727261794C6973747881D21D99C7619D03000149000473697A65787000000000770400000000787400043230313874000CE6B58BE8AF95E8AFB7E581877070707071007E00087400037A786D, NULL);
INSERT INTO `ACT_GE_BYTEARRAY` VALUES ('247557', 1, 'hist.detail.var-userLeave', NULL, 0xACED000573720018636F6D2E6C656E2E656E746974792E557365724C65617665000000000000000102000F4C0009626567696E54696D657400104C6A6176612F7574696C2F446174653B4C000863726561746542797400124C6A6176612F6C616E672F537472696E673B4C000A6372656174654461746571007E00014C0004646179737400134C6A6176612F6C616E672F496E74656765723B4C0007656E6454696D6571007E00014C0002696471007E00024C000B6F70696E696F6E4C6973747400104C6A6176612F7574696C2F4C6973743B4C001170726F63657373496E7374616E6365496471007E00024C0006726561736F6E71007E00024C000673746174757371007E00024C00087461736B4E616D6571007E00024C0008757064617465427971007E00024C000A7570646174654461746571007E00014C000675736572496471007E00024C0008757365724E616D6571007E000278707372000E6A6176612E7574696C2E44617465686A81014B5974190300007870770800000163F9E00C007874002061346137343362666665393731316537623437323230316130363863363438327371007E0006770800000163FEF7CF0278737200116A6176612E6C616E672E496E746567657212E2A0A4F781873802000149000576616C7565787200106A6176612E6C616E672E4E756D62657286AC951D0B94E08B0200007870000000037371007E0006770800000164042CC400787400203765393832666139393863303434386538306231353832346333303439633562737200136A6176612E7574696C2E41727261794C6973747881D21D99C7619D03000149000473697A65787000000000770400000000787400043230313874000CE6B58BE8AF95E8AFB7E581877070707071007E00087400037A786D, NULL);
INSERT INTO `ACT_GE_BYTEARRAY` VALUES ('297502', 3, 'source', NULL, 0x7B227265736F757263654964223A22323937353031222C2270726F70657274696573223A7B2270726F636573735F6964223A2270726F636573735F6C65617665222C226E616D65223A22222C22646F63756D656E746174696F6E223A22222C2270726F636573735F617574686F72223A22222C2270726F636573735F76657273696F6E223A22222C2270726F636573735F6E616D657370616365223A22687474703A2F2F7777772E61637469766974692E6F72672F70726F63657373646566222C22657865637574696F6E6C697374656E657273223A22222C226576656E746C697374656E657273223A22222C227369676E616C646566696E6974696F6E73223A22222C226D657373616765646566696E6974696F6E73223A22227D2C227374656E63696C223A7B226964223A2242504D4E4469616772616D227D2C226368696C64536861706573223A5B7B227265736F757263654964223A227369642D39383744383343392D363233462D343144302D394637382D333731323431443641413838222C2270726F70657274696573223A7B226F766572726964656964223A22222C226E616D65223A22222C22646F63756D656E746174696F6E223A22222C22657865637574696F6E6C697374656E657273223A22222C22696E69746961746F72223A22222C22666F726D6B6579646566696E6974696F6E223A22222C22666F726D70726F70657274696573223A22227D2C227374656E63696C223A7B226964223A2253746172744E6F6E654576656E74227D2C226368696C64536861706573223A5B5D2C226F7574676F696E67223A5B7B227265736F757263654964223A227369642D44334543344143382D304241462D344346332D413244452D443436464433393544333839227D5D2C22626F756E6473223A7B226C6F7765725269676874223A7B2278223A3136352C2279223A3230312E357D2C2275707065724C656674223A7B2278223A3133352C2279223A3137312E357D7D2C22646F636B657273223A5B5D7D2C7B227265736F757263654964223A227369642D31373942433433352D433036362D344138452D414634302D374444344342323930363346222C2270726F70657274696573223A7B226F766572726964656964223A22222C226E616D65223A22E9A1B9E79BAEE7BB8FE79086E5AEA1E689B9222C22646F63756D656E746174696F6E223A22222C226173796E6368726F6E6F7573646566696E6974696F6E223A2266616C7365222C226578636C7573697665646566696E6974696F6E223A2266616C7365222C22657865637574696F6E6C697374656E657273223A22222C226D756C7469696E7374616E63655F74797065223A224E6F6E65222C226D756C7469696E7374616E63655F63617264696E616C697479223A22222C226D756C7469696E7374616E63655F636F6C6C656374696F6E223A22222C226D756C7469696E7374616E63655F7661726961626C65223A22222C226D756C7469696E7374616E63655F636F6E646974696F6E223A22222C226973666F72636F6D70656E736174696F6E223A2266616C7365222C22757365727461736B61737369676E6D656E74223A7B2261737369676E6D656E74223A7B2261737369676E6565223A223036343338623364613663653439633539333961623433613139383833633234222C2261737369676E656573686F776E616D65223A22E5BCA0E7BB8FE79086227D7D2C22666F726D6B6579646566696E6974696F6E223A22222C2264756564617465646566696E6974696F6E223A22222C227072696F72697479646566696E6974696F6E223A22222C22666F726D70726F70657274696573223A22222C227461736B6C697374656E657273223A22227D2C227374656E63696C223A7B226964223A22557365725461736B227D2C226368696C64536861706573223A5B5D2C226F7574676F696E67223A5B7B227265736F757263654964223A227369642D46344239384238302D434233352D343638412D394439352D423835303030394645333442227D5D2C22626F756E6473223A7B226C6F7765725269676874223A7B2278223A3337392E32352C2279223A3232362E357D2C2275707065724C656674223A7B2278223A3237392E32352C2279223A3134362E357D7D2C22646F636B657273223A5B5D7D2C7B227265736F757263654964223A227369642D44334543344143382D304241462D344346332D413244452D443436464433393544333839222C2270726F70657274696573223A7B226F766572726964656964223A22222C226E616D65223A22222C22646F63756D656E746174696F6E223A22222C22636F6E646974696F6E73657175656E6365666C6F77223A22222C22657865637574696F6E6C697374656E657273223A22222C2264656661756C74666C6F77223A2266616C7365227D2C227374656E63696C223A7B226964223A2253657175656E6365466C6F77227D2C226368696C64536861706573223A5B5D2C226F7574676F696E67223A5B7B227265736F757263654964223A227369642D31373942433433352D433036362D344138452D414634302D374444344342323930363346227D5D2C22626F756E6473223A7B226C6F7765725269676874223A7B2278223A3237392E3233363332383132352C2279223A3138362E357D2C2275707065724C656674223A7B2278223A3136352E30303339303632352C2279223A3138362E357D7D2C22646F636B657273223A5B7B2278223A31352C2279223A31357D2C7B2278223A35302C2279223A34307D5D2C22746172676574223A7B227265736F757263654964223A227369642D31373942433433352D433036362D344138452D414634302D374444344342323930363346227D7D2C7B227265736F757263654964223A227369642D37384234304239362D453231302D343937452D383144412D453737324138453235443330222C2270726F70657274696573223A7B226F766572726964656964223A22222C226E616D65223A22E4BABAE4BA8BE5AEA1E689B9222C22646F63756D656E746174696F6E223A22222C226173796E6368726F6E6F7573646566696E6974696F6E223A2266616C7365222C226578636C7573697665646566696E6974696F6E223A2266616C7365222C22657865637574696F6E6C697374656E657273223A22222C226D756C7469696E7374616E63655F74797065223A224E6F6E65222C226D756C7469696E7374616E63655F63617264696E616C697479223A22222C226D756C7469696E7374616E63655F636F6C6C656374696F6E223A22222C226D756C7469696E7374616E63655F7661726961626C65223A22222C226D756C7469696E7374616E63655F636F6E646974696F6E223A22222C226973666F72636F6D70656E736174696F6E223A2266616C7365222C22757365727461736B61737369676E6D656E74223A7B2261737369676E6D656E74223A7B2261737369676E6565223A226365323936346362626332323461326639313530303662613161633435303166222C2261737369676E656573686F776E616D65223A22E5BCA0E4BABAE4BA8B227D7D2C22666F726D6B6579646566696E6974696F6E223A22222C2264756564617465646566696E6974696F6E223A22222C227072696F72697479646566696E6974696F6E223A22222C22666F726D70726F70657274696573223A22222C227461736B6C697374656E657273223A22227D2C227374656E63696C223A7B226964223A22557365725461736B227D2C226368696C64536861706573223A5B5D2C226F7574676F696E67223A5B7B227265736F757263654964223A227369642D34464332413738422D423935422D343031362D394239342D354432464142414637374245227D5D2C22626F756E6473223A7B226C6F7765725269676874223A7B2278223A3630322E352C2279223A3232362E357D2C2275707065724C656674223A7B2278223A3530322E352C2279223A3134362E357D7D2C22646F636B657273223A5B5D7D2C7B227265736F757263654964223A227369642D46344239384238302D434233352D343638412D394439352D423835303030394645333442222C2270726F70657274696573223A7B226F766572726964656964223A22222C226E616D65223A22222C22646F63756D656E746174696F6E223A22222C22636F6E646974696F6E73657175656E6365666C6F77223A22222C22657865637574696F6E6C697374656E657273223A22222C2264656661756C74666C6F77223A2266616C7365227D2C227374656E63696C223A7B226964223A2253657175656E6365466C6F77227D2C226368696C64536861706573223A5B5D2C226F7574676F696E67223A5B7B227265736F757263654964223A227369642D37384234304239362D453231302D343937452D383144412D453737324138453235443330227D5D2C22626F756E6473223A7B226C6F7765725269676874223A7B2278223A3530312E373931393932313837352C2279223A3138362E357D2C2275707065724C656674223A7B2278223A3337392E393538303037383132352C2279223A3138362E357D7D2C22646F636B657273223A5B7B2278223A35302C2279223A34307D2C7B2278223A35302C2279223A34307D5D2C22746172676574223A7B227265736F757263654964223A227369642D37384234304239362D453231302D343937452D383144412D453737324138453235443330227D7D2C7B227265736F757263654964223A227369642D35463342353337372D383232422D343632462D423531302D314433373034334443373939222C2270726F70657274696573223A7B226F766572726964656964223A22222C226E616D65223A22222C22646F63756D656E746174696F6E223A22222C22657865637574696F6E6C697374656E657273223A22227D2C227374656E63696C223A7B226964223A22456E644E6F6E654576656E74227D2C226368696C64536861706573223A5B5D2C226F7574676F696E67223A5B5D2C22626F756E6473223A7B226C6F7765725269676874223A7B2278223A3637352E352C2279223A3230302E357D2C2275707065724C656674223A7B2278223A3634372E352C2279223A3137322E357D7D2C22646F636B657273223A5B5D7D2C7B227265736F757263654964223A227369642D34464332413738422D423935422D343031362D394239342D354432464142414637374245222C2270726F70657274696573223A7B226F766572726964656964223A22222C226E616D65223A22222C22646F63756D656E746174696F6E223A22222C22636F6E646974696F6E73657175656E6365666C6F77223A22222C22657865637574696F6E6C697374656E657273223A22222C2264656661756C74666C6F77223A2266616C7365227D2C227374656E63696C223A7B226964223A2253657175656E6365466C6F77227D2C226368696C64536861706573223A5B5D2C226F7574676F696E67223A5B7B227265736F757263654964223A227369642D35463342353337372D383232422D343632462D423531302D314433373034334443373939227D5D2C22626F756E6473223A7B226C6F7765725269676874223A7B2278223A3634362E3837352C2279223A3138362E357D2C2275707065724C656674223A7B2278223A3630322E3839303632352C2279223A3138362E357D7D2C22646F636B657273223A5B7B2278223A35302C2279223A34307D2C7B2278223A31342C2279223A31347D5D2C22746172676574223A7B227265736F757263654964223A227369642D35463342353337372D383232422D343632462D423531302D314433373034334443373939227D7D5D2C22626F756E6473223A7B226C6F7765725269676874223A7B2278223A313230302C2279223A313035307D2C2275707065724C656674223A7B2278223A302C2279223A307D7D2C227374656E63696C736574223A7B2275726C223A227374656E63696C736574732F62706D6E322E302F62706D6E322E302E6A736F6E222C226E616D657370616365223A22687474703A2F2F62336D6E2E6F72672F7374656E63696C7365742F62706D6E322E3023227D2C227373657874656E73696F6E73223A5B5D7D, NULL);
INSERT INTO `ACT_GE_BYTEARRAY` VALUES ('297510', 1, 'source-extra', NULL, 0x89504E470D0A1A0A0000000D49484452000002D6000001150806000000C484A241000000206348524D00007A26000080840000FA00000080E8000075300000EA6000003A98000017709CBA513C0000000467414D410000B18E7CFB5193000000017352474200AECE1CE900000006624B474400FF00FF00FFA0BDA793000000097048597300000EC400000EC401952B0E1B00001D0C4944415478DAEDDD09981D559D28F0737B4F67EB402201120C6109289280B8E303216C820823DA89611F151D75749CF73D469D41D051DFBCE738CEE80C8E338C80C1242F8CA0802C02064536658F6CB28424904042D2D97BBDF7D5BF6F2EE984EE6CBDA4D3FDFB7DDFFDFA2E75ABAACFAD7F9D7F9D3A752A25000000000000000000000000000000000000000000000000000000000000000000000000000000000000000000000000000000000000000000000000000000000000000000000000000000000000000000000000000000000000000000000000000000000000000000000000000000000000000000000000000000000000000000000000000000000000000000000000000000000000000000000000000000000000000000000000000000000000000000000000000000000000000000000000000000000000000000000000000000000000000000000000000000000000000000000000000000000000000000000000000000000000000000000000000000000000000000000000000000000000000000000000000000000000000000000000000000000000000000000000000000000000000000000000000000000000000000000000000000000000000000000000000000000000000000000000000000000000000000000000000000000000000000000000000000000000000000000000000000000000000000000000000000000000000000000000000060F0C82902A02FDD76DB6D532A2BD7CF282B6BF9604BCBF0830B85F20AA5D25DF97C4545D3D36D6D553767E539F784134EB84F99D059EC9597B7D49797379DDADA5A7BA8D8EBA9D8DBF0A77CBEEAE67CBE728ED843620DF4895B6FBDF5909A9A5557E57285C3F7DDF7868A51A31EAF1839F2C95456D6AC70BA5DB557A5356B0E482B574E59B768D1E98DCDCDA31E6B6BCBFDE549279D345FE910B15759D9F4C32CA13E6ADCB81BCA478D7AB446ECF56CEC3534BCAD75F1E2D3D737378F78BCA5A5FAD3624F620DD06BEEB9E7C7673435D5FD74E2C499D5E3C75F5F96CBB529945EF4E28B67AD7EEEB9F3F38542CD3953A74EBD51890C5EB7DF7EFBD4B2B275D74D9CF893CAFDF6BBAE5AECF5AE850BCF6CC962AF29A58AB38F3BEED49F2B91C1A75C1100BD9D54B7B5D5FC74F2E44B86ECB5D76F72B95C41A1F4B2BABA27AAC78CB9A766E9D2E34F3AE79C4F3C71F5D5573FA3540667525D59D930F78823BE3A228BBD0AB1D7FB468E7CAA7CCC98FBAA5E79E5B8D3CE3DF7BC27AEBAEAA74F2B158935408F8853D059267DC7E4C95F6B3FF5DC9996C6E1A9E1E5B7A435AF1E90F2AD35A96A68439200745F5555431A3DFABEDA975E3AF9E41933CEFDE5CC99335F552A832BF62A2A36DC11497557B1976FAB4A0D4B26A5D5AF1C9C9AD78F4A55B50DA9AC5C8B764FC4DE9E7B3E50F5F2CB279DF6F18F5F7083D81B5C5CB800F49ADADAE5B3F6DBEFBFABBAAAD85F7BF1C8B4E4A9F7B757F02535C397A7FDDF716DAAAC59A300BB69D8B005E98003AE6E7AEEB90BFE397B79BC12193CA24F7574FFE82AF6D6AD1C975E7CE8F4D4DA34F4F5F7963C756C7AF391D7A5617B2E52803D127B57563FF7DCF9FF9EBD7C9F12193CCA1401D01BEEBCF3BAB767BB98C3C68FEFBC9BE1865563D3CB4F7C60B3A43A34AE199D163F7E9202EC211326CCDEBBB272CDA1BFFAD5AFDEAD340687E2E81F4D47459FEACE3E2FE42BD2C2874FDB2CA90E6D2DD5D9FB1F6EFF4BF765E55F5955B5E630B127B106E8B62143967F76DF7D6FACE8EA62A955AF1C980A85CE77416B96EDFF86849B9DB7CF3E37AFCFFE7C44490C0E31A45E8CFED155ECAD5BB16F7B17ACCEB4360F696FCDA6678C1BF78BDAB2B2967A2521B106E896B6B6EAE3EBEABA1E71AAAB8ABD63054FCF1833E6DEF1B95CFE3825315812EBA6536348BD9D8DBD36B1D763EAEA1EAF282B6B3E454948AC01BAA5B171F4B8AEFA77D2B7860F7FB6AA50C84D56128343DCFC45ECF597D87B2EFB3D861CA42424D600DD52285496B901453FD9D1B7FF0E39A3400D9AD82BAF107BFD29F6CAE45A126B805EDEF994376FA3426A5548D01BB157D1B2D5CF73620F24D6C0EEA576E42B5D7E1643ED5554AF5348D00B868C5C9A72B97CD79F8F30EC3248AC81DDCAA871F3D39B0EB8FF0DEF57546D4807BC7B8E02825E523564559A70D4CF3AFD2CDEAF1EB6422181C41AD8DD540F7D63051E5D44AA6A572A1CE8CDD8EB22798E1B3401126B603713B7505EB1E86D6F783F86027B6DE1942EC7B806BA276E00B3ECB97776FA59BCEF0631B0F3DCD21CE8732B161D9E5EFAE3F1ED7780DB5224D42FCD3F21AD5CFCD6B4DF1137B69FB6067AC6FA867DDA6F65DED558D67150BBEA9583D27E936F4AC346BFA8C040620DF45751992F7AEC94B476F99BB72B0178FAAE0BD33E87DE95F6D8EF91AD5E6C056C5D1CC4BEFCE43169C5769C0D8A5B9D3FFFC0C7D21EE31F4BFBBCE5D7DB1CC1079058037D2C5AC2966415FB8EDCAA3C928168D95EB1F8AD69FF775CDB7E6123B063E22075E1C3A7A5E60D2377E87B716669F5AB07A4096FBF3ED5D6BDAC20613BE8C408F489554B0ED9A1A4BAA30DABC6A6C635A31522EC8435CBF6DFE1A4BA245AAFE3FBC0F6D1620DF48951FBCE4F43F758B4D3DFAFAA5DAD1061270CDD6361DAEBA0EE7D1F905803FD29B11E375F21C02E306CCF45ED0FA0F7E90A020000126B000090580300C080A18F35DD3663C68C711B86B49D5BA8481FAAD8909B58D65AA8CBB5A5AA422EB5142A5343219F1E2C6F4D77949797CFBEE69A6B162B3100D8FDEBFED6D6D63372B9DC31D9CB29D9636CF618963D1AB3C7D242A1F048F6D9EF065BDD2FB166A79DF9E98FCF48B9FC651BDADAC6AFDE2F55AC9A90CA368C2EA4E62CACF255299535A7CA8AC63466C8F27472DDB385778E7AAEEDCBF533A63D5996CFFD70D6AC5933952000EC5EA64F9F7E46F6E7B36D6D6D476789734D2793C47B13B2CF26647FCFC8A6FBBFD3A64D9B97BDBE6230D4FD126B7658FD79F50734D5A69B0A65F90316BDBF3DA1EEB4535124D7CDF11891D2AA89B93DE2E6B8239F4F53DE7C7BE1DBF5D3A67D26DFD676DEDCB9739F55A200D0BF65C971D4F697170A859377E2EBC766DF3B369BC74559A27DC140AEFB25D6EC90D3BE54FFA5FCCAB2FFBDFC6D85CAA547A61DEEA5BF6A621AFAD8A7D2D0BDEF4F69DF7BCBEFCD8E7CFF4AEB3500F45FF5F5F5D3B23FDFCF1EAFDFA9ABBC5048872D5D9ADEB578713A70F9F254D7D898863735A5F55555A9A1A6262DA8AB4B0F8C1F9F1EDA679FD4525E5EFADAD1E5E5E50F6775FF67066ADD2FB166BB4DFDFB8FFD6DD5C2DC65CF9C51285BB777F7E6B5E45D69DCEA0969FDA43985EF6401569305D87F2A6100E87749F569B95CEE27A59C3112EA539E7E3A9DF8A73FA531EBD6BD61FADAE6E6F6C73EAB57A7F72E5CD89E64DF74C821E9E64993525B2E17930C2B140A3F19A875BF5141D82E277E65DAD7862F2CFBFA531F4BDD4EAA4BD6ED956AE79F97EADACA0BDFC802EC6CA50C00FD2AA99E9625D5D79592EA4896BF7DCB2D69C6238F749A5477265AB263FAF8DEF855AB5E7F3F4BAEFF6320D6FD126BB6E9E4AF4C3F7CC4D2DC25CF9F9A72D15FBA27358F4CD5CFD4E72A0BB9F48F59801DA2B40160D78B3ED55952FDFD52523D69D9B274E91D776C961CEF88F85E7CFF6DAFBCD231B9BE7CA0D5FD126BB6A97A6DBA65E951851E6BA9DED2DABD0A7B2E392AFF721CBD2A6D00D8F5B2A43AEAE4F63ED5D152FDD777DFDDDE87BA3BA28BC8177FF7BB8EC9F9B08156F74BACD9AA53BE3AED7FA6B6C2D8578FE8DDE5BC74746E4A6B55DA4B971000D8B56248BD2CE19D1ACFA34F7524C3DD4DAA3B26D79FBFE79EF6F96E74F440AAFB25D66C55E5FADC5717BF3FE5F2E5BDBFAC052717C2454ABDFF98366DDADFC60EF6D8638F75A133883B06CF36F4D9D293B8507167BB7F7425E677DA534FBDFE7A20D5FD82962EBDE73FA71D5FF140A1AE7D9CEA3ED07060EEE042651A12FDBA66CF9EBDC02FD02F7C23DBE1A5BDF6DAAB21FB5D6ECCE572D7B4B6B6DE3D77EEDCB58A06C41D036F1B8A3B2AB6B5B51D1BCFDB470079E6995E59C193B384FD97071F5C1A8AEFE88152F76BB1A64BB54B0A9FEBEAE62FBD65CDB814417596D2EF5FB29D725DF6E7EC6C477D737979F90BD90EF0C7D3A74F3FF9FCF3CFAFE98BE5B7B6A6B476EDE68F65CB52FAF6B7379F6EF5EACEBF1FD36E69C992947EFFFBCE97D5D9F4DBD2DCDCF5673FFAD1D63F2F4DF3C413C5E78F3CB2E9FD175FB4FD89BB5D13773BEB9A6B766CBBFDDDEF52BAE596CDDFCBE7C5532F6C430BB6671B8ADB94A78D0DAF93B31DE51EEBD7F7CABAC5682147BEFC72C7B70644DDAFC59A2E55AFC9BD7BD9E17DBBCCD72615EA46BC903B267BFA1DBF40BF1517B39C9FEDA8CF6F6C6C5C9BEDA8AFCD76DE3F5FB264C98DF3E6CD6BED8D05CE9B972D345BEA8107A6F4F9CFA7F4F5AFA7346A54F17954C0651B0FFE1E7820A51FFF385A5C36FFFE8D37A6F4F6B7A7F4E77FBEE9BDABAF4E69E2C4E2FB3FF9494A7BEE599CCF9557A674DC71297DFAD31BB7C9D7527AF8E1E2F3A85FE2F5830FA6F4C10FA6140D3913B283CF356B525AB830A5AF7EB538DDA245298D1FBF695943871693F8F7BD6FD37B5B4EF3D863297DFCE3C5E7F17FDD71474A5555C5F77EFBDB4DFF23E2AEAFE26E67453C455CBCF9CD9D7F1EF1D8717BBEF7DECD93E9050B8A89F6B5D71663403CF5983DB7671BCADE3BA6F4FC9D51B0BD28E67FFFA61F6E40D4FD126BBA54D390DB73FD98429F2E73EDDEB92C5D4AA394FE6E635869473D76ECD8E5D3A74FBF3D7B7D557575F5BCEECC345A9E6FBDB5587946C23B69524AFBED972D2C5BDA473E52AC40A3D5FAF9E7533A7C8B83BF48B823E9ED285AA73B56F2D1DA15EF5D7C714AB7DD564CC42B2A8AAD5991C09792EAF69A285BFEA187A674C30D297DF4A3290D1F9ED23DF714971149F6FBDF5F9CEE97BFDCF49D9FFE34A5B7BE7553E51DA34B8D1CB9699A385088F9C6F2A385BCB131A59696949E7D36A5E5CB531A37AE980484F8BF25D56C6FDC5D79E5958DBB7AE59E7E3AA5952BBBFEFCB4D38A8970C46F6CDB351BDB4E23B6221E22DEFEE22FC4D3AEDA86B2A47B4A69A2892B56F4EA4A4C6868E8F872CA40285889355D6F1C1B0A152D43FB7699E5AD698F2CD0ABB223E94BFD02BB9DD1D96F17B7BD9D96ED98D3DCB973B36476743AE8A0E53B3CA311238A496C5490D1F215C9EBE73E97D289271613E0A850A395384EF56E995847ABD796A789A392EDE8BFFE2BA5AF7DAD58F9FFF087C556EBEAEA94BEF29562A51F95734587BDE3BEFBA65459599C262AE8987FACC3A38F6EAAB03B4B1E4A162F2E56E8A5753DE490626B7988FF71E9D2E27AC74141BC7FC515C5758B65969C7E7A56EB5D559C66472D5B36343DF4D043495C0DFCB8ABAFAF7F76D9CEF465EA41113F5B4BAC43A91B56C474C44738E28862921CAF3FF081FE1B4F0330F636DB8662375AFAA0AEB1778FD3B698FF688935035A594BCAE5ABFA769975CFA6DA5CF196A75FF30BECDE56AF5E9D66CD3A3C5D72C99D3D36CF934F4EE9F6DB8BCFA74E2DB65A7714896F74D9BBFFFECDDF8F53CBD18D24C469E7488AA342BDEBAE942EBFBC5819FFCBBFA4F4831F142BE48B2E2ACE7FFAF4E2EB481422398F79472B5B24D3A516EBA9538BF3EDD8621D2D67DFF84631610F7100102DE19110C4BAC405F65FFEF2C666A361C5758B758F56B79826928058B738A80831AFBFFBBB9D4F02EEBA6BFFF470B13F8BB81AE0B2FDE7810F3CF040FBB6BB2BC441E73BDE51DCC6B7E58F7F2CB65697FA42472B741CAC4E9EBCF974FD2D9E0641ECBDDEA6DF5343EC75A576F356909A811083126BBA94AF4C85B2E6BE4DAE1B0E4CEBF7BEA75095550EDFF40BF40B3B5D198C183122D5D7DFD1E32B142DD571CAB82B71DAB7D43DA3A4E345EDEF794FB1EF6624E8E79C53BC50311E975DB6699A68E1FAE2178B89759C368EFE9E715A39E61D95F1F6B458C7F4517987E876122D7351E947FFCE48063A8A53DB31FDCC99299D7B6E7119679C51FC2C92F9589FDADA9D2FB3638E79213B2038272AF8CB6CD2033BEEB27DE7F3471D75D4C45DB5E21157D16D230E4663BBDE6BAFCEA78B84FA884EEE8F102DD11D6ECCD72FE3693789BDEE6C43F942A1D09E5CAFC98E507A33B95EBFF90EB4712004AFC49A2EB50EC9B556AE2B5436F56162DD569156448BF5ECD9B32FF50BEC7AD3A64DDBEE9D73B6236EC87EBBDB6358A7EAEAEA5B3EFAD18F6E9834E9473DB21ED1325DBAB02992DAADF5915CB7EE8D57FEBFFAEAE67DACA30129F6E7A524392AE8B8A02A9E47857FE79DC5AE282571DA3892EF638F2D4E1B2D601D5BAC23D1DF321988C4A2D48AFDF8E3C565C5BCE3F93EFB6C9A2E12837FFBB7E2E7679FFDC60A3FA6ED6E123066CCBA74E49147A68B2FBE585C0DBCB85B95C5DCAF4A71177DAC2FBCF0C2C2AE5AF748ACE39A85B1638BDBF5655DA4931DAF8328355AC67BF1FD489C67CD4A9BB5BAF7A778DA1D62AF3BDB5063636356AAA9FD1C5F4356C8BD995837D46CD648BD7C20C4AFC49A2E35D6155EAB5D96C636F5E1A584C39614B294256780B1DD4774C68881B2E60C1932E4F6AC527FFD4A94195B0ECDB18322698D7E9831DA465484A5643A2AD22F7CA1F8BCB3FD7D8C18B0E568046F7AD3A6E791A07FE94BC516AFFAFACDFB6847451E15FA96173F76FC6EAC537C379281A8ECE36FAC63AC6FC75109A28F76693E1D5BD82209EFD8C216ADEBA53EE45B1389FD98313638B61E77BB521C704657A952978D8889385B74F0C19BA68983DED2816D498CB213E2BDF82CE673F4D19B6FF3E2A9EFB6A12C297FA494583FBFC71E3D7E73988E16D4D5757CF988C49A01AD6978E1BE110B7367AC3CB8EF96B9E7D3B908EEBB947EBFDF215F9B3D6EAAA9A9B9B13746218811033EFBD994BEF7BD4D17250D1952AC78E3146F9CCE8D16E28EA3777495686F2912F4D2705B9118FFFAD76FBC50AAA352B78FDFFCA6F89D385E88E43A5AC663F48368198B0A7ECBFE9A6F794BE72D6C9178C4C556DB12FF5FC78421FA8D77BC800B71D7DF56F06FFE26A5EF74182C2DBA6E9C7A6AB6C2376DEA121207BDF188D178E28037E2A274F1627421891C2E62AED475433CF5A86CAF95E66E6B1B2A140A77E572B9F631A51F183F3E1DF3C20BBDB6420F746C8D182075BFC49A2EADDF3BF783BD1F4867B45F1FDC47C3130D5F9C266CAC3CE847A29B47F6675E5959596948AF5E6D218B7DED2F7EF1C68AF59BDF2C5EA4141747C515FD6765BBFE9FFD6C8B1690059B5F4858AA884BADD8D18216F3D97BEF94DEFBDEAE5BA7631CDC68CD8E3EDD9140C7F8D8A556F3D2F8B9515947EB585C2415D37714175C95746C61DB52B4CE4557970D1B8AAFA3553C5AEDE6CE2DB6BAC5F243241FD1B2576A0D44DCF527D1E5E3FCF3375D241C2299FED6B7523AEAA8942EBDB47886A81403110FA531E823498E113B2246E3E0B9B39BC388A79DDE86A2B9F9D73BB20D5554545CDFD6D6F64FF1F4D16C47B9A2B6B6576E1213DD401EEAD88F6780D4FD126BBA74EF2766DF71FA5F4D6F18B9A050B7AA0F2E85A97BB6F04CAE25F7AADB99F72B7F97CBE516D4D4D45CBB2B5BC8E2CE69F7DD57ECAA516AC13EEFBCE2C5831D6F101377C68D56A82D93E518F563F4C6819CE2B4740CB5579ACFF5D7174F33C73CA25F7529298F16E9480CE251AAD4E3D476F4C52E9D428ED3D0A51148A2A52D4635E8ECA61831A24854E49DB5AC9546278984BF942844AB5FA9352DC6F38D8BAD629483B8B00B71D79FC4C165DC393192D638C0DC5224C07133A688DF2D87BD8C043812DE4B2E298E5B1FE280775BC453EF6E43D75C73CDE2E9D3A7CFCB92F2A96DB95CBA39DB69CE78A4E77B69DC326952E976E6E1EE8152F74BACD9FA0EACB6F0CD71BF4DFF67D58494EBED56EBFD6FCDE5B31DC1BF2BF5FE23DBD1FD7D7F588FC30E4B694A27B70EF8EE77377F1D5D3A3AEBD6F1677FB6F9EB891D0E14B73CE5BC3591384442BFA32EBCB0EBD1434AEBD0713D3A9EA2EEAA451D71D71FC481E796F1B5A5AEE232C6AB8FBBA15E70C18EDDB4453CF5C936F4AFD9A37D30D19BB304F87FBCF0428FF6B55E347264BAB1C391D140AAFBDD7F88ADBAF99BB3BF93A5D4AF8E7DA87797B3EFDD8547CA9BD2F2254B96CC56EABCA10560376F02A8AAF21B429789489978EA6F66CD9A757DF6675E3C8F56EBEFBDEF7DED43EFF5841862EFFBEF7D6FFB7C37BA7B20D5FD126BB6A96944EEC4B17FC8E5872EE99DF90F7B25F7DADE7F28DB273B62FDE4BC79F35A953800EC7217A48D43E0BD3C6244FAC7A38FEE76721D497524E9D162BDD1DA8156F74BACD9A65BBE35EBB1D5630B5F9F78532A54ADEED97957AD4A4D07CF29B4E40AE9AFB323E4A7943600EC7AD1E7B950287C3E7BDA9EF43E3D664CBAF4F8E33B26C53B24BE17DF7FBCC35D83B2A4FA3303ADEE9758B35D6EFBD6ECCB368C2E7CE790FF977AACE57AE82B69FD5BAF4EAB722D857FCE026BA6520680FE63CE9C39D145E393A5E43A5AAEBF7CF2C9E99A2953B6BCB94B9762BAD99327B77FAF63529E25ED5F1E8875BF8B17D96EB77C6BCEFF3AED4BF54B0FFA59EE1F96BE2B552C3D72E70FCDF6BE3F2DDEF7DE5493F2E9E2D973E65CA97401A0FF993D7BF695F5F5F531B2C8E5B95CAE2EFA46C785877151E3E4254BD23B172D4A1357AC48758D8DED77698CEE1E914CC7CD5F1E1C37AE7D48BDC6CD2F948931D93F3F6780D6FD126B76C88DDF9DF3DDFAF3EA7FFEA6C773B78C9E9FF65F746C2A5F3561FBBF3F624161ED84DB732BABD6A6C5B942EEC259B375FF0080FE2C5AAEA74D9B765F9658FF470CC317EF45821D49F31663516FCBDDD1A77A2077FD9458B3E30176D59CE7B23F079DF9A9E9E7ED372F5D52D65C18DF303155AEDE3FA5F57BA4D43234A57C554A65CDD906961DE30E5991D2C8E7730D7B3C5DC89735E79E2D6B4B972F5DBA74A60B150160F7B0719CE913B204FBAC2C39BE284BB08FDD813CF2EEEC71C560A8FB25D6ECB4EB7E34EBAAECCF553366CC1837EAF9B60B462C4C1FAC589F3BA8AC253F3257C8551472A9255F9E56C7416D594BE1B66CDA6BDDFC050076EB043BEE90786DD4FDF97CFEAC2CC18E7BD11E953DC6668FE8781DDD46623491B8ABCC5D83ADEE9758D36D7197A6ECCF37363E0080C151F77F6FE3838D8C0A020000126B00009058030080C41A00009058030080C41A000024D6000020B106000024D6000020B10600008935000048AC0100008935000048AC010040620D0C5AB95C4B3E9FAF5210FD40F17728B42989C1127B6DAD62AF3FC55E3EAF2424D600DD5253B37CF1AA55872A887E60CD9A039B73B9C2A34A6270A8A858FFA4D8EB2FB17740F67B6CF89392905803744B7979D31D0D0D8729887E60D9B2F72C2A14CAEE541283435B5BF54D2B574E6E5412BB5E43C3DBE2ECC1CD4A42620DD02D1B368CFED7975E3AADB550285718BBD8CB2F9F529BFDF96F25315812EBCA398B177FA84DECED7A8B179FBE3E9FAF9CA32424D600DD72DC71673E98527EFEA2451F5618BBD08205D396B4B40C7FF284134EB84F690C0E279E78E2236D6DD57F58B8F0CC26A5B1EB64E5DFD2DC3C7CBED8935803F488F5EB474F7FE18519CDFA7BEE1A6BD74E48CF3D776E755B5BFA82D2185C5A5AAA3FFDFCF3E7B488BD5D197BE737B5B4D45CA4340617E789805E3373E6CCE59FFAD429F3972E3DEECC91239FA8A8A959AE50FAB0627FF0C17F5A96CFD75E70E28927DEAD44065FEC9D73CE277EBF6CD97B3E5C5737BF46ECF56DEC3DFCF03FACCDE76BCE3EE184537EAB4424D6003DE68A2B7EFED4273F79DAFC458B3E746679794BD98811CFE472B98282E9452FBE78D6EAF9F3BFB2219F1F7AFED4A9536F542283D3D5575FFDFCD9675FF487254B3E705659594B7EE4C8A72BC45EEF8AEE1FF3E77F794324D5C71D77EACF95C8E0935304405FB8F5D65B0FA9A959755556B11F3E6EDC0D5575758F978D1CF9642A2B6B5638DD1463E5C6B05E2B574E59B768D1E98DCDCDA31E6B6BCBFDE549279D345FE910B15759D9F4C3F2F2A6A3B2D82B1F35EAD11AB1D7B3B117A37FC4858AD1A73ABA7F883D8935409FB8EDB6DBA65456AE9F5156D6F2C19696E107170AE5154AA5FBD57B4545D3D36D6D553767E539D7C55274157BE5E52DF559827D6A6B6BEDA162AFA7626FC39F6248BD18FD43EC01000000000000000000000000000000000000000000000000000000000000000000000000000000000000000000000000000000000000000000000000000000000000000000000000000000000000000000000000000000000000000000000000000000000000000000000000000000000000000000000000000000000000000000000000000000000000000083DBFF07C568F022DC04EBA50000000049454E44AE426082, NULL);
INSERT INTO `ACT_GE_BYTEARRAY` VALUES ('302502', 1, '测试流程.bpmn20.xml', '302501', 0x3C3F786D6C2076657273696F6E3D27312E302720656E636F64696E673D275554462D38273F3E0A3C646566696E6974696F6E7320786D6C6E733D22687474703A2F2F7777772E6F6D672E6F72672F737065632F42504D4E2F32303130303532342F4D4F44454C2220786D6C6E733A7873693D22687474703A2F2F7777772E77332E6F72672F323030312F584D4C536368656D612D696E7374616E63652220786D6C6E733A7873643D22687474703A2F2F7777772E77332E6F72672F323030312F584D4C536368656D612220786D6C6E733A61637469766974693D22687474703A2F2F61637469766974692E6F72672F62706D6E2220786D6C6E733A62706D6E64693D22687474703A2F2F7777772E6F6D672E6F72672F737065632F42504D4E2F32303130303532342F44492220786D6C6E733A6F6D6764633D22687474703A2F2F7777772E6F6D672E6F72672F737065632F44442F32303130303532342F44432220786D6C6E733A6F6D6764693D22687474703A2F2F7777772E6F6D672E6F72672F737065632F44442F32303130303532342F44492220747970654C616E67756167653D22687474703A2F2F7777772E77332E6F72672F323030312F584D4C536368656D61222065787072657373696F6E4C616E67756167653D22687474703A2F2F7777772E77332E6F72672F313939392F585061746822207461726765744E616D6573706163653D22687474703A2F2F7777772E61637469766974692E6F72672F70726F63657373646566223E0A20203C70726F636573732069643D2270726F636573735F6C656176652220697345786563757461626C653D2274727565223E0A202020203C73746172744576656E742069643D227369642D39383744383343392D363233462D343144302D394637382D333731323431443641413838222F3E0A202020203C757365725461736B2069643D227369642D31373942433433352D433036362D344138452D414634302D37444434434232393036334622206E616D653D22E9A1B9E79BAEE7BB8FE79086E5AEA1E689B9222061637469766974693A61737369676E65653D223036343338623364613663653439633539333961623433613139383833633234222F3E0A202020203C73657175656E6365466C6F772069643D227369642D44334543344143382D304241462D344346332D413244452D4434364644333935443338392220736F757263655265663D227369642D39383744383343392D363233462D343144302D394637382D33373132343144364141383822207461726765745265663D227369642D31373942433433352D433036362D344138452D414634302D374444344342323930363346222F3E0A202020203C757365725461736B2069643D227369642D37384234304239362D453231302D343937452D383144412D45373732413845323544333022206E616D653D22E4BABAE4BA8BE5AEA1E689B9222061637469766974693A61737369676E65653D226365323936346362626332323461326639313530303662613161633435303166222F3E0A202020203C73657175656E6365466C6F772069643D227369642D46344239384238302D434233352D343638412D394439352D4238353030303946453334422220736F757263655265663D227369642D31373942433433352D433036362D344138452D414634302D37444434434232393036334622207461726765745265663D227369642D37384234304239362D453231302D343937452D383144412D453737324138453235443330222F3E0A202020203C656E644576656E742069643D227369642D35463342353337372D383232422D343632462D423531302D314433373034334443373939222F3E0A202020203C73657175656E6365466C6F772069643D227369642D34464332413738422D423935422D343031362D394239342D3544324641424146373742452220736F757263655265663D227369642D37384234304239362D453231302D343937452D383144412D45373732413845323544333022207461726765745265663D227369642D35463342353337372D383232422D343632462D423531302D314433373034334443373939222F3E0A20203C2F70726F636573733E0A20203C62706D6E64693A42504D4E4469616772616D2069643D2242504D4E4469616772616D5F70726F636573735F6C65617665223E0A202020203C62706D6E64693A42504D4E506C616E652062706D6E456C656D656E743D2270726F636573735F6C65617665222069643D2242504D4E506C616E655F70726F636573735F6C65617665223E0A2020202020203C62706D6E64693A42504D4E53686170652062706D6E456C656D656E743D227369642D39383744383343392D363233462D343144302D394637382D333731323431443641413838222069643D2242504D4E53686170655F7369642D39383744383343392D363233462D343144302D394637382D333731323431443641413838223E0A20202020202020203C6F6D6764633A426F756E6473206865696768743D2233302E30222077696474683D2233302E302220783D223133352E302220793D223137312E35222F3E0A2020202020203C2F62706D6E64693A42504D4E53686170653E0A2020202020203C62706D6E64693A42504D4E53686170652062706D6E456C656D656E743D227369642D31373942433433352D433036362D344138452D414634302D374444344342323930363346222069643D2242504D4E53686170655F7369642D31373942433433352D433036362D344138452D414634302D374444344342323930363346223E0A20202020202020203C6F6D6764633A426F756E6473206865696768743D2238302E30222077696474683D223130302E302220783D223237392E32352220793D223134362E35222F3E0A2020202020203C2F62706D6E64693A42504D4E53686170653E0A2020202020203C62706D6E64693A42504D4E53686170652062706D6E456C656D656E743D227369642D37384234304239362D453231302D343937452D383144412D453737324138453235443330222069643D2242504D4E53686170655F7369642D37384234304239362D453231302D343937452D383144412D453737324138453235443330223E0A20202020202020203C6F6D6764633A426F756E6473206865696768743D2238302E30222077696474683D223130302E302220783D223530322E352220793D223134362E35222F3E0A2020202020203C2F62706D6E64693A42504D4E53686170653E0A2020202020203C62706D6E64693A42504D4E53686170652062706D6E456C656D656E743D227369642D35463342353337372D383232422D343632462D423531302D314433373034334443373939222069643D2242504D4E53686170655F7369642D35463342353337372D383232422D343632462D423531302D314433373034334443373939223E0A20202020202020203C6F6D6764633A426F756E6473206865696768743D2232382E30222077696474683D2232382E302220783D223634372E352220793D223137322E35222F3E0A2020202020203C2F62706D6E64693A42504D4E53686170653E0A2020202020203C62706D6E64693A42504D4E456467652062706D6E456C656D656E743D227369642D34464332413738422D423935422D343031362D394239342D354432464142414637374245222069643D2242504D4E456467655F7369642D34464332413738422D423935422D343031362D394239342D354432464142414637374245223E0A20202020202020203C6F6D6764693A776179706F696E7420783D223630322E352220793D223138362E35222F3E0A20202020202020203C6F6D6764693A776179706F696E7420783D223634372E352220793D223138362E35222F3E0A2020202020203C2F62706D6E64693A42504D4E456467653E0A2020202020203C62706D6E64693A42504D4E456467652062706D6E456C656D656E743D227369642D46344239384238302D434233352D343638412D394439352D423835303030394645333442222069643D2242504D4E456467655F7369642D46344239384238302D434233352D343638412D394439352D423835303030394645333442223E0A20202020202020203C6F6D6764693A776179706F696E7420783D223337392E32352220793D223138362E35222F3E0A20202020202020203C6F6D6764693A776179706F696E7420783D223530322E352220793D223138362E35222F3E0A2020202020203C2F62706D6E64693A42504D4E456467653E0A2020202020203C62706D6E64693A42504D4E456467652062706D6E456C656D656E743D227369642D44334543344143382D304241462D344346332D413244452D443436464433393544333839222069643D2242504D4E456467655F7369642D44334543344143382D304241462D344346332D413244452D443436464433393544333839223E0A20202020202020203C6F6D6764693A776179706F696E7420783D223136352E302220793D223138362E35222F3E0A20202020202020203C6F6D6764693A776179706F696E7420783D223237392E32352220793D223138362E35222F3E0A2020202020203C2F62706D6E64693A42504D4E456467653E0A202020203C2F62706D6E64693A42504D4E506C616E653E0A20203C2F62706D6E64693A42504D4E4469616772616D3E0A3C2F646566696E6974696F6E733E, 0);
INSERT INTO `ACT_GE_BYTEARRAY` VALUES ('302503', 1, '测试流程.process_leave.png', '302501', 0x89504E470D0A1A0A0000000D49484452000002AD000000EC08060000005EC79F4B000010B04944415478DAEDDD7F8C94F59D07F069D2D6FE486BBC344DD35C8C2D97B45E9362D34B63ACA158FA0F56539BC22DEEE2EE820239D83D8E45AD316E6C6A5B9312627A49AFC418D234A4927AEDA6D9102BBB508A54118AD5B61E0A0A0AD565577EE821B702C273CF87E16167677FEFCEECCCC2EB957CB2B33BC3EE30793EFBFEEC77BEF34C2E07000000000000000000000000000000000000000000000000000000000000000000000000000000000000000000000000000000000000000000000000000000000000000000000000000000000000000000000000000000000000000000000000000000000000000000000000000000000000000000000000000000000000000000000000000000000000000000000000000000000000000000000000000000000000000000000000000000000000000000000000000000000000000000000000000000000000000000000000000000000000000000000000000000000000000000000000000000000000000000000000000000000000000000000000000000000000000000000000000000000000000000000000000000000000000000000000000000000000000000000000000000000000000000000000000000000000000000000000000000000000000000000000000000000000000000000000000000000000000000000000000000000000000000000000000000000000000000000000000000004CB224C9BDFFB5D7E63CF6CC33FF7566D3A60D494747879AE4EAECFC5DB275EBA387B76EFDEFF98E48BDA7F41E008388D0DCB66D5D72F4E8F4240D5155A17AEBADAB933FFCE1376F777676CE7154EA3DA5F7002812AB3C42B35AC2F39F4F767474EC7654EA3DA5F70028124F4B0AADEAA934384F3B2AF59ED27B0014897D5D02ABAA82337154EA3DA5F7001867709E3C7145F2EAAE6F25FFB3E9DFCE555C8EAF093BC189DED37B00544570BEFBCE3F247F7BE2DF93E737DCD5AFE26B719DC0139CE83DBD0740C583F38D17670C08CDACBAD2EB049EE044EFE93D002A1E9C2F6EB963C8E08CEB049EE044EFE93D002A1E9C2F742E1D3238E33A812738D17B7A0F00C12938D17B7A4FEF0108CE917E99C72B96870ACEB84EE0094EF49EDE03A0E2C1F9F253B54306675C27F004277A4FEF0150F1E07CBB7B5AF2B78DCD034FBB937E2DAE13788213BDA7F700A8787046BDF6ECCD038233BE26EC04277A4FEF01501DC179F67DC92BDBFF754070C6D7E23A812738D17B7A0F808A06E7BBEF5C91EC1D665F5D5C17B7117A8213BDA7F70098FCE03CFBBEA467DFBF247FFDDD8A214333ABB84DDCD6CA8FE044EFE93D00262D38475AE1B1F22338D17B7A0F808A07E7685678865BF911808213BDA7F700287B708E3734B312808213BDA7F700287B702AC189DED37B00084E2538D17B7A0F00C12938D17B4AEF01084E2538D17B7A0F2897BABABA7F5CB66CD9BDCB972F7F7AE1C285DDF3E7CF3F396FDEBCA4B6B6F6546363634F4343C3E3E9E777C6ED3C5A8253094EF49EDEBB38B2BFA6A6A629CDF7C7D2DA9BD6F1C8FEB47AD3DA9F5ED726FBA91ACDCDCD752D2D2D2FA71F4FAE59B3E6CCF6EDDB93D75F7F3DE9EDED4D427CECE9E94976EDDA953CFCF0C347162D5A74241D68B7DD7AEBADF33D7A8253094EF49EDE9B7AD20CBF25AD8EF3C36932CAFABDECA722162F5E3C6DC58A152FAE5CB9F2740CA4EFBDF75E325ACF3EFBEC3B4B972E3D981EBC7F9C3B77EE3F793405A7129CE83DBD57FDD2C1F3AAB41E1FC3A03A583D29FB9934ADADAD2D8B162D3AD5DEDE3EA661B5585B5BDBC1BABABA37FDE5253895E044EFE9BDEA56535393CE9BF3DE2C1C40EB6A6A9207BFF6B564F3B469C981CB2F4FFEF7B2CBD2FF6E2E39F1C10F26AF7FFCE3C91FAFBC3279E8AB5F4D6E9B3BB778703D2EFB29BB356BD6DCD7D4D47466CF9E3D4929ECDFBFFF444343C3A1F4E0BDC3A32B3895E044EFE9BDAA1C586F4A07CDD385C3EABA6BAE497A3EFAD17343EA4875EC431F3A77FBF87785C3ABECA76C56AD5A757F3AB09E8D3DAAA5D4DDDDFD6E7D7D7D97BFBA04A7129CE83DBD57952BAC1706D6961B6F3CB7AA3A9A61B5B8E2DFDD357B76F1E02AFB29F9C0FAC5254B96946C85B5D8BE7DFB0ED7D6D676A707EFE73DDA8253094EF49EDEABBCF37B582F6C09B87FD6AC0B5B00C65BB175E08737DC50BC5540F6533AF7DC73CF1BB187B59CD6AF5FFFE7D8A0EDD1169C4A70A2F7F45EE59D3F43C08515D6890EAC85836BD18AABECA73456AF5E7D67EAECA953A792726B6C6CDCE3A902C1A904277A4FEF557C60BDA5700FEB78B7040CB755A0708FABECA7245A5B5B8FC569AD26C38E1D3B5EF21797E0548213BDA7F7AA6795355E4455CA8135AB47A74FB7DA4AE96CDCB871567373F3844E6D3556F5F5F507621F8D475F702AC189DED37B932FDEC12A7BF155AC861EF9C847CA32B4C659058A4E8725FB19BF356BD6B43DF2C823C9647AF0C107B7C6DBBE79F4ABFB2FF0B4AE179C8293EAEC3FBDA7F726720C9D7F6BD67383E48F67CC28CBC09A559CC7B5606895FD8CDF030F3CD0156FCD3A99B66EDDFA97F4C06DF7E857AF823D481DE92FB76B05A7E0A4BAFA4FEFE9BD891C43E9758F65B7D9F299CF9475688D372028185A653FE3D7DCDC7CAAABAB6B5287D6F4E71D4C0FDC831EFDEA0FCD827A7CB0BFDA05A7E0A432FDA7F7F4DE448EA1F4F3BDD975A57E015671C53B6715DC0FD9CFF83534349CEDEDED9DD4A135FD79EFA4076EAF477F4A85E685BFDA0B7FF1094EC14965FA4FEFE9BD891C4371EED4EC6BA53ACDD570A7BF2AB80FB29F891DD895103FD7A33FF542B3F0AFF678CA49700A4E2AD37F7A4FEF4DF018BA50E51C58B32AFC793A9CA9B8D29AA8A95FA50CCE37DEC825B367E7ABB1315F1B36E4E2175CB27D7BDFEDB66CC9255FF94A2E59BC78E0ED962F1FF87D376FCE5F77FA742E79E289BEDBDF7C732E59B8B0B4C1153FE7A18746BECD77BF9BBFFCEB5FE7923367FABEBE7EFDC47EBE6352EF4D46C5B13A7FFEE86F1FFDF6B9CF4D9D3E1AEFD03A558F252BAD4C19F6B432C6BFD277D6D4D4DC3473E6CCF74FF429CAB7DFCE255FFF7ABEB2A1B3A767E4E0E9E8C85FFFCA2BFDBFFE810FE492B973070FB79FFC243FB466C1967DFDBEFBFA3E3F7A34977CE31BF9FB123FFBBAEB72496D6DFEF36CD0FDE52F73C9873FDCF76F9E7AAAFFF59FFE742E9931237F39EAB7BFCD259FFDECC0FBF3F39FF75D8EEF995D8EF0B5D2CA68FAAFD2436BF4CA60D7458F5D7B6DBE0AFB222AEB8B5FFCA27FBF575B1F5DE42BADE78EA1F4E3CBF6B432E5387B00A3FC85D76F58CD4C34386390FCD8C7F261159FC74A6884D41557E43F46F814875536B4C64059BCD29AADBC64D5DE9E5F99CDC2ECDE7BFB2E7FE73B83DF9FB82EEE4776BB2C60E3E7C4307BE595FD83B33020E3F31FFDA8FF209D0DC67FFF7BDFFD9C39331FB285C3775CDEBD3BFFF1A73F35B4EABFE1FBAFD243EB273F397C5FBFFA6AFE5993E2A1B5AD2D975C7DF5C0EF574D7D74910EADFD8E21670F604A729E5646F885F774BCD55FF1B05ACAE08C95CBFAFAFE81B3776F3EF40E1FCE7F2DB60E8C75A5350BAE58A5295C558DCBF13D2224E3F2B66D0303344231BBFCD24BF98FBFFA55DFFD3974287FFDC993B9F48FB0BE15A1B8EE8E3BF2976328CE86F1E156883EF5A9BE2D0C31A0C7AA939556FD3752FF556A688D95D438562FBB6CF8DBC5701A7F90160FAD9FF8C4C03F18ABAD8F2EB2A175D063C8795A9992BC231643FCC21B746575B286D62F7C21BF6FB578481CCBD07AE244FE7BFDE94FB9E4CB5FCE0F9F975F9EFFBC701F6D7CAF5891EDEDED0BCC08C39FFD2C7F39C277A895D6EC3EC76D8A07DEB89FF1F3060BDB58217AFEF9FCE5ECFEC4E5F899B607309AFEABD4D01AC76B1CABF16C48E1769BE28A3E892A1E5AA74F1FFC598E6AEAA38B64681DF618F28E584C59ADADADC776EDDA352903EB8E1D3B5EF2FEC3178F720DADB16A122F941A6E681DCDF6801854E3BA184823DC76ECE85BCD898AD5A26CB5265BF189EF132B36D9FDC9EE43ACB4C6F5B1025C1C9ED75F3F70852842FADBDFEEBFF21BF72F6EB376EDE0416D4F2B93D97B13D9CF1ACF50C4E5E1B608649763508DCA5E9415FFAE78E0ADA63EBA547A2F4E7F950D93EBAEB9A62C43EBA3D3A7170EACB29F895BBD7AF59DA9B393B1DABA60C182DD69A3CCF7A80BCEAC62DF59EC8F8BA707B30135777E4F5B3630C63EB6F1BC102B6E973B7FF68108C92C48870BB6C2559E185EB3108D55D6ECCC06E309DB78A1D7810303B71F14866DB6A5217B818AA1956A1A5AB3AD01B1CF3B3B6657ADEA7F9BE8D56F7E335F83BD10EB7BDFCB252B57F66DBDA9C63EBA8486D65BB28132565B4BFD82ACF87EF17D0BCE112BFB298DBBEFBEFB507B7B7B5907D6F5EBD7FF39FED21AE929672E8DE0CC06D278957EE1E96AB2A135422B06D3D8DF3A91B30764AB3385AF761E6E688DA73D633B41EC898B15DAECF6B1D23AD4D90C061B7807BBEF83EDC58BFB963DC519811FE13BDCD3AE86562A35B4E672FDFF687BE185FEAFDCCF06DBA8C2D3CB8DB4A7B5DAFAE852EABD34937F9F0D952D37DE58B2D35FC569AEEE9A3DBBDF2AABECA76456AD5AF5C5254B969CD9B3674F5906D67DFBF61DAEADADED4EFFD2FABC475B700EF61462E14A4E7373FEF31FFCA0EF1CAB63DD1E90ED578DFDB1116285211A5F8F0137BB1C036AB67A13E7938C813A86DCEC145859586797E3C55D23ADD216576C2DC8B61FAC5BD77F2538FB7F7FFFFB034FC56568A51A86D6DC1067DC886720E2BA38755D619F66C36B761ED56C25345657071B42ABA98F2EB1A1F5AAB4DECC86CBFB67CD9AF0E01A03EB0F6FB8A170603D2EFB29C7E07A7F5353D3D99E9E9E920EACDDDDDDEFD6D7D777796A40700E57716AAA181863B5A438C00A5FE19F0DADC5036FBC52399E761CEEA9CD91EE4384E1586E3F96B08DCACE6450F8A291C2178679472CAA6D688D673E628F79BC5871E8E32E7F2C67A797CB2A9EA9C84E49B57AF5D4E9A34BADF76A6A6AE6652FCACA565CC7BB5520FE5DD10AAB6D01947570FD713AB8966CC575FFFEFD271A1A1ABAD3A6B8C7A32B3895E044EFE9BDAA5C716D2C1C5C632F6ABC382B5EFD3FDAB304C48BAE0AF7B046C97ECAAEB5B5B5E5F6DB6F3F1D7B5C27F2E2ACB6B6B683757575F1B443A34755702AC189DED37BD5BDE29AD6B1C2A13386D0388F6BBC0141ACA2665B07620B40BCD355BC71C07F5E775DD238674EF19B191C97FD4C9AC58B174F5BB162C5DE952B57BEF7DC73CF8D69584D6F7FBCA9A9E9406D6DED53F6B1084E2538D17B7A6FCAACB85E55782AAC71D693B29F8A58B66C59434B4BCB2B4B972E3D15EF9CB573E7CEA4ABAB2BE9EDED3D37A0C6C7D8031B83EDDAB56B8F2D5AB4E8C86DB7DDF64CFC85E595828253094EF49EDE9B92C3EB9CF3C3EBE9B10CABB29FAA10EF9E910EAEADCB972F7F7AC18205712680730772FAF1547D7DFDE18686868DF1F66CDEED42702AC189DED37B174FF6A7C3EB7FA4D9FE585AFBD3EA3D3FA0C6C78369B5CB7E40702AC189DED37B00084EC189DE537A0F40702AC189DED37B00084E2538F59ED27B00084EC189DE537A0F40702AC189DED37B00084EC189DE537A0F00C12938D17B4AEF01084E2538D17B7A0F00C12938D17B4AEF01084E2538D17B7A0F00C1A904A7DE537A0F00C12938D17B4AEF01084E2538D17B7A0F00C12938D17B4AEF01203805277A4FE93D00C1A904277A4FEF01203805277A4FE93D00C1A904277A4FEF01203895E0D47B4AEF01203805277A4FE93D80A96ED3A60D02AB7AAA370DCED38E4ABDA7F41E00459E7C725DD7D1A3D3855615D4A14333D6A7C1B9DB51A9F794DE03A0C8E6CD1BBEB565CB6FDE3A72E44BFF27BC2AB7CA13A1D9D9B9F1B5CECECE398E4ABDA7F41E0083487F59DFD4D1D1B1339E1E8B7D5D6AD22B1EF7DD4253EF29BD0700000000000000000000000000000000000000000000005076FF0F14D4119ACDC08B370000000049454E44AE426082, 1);
INSERT INTO `ACT_GE_BYTEARRAY` VALUES ('302507', 1, 'var-baseTask', NULL, 0xACED000573720018636F6D2E6C656E2E656E746974792E557365724C656176657C6A1351F3E69B2A02000B4C0009626567696E54696D657400104C6A6176612F7574696C2F446174653B4C000863726561746542797400124C6A6176612F6C616E672F537472696E673B4C000A6372656174654461746571007E00014C0004646179737400134C6A6176612F6C616E672F496E74656765723B4C0007656E6454696D6571007E00014C0002696471007E00024C000B6F70696E696F6E4C6973747400104C6A6176612F7574696C2F4C6973743B4C000673746174757371007E00024C00087461736B4E616D6571007E00024C0008757064617465427971007E00024C000A7570646174654461746571007E000178720017636F6D2E6C656E2E656E746974792E426173655461736BA48CBC2F51BC802602000D4C0008637265617465427971007E00024C000A6372656174654461746571007E00014C0002696471007E00024C001170726F63657373496E7374616E6365496471007E00024C0006726561736F6E71007E00024C000673746174757371007E00024C000B7375626D697474696D657371007E00034C00087461736B4E616D6571007E00024C0008757064617465427971007E00024C000A7570646174654461746571007E00014C000775726C7061746871007E00024C000675736572496471007E00024C0008757365724E616D6571007E0002787070707074000432303138740002313170707070707400352F6C656176652F726561644F6E6C794C656176652F3733613935396530363633343430653038303266633637346565663335393965740020616366633065393233326635343733326135643966666539303731626635373274000561646D696E7372000E6A6176612E7574696C2E44617465686A81014B597419030000787077080000016D35A700007871007E000A7371007E000C77080000016D3A31D60A78737200116A6176612E6C616E672E496E746567657212E2A0A4F781873802000149000576616C7565787200106A6176612E6C616E672E4E756D62657286AC951D0B94E08B0200007870000000037371007E000C77080000016D3ACD5C00787400203733613935396530363633343430653038303266633637346565663335393965737200136A6176612E7574696C2E41727261794C6973747881D21D99C7619D03000149000473697A657870000000007704000000007870707070, NULL);
INSERT INTO `ACT_GE_BYTEARRAY` VALUES ('302509', 1, 'hist.var-baseTask', NULL, 0xACED000573720018636F6D2E6C656E2E656E746974792E557365724C656176657C6A1351F3E69B2A02000B4C0009626567696E54696D657400104C6A6176612F7574696C2F446174653B4C000863726561746542797400124C6A6176612F6C616E672F537472696E673B4C000A6372656174654461746571007E00014C0004646179737400134C6A6176612F6C616E672F496E74656765723B4C0007656E6454696D6571007E00014C0002696471007E00024C000B6F70696E696F6E4C6973747400104C6A6176612F7574696C2F4C6973743B4C000673746174757371007E00024C00087461736B4E616D6571007E00024C0008757064617465427971007E00024C000A7570646174654461746571007E000178720017636F6D2E6C656E2E656E746974792E426173655461736BA48CBC2F51BC802602000D4C0008637265617465427971007E00024C000A6372656174654461746571007E00014C0002696471007E00024C001170726F63657373496E7374616E6365496471007E00024C0006726561736F6E71007E00024C000673746174757371007E00024C000B7375626D697474696D657371007E00034C00087461736B4E616D6571007E00024C0008757064617465427971007E00024C000A7570646174654461746571007E00014C000775726C7061746871007E00024C000675736572496471007E00024C0008757365724E616D6571007E0002787070707074000432303138740002313170707070707400352F6C656176652F726561644F6E6C794C656176652F3733613935396530363633343430653038303266633637346565663335393965740020616366633065393233326635343733326135643966666539303731626635373274000561646D696E7372000E6A6176612E7574696C2E44617465686A81014B597419030000787077080000016D35A700007871007E000A7371007E000C77080000016D3A31D60A78737200116A6176612E6C616E672E496E746567657212E2A0A4F781873802000149000576616C7565787200106A6176612E6C616E672E4E756D62657286AC951D0B94E08B0200007870000000037371007E000C77080000016D3ACD5C00787400203733613935396530363633343430653038303266633637346565663335393965737200136A6176612E7574696C2E41727261794C6973747881D21D99C7619D03000149000473697A657870000000007704000000007870707070, NULL);
INSERT INTO `ACT_GE_BYTEARRAY` VALUES ('302510', 1, 'hist.detail.var-baseTask', NULL, 0xACED000573720018636F6D2E6C656E2E656E746974792E557365724C656176657C6A1351F3E69B2A02000B4C0009626567696E54696D657400104C6A6176612F7574696C2F446174653B4C000863726561746542797400124C6A6176612F6C616E672F537472696E673B4C000A6372656174654461746571007E00014C0004646179737400134C6A6176612F6C616E672F496E74656765723B4C0007656E6454696D6571007E00014C0002696471007E00024C000B6F70696E696F6E4C6973747400104C6A6176612F7574696C2F4C6973743B4C000673746174757371007E00024C00087461736B4E616D6571007E00024C0008757064617465427971007E00024C000A7570646174654461746571007E000178720017636F6D2E6C656E2E656E746974792E426173655461736BA48CBC2F51BC802602000D4C0008637265617465427971007E00024C000A6372656174654461746571007E00014C0002696471007E00024C001170726F63657373496E7374616E6365496471007E00024C0006726561736F6E71007E00024C000673746174757371007E00024C000B7375626D697474696D657371007E00034C00087461736B4E616D6571007E00024C0008757064617465427971007E00024C000A7570646174654461746571007E00014C000775726C7061746871007E00024C000675736572496471007E00024C0008757365724E616D6571007E0002787070707074000432303138740002313170707070707400352F6C656176652F726561644F6E6C794C656176652F3733613935396530363633343430653038303266633637346565663335393965740020616366633065393233326635343733326135643966666539303731626635373274000561646D696E7372000E6A6176612E7574696C2E44617465686A81014B597419030000787077080000016D35A700007871007E000A7371007E000C77080000016D3A31D60A78737200116A6176612E6C616E672E496E746567657212E2A0A4F781873802000149000576616C7565787200106A6176612E6C616E672E4E756D62657286AC951D0B94E08B0200007870000000037371007E000C77080000016D3ACD5C00787400203733613935396530363633343430653038303266633637346565663335393965737200136A6176612E7574696C2E41727261794C6973747881D21D99C7619D03000149000473697A657870000000007704000000007870707070, NULL);
INSERT INTO `ACT_GE_BYTEARRAY` VALUES ('302519', 1, 'var-leaveOpinionList', NULL, 0xACED0005737200136A6176612E7574696C2E41727261794C6973747881D21D99C7619D03000149000473697A657870000000017704000000017372001B636F6D2E6C656E2E656E746974792E4C656176654F70696E696F6E1956BF801DDE60870200065A0004666C61674C000A63726561746554696D657400104C6A6176612F7574696C2F446174653B4C00046F7049647400124C6A6176612F6C616E672F537472696E673B4C00066F704E616D6571007E00044C00076F70696E696F6E71007E00044C00067461736B496471007E00047870017372000E6A6176612E7574696C2E44617465686A81014B597419030000787077080000016D3A330EC0787400203036343338623364613663653439633539333961623433613139383833633234740009E5BCA0E7BB8FE790867400013174000633303235313378, NULL);
INSERT INTO `ACT_GE_BYTEARRAY` VALUES ('302521', 1, 'hist.var-leaveOpinionList', NULL, 0xACED0005737200136A6176612E7574696C2E41727261794C6973747881D21D99C7619D03000149000473697A657870000000017704000000017372001B636F6D2E6C656E2E656E746974792E4C656176654F70696E696F6E1956BF801DDE60870200065A0004666C61674C000A63726561746554696D657400104C6A6176612F7574696C2F446174653B4C00046F7049647400124C6A6176612F6C616E672F537472696E673B4C00066F704E616D6571007E00044C00076F70696E696F6E71007E00044C00067461736B496471007E00047870017372000E6A6176612E7574696C2E44617465686A81014B597419030000787077080000016D3A330EC0787400203036343338623364613663653439633539333961623433613139383833633234740009E5BCA0E7BB8FE790867400013174000633303235313378, NULL);
INSERT INTO `ACT_GE_BYTEARRAY` VALUES ('302522', 1, 'hist.detail.var-leaveOpinionList', NULL, 0xACED0005737200136A6176612E7574696C2E41727261794C6973747881D21D99C7619D03000149000473697A657870000000017704000000017372001B636F6D2E6C656E2E656E746974792E4C656176654F70696E696F6E1956BF801DDE60870200065A0004666C61674C000A63726561746554696D657400104C6A6176612F7574696C2F446174653B4C00046F7049647400124C6A6176612F6C616E672F537472696E673B4C00066F704E616D6571007E00044C00076F70696E696F6E71007E00044C00067461736B496471007E00047870017372000E6A6176612E7574696C2E44617465686A81014B597419030000787077080000016D3A330EC0787400203036343338623364613663653439633539333961623433613139383833633234740009E5BCA0E7BB8FE790867400013174000633303235313378, NULL);

-- ----------------------------
-- Table structure for ACT_GE_PROPERTY
-- ----------------------------
DROP TABLE IF EXISTS `ACT_GE_PROPERTY`;
CREATE TABLE `ACT_GE_PROPERTY`  (
  `NAME_` varchar(64) CHARACTER SET utf8 COLLATE utf8_bin NOT NULL,
  `VALUE_` varchar(300) CHARACTER SET utf8 COLLATE utf8_bin NULL DEFAULT NULL,
  `REV_` int(11) NULL DEFAULT NULL,
  PRIMARY KEY (`NAME_`) USING BTREE
) ENGINE = InnoDB CHARACTER SET = utf8 COLLATE = utf8_bin ROW_FORMAT = Dynamic;

-- ----------------------------
-- Records of ACT_GE_PROPERTY
-- ----------------------------
INSERT INTO `ACT_GE_PROPERTY` VALUES ('next.dbid', '305001', 123);
INSERT INTO `ACT_GE_PROPERTY` VALUES ('schema.history', 'create(5.22.0.0)', 1);
INSERT INTO `ACT_GE_PROPERTY` VALUES ('schema.version', '5.22.0.0', 1);

-- ----------------------------
-- Table structure for ACT_HI_ACTINST
-- ----------------------------
DROP TABLE IF EXISTS `ACT_HI_ACTINST`;
CREATE TABLE `ACT_HI_ACTINST`  (
  `ID_` varchar(64) CHARACTER SET utf8 COLLATE utf8_bin NOT NULL,
  `PROC_DEF_ID_` varchar(64) CHARACTER SET utf8 COLLATE utf8_bin NOT NULL,
  `PROC_INST_ID_` varchar(64) CHARACTER SET utf8 COLLATE utf8_bin NOT NULL,
  `EXECUTION_ID_` varchar(64) CHARACTER SET utf8 COLLATE utf8_bin NOT NULL,
  `ACT_ID_` varchar(255) CHARACTER SET utf8 COLLATE utf8_bin NOT NULL,
  `TASK_ID_` varchar(64) CHARACTER SET utf8 COLLATE utf8_bin NULL DEFAULT NULL,
  `CALL_PROC_INST_ID_` varchar(64) CHARACTER SET utf8 COLLATE utf8_bin NULL DEFAULT NULL,
  `ACT_NAME_` varchar(255) CHARACTER SET utf8 COLLATE utf8_bin NULL DEFAULT NULL,
  `ACT_TYPE_` varchar(255) CHARACTER SET utf8 COLLATE utf8_bin NOT NULL,
  `ASSIGNEE_` varchar(255) CHARACTER SET utf8 COLLATE utf8_bin NULL DEFAULT NULL,
  `START_TIME_` datetime(3) NOT NULL,
  `END_TIME_` datetime(3) NULL DEFAULT NULL,
  `DURATION_` bigint(20) NULL DEFAULT NULL,
  `TENANT_ID_` varchar(255) CHARACTER SET utf8 COLLATE utf8_bin NULL DEFAULT '',
  PRIMARY KEY (`ID_`) USING BTREE,
  INDEX `ACT_IDX_HI_ACT_INST_START`(`START_TIME_`) USING BTREE,
  INDEX `ACT_IDX_HI_ACT_INST_END`(`END_TIME_`) USING BTREE,
  INDEX `ACT_IDX_HI_ACT_INST_PROCINST`(`PROC_INST_ID_`, `ACT_ID_`) USING BTREE,
  INDEX `ACT_IDX_HI_ACT_INST_EXEC`(`EXECUTION_ID_`, `ACT_ID_`) USING BTREE
) ENGINE = InnoDB CHARACTER SET = utf8 COLLATE = utf8_bin ROW_FORMAT = Dynamic;

-- ----------------------------
-- Records of ACT_HI_ACTINST
-- ----------------------------
INSERT INTO `ACT_HI_ACTINST` VALUES ('247553', 'process_leave:1:247536', '247552', '247552', 'start', NULL, NULL, 'start', 'startEvent', NULL, '2018-06-14 23:44:03.000', '2018-06-14 23:44:03.000', 1, '');
INSERT INTO `ACT_HI_ACTINST` VALUES ('247559', 'process_leave:1:247536', '247552', '247552', 'user1', '247560', NULL, '经理审批', 'userTask', NULL, '2018-06-14 23:44:03.000', NULL, NULL, '');
INSERT INTO `ACT_HI_ACTINST` VALUES ('302506', 'process_leave:1:302504', '302505', '302505', 'sid-987D83C9-623F-41D0-9F78-371241D6AA88', NULL, NULL, NULL, 'startEvent', NULL, '2019-09-16 21:10:07.634', '2019-09-16 21:10:07.651', 17, '');
INSERT INTO `ACT_HI_ACTINST` VALUES ('302512', 'process_leave:1:302504', '302505', '302505', 'sid-179BC435-C066-4A8E-AF40-7DD4CB29063F', '302513', NULL, '项目经理审批', 'userTask', '06438b3da6ce49c5939ab43a19883c24', '2019-09-16 21:10:07.652', '2019-09-16 21:11:27.694', 80042, '');
INSERT INTO `ACT_HI_ACTINST` VALUES ('302524', 'process_leave:1:302504', '302505', '302505', 'sid-78B40B96-E210-497E-81DA-E772A8E25D30', '302525', NULL, '人事审批', 'userTask', 'ce2964cbbc224a2f915006ba1ac4501f', '2019-09-16 21:11:27.694', NULL, NULL, '');

-- ----------------------------
-- Table structure for ACT_HI_ATTACHMENT
-- ----------------------------
DROP TABLE IF EXISTS `ACT_HI_ATTACHMENT`;
CREATE TABLE `ACT_HI_ATTACHMENT`  (
  `ID_` varchar(64) CHARACTER SET utf8 COLLATE utf8_bin NOT NULL,
  `REV_` int(11) NULL DEFAULT NULL,
  `USER_ID_` varchar(255) CHARACTER SET utf8 COLLATE utf8_bin NULL DEFAULT NULL,
  `NAME_` varchar(255) CHARACTER SET utf8 COLLATE utf8_bin NULL DEFAULT NULL,
  `DESCRIPTION_` varchar(4000) CHARACTER SET utf8 COLLATE utf8_bin NULL DEFAULT NULL,
  `TYPE_` varchar(255) CHARACTER SET utf8 COLLATE utf8_bin NULL DEFAULT NULL,
  `TASK_ID_` varchar(64) CHARACTER SET utf8 COLLATE utf8_bin NULL DEFAULT NULL,
  `PROC_INST_ID_` varchar(64) CHARACTER SET utf8 COLLATE utf8_bin NULL DEFAULT NULL,
  `URL_` varchar(4000) CHARACTER SET utf8 COLLATE utf8_bin NULL DEFAULT NULL,
  `CONTENT_ID_` varchar(64) CHARACTER SET utf8 COLLATE utf8_bin NULL DEFAULT NULL,
  `TIME_` datetime(3) NULL DEFAULT NULL,
  PRIMARY KEY (`ID_`) USING BTREE
) ENGINE = InnoDB CHARACTER SET = utf8 COLLATE = utf8_bin ROW_FORMAT = Dynamic;

-- ----------------------------
-- Table structure for ACT_HI_COMMENT
-- ----------------------------
DROP TABLE IF EXISTS `ACT_HI_COMMENT`;
CREATE TABLE `ACT_HI_COMMENT`  (
  `ID_` varchar(64) CHARACTER SET utf8 COLLATE utf8_bin NOT NULL,
  `TYPE_` varchar(255) CHARACTER SET utf8 COLLATE utf8_bin NULL DEFAULT NULL,
  `TIME_` datetime(3) NOT NULL,
  `USER_ID_` varchar(255) CHARACTER SET utf8 COLLATE utf8_bin NULL DEFAULT NULL,
  `TASK_ID_` varchar(64) CHARACTER SET utf8 COLLATE utf8_bin NULL DEFAULT NULL,
  `PROC_INST_ID_` varchar(64) CHARACTER SET utf8 COLLATE utf8_bin NULL DEFAULT NULL,
  `ACTION_` varchar(255) CHARACTER SET utf8 COLLATE utf8_bin NULL DEFAULT NULL,
  `MESSAGE_` varchar(4000) CHARACTER SET utf8 COLLATE utf8_bin NULL DEFAULT NULL,
  `FULL_MSG_` longblob NULL,
  PRIMARY KEY (`ID_`) USING BTREE
) ENGINE = InnoDB CHARACTER SET = utf8 COLLATE = utf8_bin ROW_FORMAT = Dynamic;

-- ----------------------------
-- Table structure for ACT_HI_DETAIL
-- ----------------------------
DROP TABLE IF EXISTS `ACT_HI_DETAIL`;
CREATE TABLE `ACT_HI_DETAIL`  (
  `ID_` varchar(64) CHARACTER SET utf8 COLLATE utf8_bin NOT NULL,
  `TYPE_` varchar(255) CHARACTER SET utf8 COLLATE utf8_bin NOT NULL,
  `PROC_INST_ID_` varchar(64) CHARACTER SET utf8 COLLATE utf8_bin NULL DEFAULT NULL,
  `EXECUTION_ID_` varchar(64) CHARACTER SET utf8 COLLATE utf8_bin NULL DEFAULT NULL,
  `TASK_ID_` varchar(64) CHARACTER SET utf8 COLLATE utf8_bin NULL DEFAULT NULL,
  `ACT_INST_ID_` varchar(64) CHARACTER SET utf8 COLLATE utf8_bin NULL DEFAULT NULL,
  `NAME_` varchar(255) CHARACTER SET utf8 COLLATE utf8_bin NOT NULL,
  `VAR_TYPE_` varchar(255) CHARACTER SET utf8 COLLATE utf8_bin NULL DEFAULT NULL,
  `REV_` int(11) NULL DEFAULT NULL,
  `TIME_` datetime(3) NOT NULL,
  `BYTEARRAY_ID_` varchar(64) CHARACTER SET utf8 COLLATE utf8_bin NULL DEFAULT NULL,
  `DOUBLE_` double NULL DEFAULT NULL,
  `LONG_` bigint(20) NULL DEFAULT NULL,
  `TEXT_` varchar(4000) CHARACTER SET utf8 COLLATE utf8_bin NULL DEFAULT NULL,
  `TEXT2_` varchar(4000) CHARACTER SET utf8 COLLATE utf8_bin NULL DEFAULT NULL,
  PRIMARY KEY (`ID_`) USING BTREE,
  INDEX `ACT_IDX_HI_DETAIL_PROC_INST`(`PROC_INST_ID_`) USING BTREE,
  INDEX `ACT_IDX_HI_DETAIL_ACT_INST`(`ACT_INST_ID_`) USING BTREE,
  INDEX `ACT_IDX_HI_DETAIL_TIME`(`TIME_`) USING BTREE,
  INDEX `ACT_IDX_HI_DETAIL_NAME`(`NAME_`) USING BTREE,
  INDEX `ACT_IDX_HI_DETAIL_TASK_ID`(`TASK_ID_`) USING BTREE
) ENGINE = InnoDB CHARACTER SET = utf8 COLLATE = utf8_bin ROW_FORMAT = Dynamic;

-- ----------------------------
-- Records of ACT_HI_DETAIL
-- ----------------------------
INSERT INTO `ACT_HI_DETAIL` VALUES ('247558', 'VariableUpdate', '247552', '247552', NULL, '247553', 'userLeave', 'serializable', 0, '2018-06-14 23:44:03.000', '247557', NULL, NULL, NULL, NULL);
INSERT INTO `ACT_HI_DETAIL` VALUES ('302511', 'VariableUpdate', '302505', '302505', NULL, '302506', 'baseTask', 'serializable', 0, '2019-09-16 21:10:07.636', '302510', NULL, NULL, NULL, NULL);
INSERT INTO `ACT_HI_DETAIL` VALUES ('302516', 'VariableUpdate', '302505', '302505', NULL, '302512', 'flag', 'boolean', 0, '2019-09-16 21:11:27.686', NULL, NULL, 1, NULL, NULL);
INSERT INTO `ACT_HI_DETAIL` VALUES ('302518', 'VariableUpdate', '302505', '302505', NULL, '302512', 'needfinish', 'integer', 0, '2019-09-16 21:11:27.687', NULL, NULL, 1, '1', NULL);
INSERT INTO `ACT_HI_DETAIL` VALUES ('302523', 'VariableUpdate', '302505', '302505', NULL, '302512', 'leaveOpinionList', 'serializable', 0, '2019-09-16 21:11:27.689', '302522', NULL, NULL, NULL, NULL);

-- ----------------------------
-- Table structure for ACT_HI_IDENTITYLINK
-- ----------------------------
DROP TABLE IF EXISTS `ACT_HI_IDENTITYLINK`;
CREATE TABLE `ACT_HI_IDENTITYLINK`  (
  `ID_` varchar(64) CHARACTER SET utf8 COLLATE utf8_bin NOT NULL,
  `GROUP_ID_` varchar(255) CHARACTER SET utf8 COLLATE utf8_bin NULL DEFAULT NULL,
  `TYPE_` varchar(255) CHARACTER SET utf8 COLLATE utf8_bin NULL DEFAULT NULL,
  `USER_ID_` varchar(255) CHARACTER SET utf8 COLLATE utf8_bin NULL DEFAULT NULL,
  `TASK_ID_` varchar(64) CHARACTER SET utf8 COLLATE utf8_bin NULL DEFAULT NULL,
  `PROC_INST_ID_` varchar(64) CHARACTER SET utf8 COLLATE utf8_bin NULL DEFAULT NULL,
  PRIMARY KEY (`ID_`) USING BTREE,
  INDEX `ACT_IDX_HI_IDENT_LNK_USER`(`USER_ID_`) USING BTREE,
  INDEX `ACT_IDX_HI_IDENT_LNK_TASK`(`TASK_ID_`) USING BTREE,
  INDEX `ACT_IDX_HI_IDENT_LNK_PROCINST`(`PROC_INST_ID_`) USING BTREE
) ENGINE = InnoDB CHARACTER SET = utf8 COLLATE = utf8_bin ROW_FORMAT = Dynamic;

-- ----------------------------
-- Records of ACT_HI_IDENTITYLINK
-- ----------------------------
INSERT INTO `ACT_HI_IDENTITYLINK` VALUES ('302514', NULL, 'participant', '06438b3da6ce49c5939ab43a19883c24', NULL, '302505');
INSERT INTO `ACT_HI_IDENTITYLINK` VALUES ('302526', NULL, 'participant', 'ce2964cbbc224a2f915006ba1ac4501f', NULL, '302505');

-- ----------------------------
-- Table structure for ACT_HI_PROCINST
-- ----------------------------
DROP TABLE IF EXISTS `ACT_HI_PROCINST`;
CREATE TABLE `ACT_HI_PROCINST`  (
  `ID_` varchar(64) CHARACTER SET utf8 COLLATE utf8_bin NOT NULL,
  `PROC_INST_ID_` varchar(64) CHARACTER SET utf8 COLLATE utf8_bin NOT NULL,
  `BUSINESS_KEY_` varchar(255) CHARACTER SET utf8 COLLATE utf8_bin NULL DEFAULT NULL,
  `PROC_DEF_ID_` varchar(64) CHARACTER SET utf8 COLLATE utf8_bin NOT NULL,
  `START_TIME_` datetime(3) NOT NULL,
  `END_TIME_` datetime(3) NULL DEFAULT NULL,
  `DURATION_` bigint(20) NULL DEFAULT NULL,
  `START_USER_ID_` varchar(255) CHARACTER SET utf8 COLLATE utf8_bin NULL DEFAULT NULL,
  `START_ACT_ID_` varchar(255) CHARACTER SET utf8 COLLATE utf8_bin NULL DEFAULT NULL,
  `END_ACT_ID_` varchar(255) CHARACTER SET utf8 COLLATE utf8_bin NULL DEFAULT NULL,
  `SUPER_PROCESS_INSTANCE_ID_` varchar(64) CHARACTER SET utf8 COLLATE utf8_bin NULL DEFAULT NULL,
  `DELETE_REASON_` varchar(4000) CHARACTER SET utf8 COLLATE utf8_bin NULL DEFAULT NULL,
  `TENANT_ID_` varchar(255) CHARACTER SET utf8 COLLATE utf8_bin NULL DEFAULT '',
  `NAME_` varchar(255) CHARACTER SET utf8 COLLATE utf8_bin NULL DEFAULT NULL,
  PRIMARY KEY (`ID_`) USING BTREE,
  UNIQUE INDEX `PROC_INST_ID_`(`PROC_INST_ID_`) USING BTREE,
  INDEX `ACT_IDX_HI_PRO_INST_END`(`END_TIME_`) USING BTREE,
  INDEX `ACT_IDX_HI_PRO_I_BUSKEY`(`BUSINESS_KEY_`) USING BTREE
) ENGINE = InnoDB CHARACTER SET = utf8 COLLATE = utf8_bin ROW_FORMAT = Dynamic;

-- ----------------------------
-- Records of ACT_HI_PROCINST
-- ----------------------------
INSERT INTO `ACT_HI_PROCINST` VALUES ('247552', '247552', NULL, 'process_leave:1:247536', '2018-06-14 23:44:03.000', NULL, NULL, NULL, 'start', NULL, NULL, NULL, '', NULL);
INSERT INTO `ACT_HI_PROCINST` VALUES ('302505', '302505', NULL, 'process_leave:1:302504', '2019-09-16 21:10:07.633', NULL, NULL, NULL, 'sid-987D83C9-623F-41D0-9F78-371241D6AA88', NULL, NULL, NULL, '', NULL);

-- ----------------------------
-- Table structure for ACT_HI_TASKINST
-- ----------------------------
DROP TABLE IF EXISTS `ACT_HI_TASKINST`;
CREATE TABLE `ACT_HI_TASKINST`  (
  `ID_` varchar(64) CHARACTER SET utf8 COLLATE utf8_bin NOT NULL,
  `PROC_DEF_ID_` varchar(64) CHARACTER SET utf8 COLLATE utf8_bin NULL DEFAULT NULL,
  `TASK_DEF_KEY_` varchar(255) CHARACTER SET utf8 COLLATE utf8_bin NULL DEFAULT NULL,
  `PROC_INST_ID_` varchar(64) CHARACTER SET utf8 COLLATE utf8_bin NULL DEFAULT NULL,
  `EXECUTION_ID_` varchar(64) CHARACTER SET utf8 COLLATE utf8_bin NULL DEFAULT NULL,
  `NAME_` varchar(255) CHARACTER SET utf8 COLLATE utf8_bin NULL DEFAULT NULL,
  `PARENT_TASK_ID_` varchar(64) CHARACTER SET utf8 COLLATE utf8_bin NULL DEFAULT NULL,
  `DESCRIPTION_` varchar(4000) CHARACTER SET utf8 COLLATE utf8_bin NULL DEFAULT NULL,
  `OWNER_` varchar(255) CHARACTER SET utf8 COLLATE utf8_bin NULL DEFAULT NULL,
  `ASSIGNEE_` varchar(255) CHARACTER SET utf8 COLLATE utf8_bin NULL DEFAULT NULL,
  `START_TIME_` datetime(3) NOT NULL,
  `CLAIM_TIME_` datetime(3) NULL DEFAULT NULL,
  `END_TIME_` datetime(3) NULL DEFAULT NULL,
  `DURATION_` bigint(20) NULL DEFAULT NULL,
  `DELETE_REASON_` varchar(4000) CHARACTER SET utf8 COLLATE utf8_bin NULL DEFAULT NULL,
  `PRIORITY_` int(11) NULL DEFAULT NULL,
  `DUE_DATE_` datetime(3) NULL DEFAULT NULL,
  `FORM_KEY_` varchar(255) CHARACTER SET utf8 COLLATE utf8_bin NULL DEFAULT NULL,
  `CATEGORY_` varchar(255) CHARACTER SET utf8 COLLATE utf8_bin NULL DEFAULT NULL,
  `TENANT_ID_` varchar(255) CHARACTER SET utf8 COLLATE utf8_bin NULL DEFAULT '',
  PRIMARY KEY (`ID_`) USING BTREE,
  INDEX `ACT_IDX_HI_TASK_INST_PROCINST`(`PROC_INST_ID_`) USING BTREE
) ENGINE = InnoDB CHARACTER SET = utf8 COLLATE = utf8_bin ROW_FORMAT = Dynamic;

-- ----------------------------
-- Records of ACT_HI_TASKINST
-- ----------------------------
INSERT INTO `ACT_HI_TASKINST` VALUES ('247560', 'process_leave:1:247536', 'user1', '247552', '247552', '经理审批', NULL, NULL, NULL, NULL, '2018-06-14 23:44:03.000', NULL, NULL, NULL, NULL, 50, NULL, NULL, NULL, '');
INSERT INTO `ACT_HI_TASKINST` VALUES ('302513', 'process_leave:1:302504', 'sid-179BC435-C066-4A8E-AF40-7DD4CB29063F', '302505', '302505', '项目经理审批', NULL, NULL, NULL, '06438b3da6ce49c5939ab43a19883c24', '2019-09-16 21:10:07.653', NULL, '2019-09-16 21:11:27.692', 80039, 'completed', 50, NULL, NULL, NULL, '');
INSERT INTO `ACT_HI_TASKINST` VALUES ('302525', 'process_leave:1:302504', 'sid-78B40B96-E210-497E-81DA-E772A8E25D30', '302505', '302505', '人事审批', NULL, NULL, NULL, 'ce2964cbbc224a2f915006ba1ac4501f', '2019-09-16 21:11:27.694', NULL, NULL, NULL, NULL, 50, NULL, NULL, NULL, '');

-- ----------------------------
-- Table structure for ACT_HI_VARINST
-- ----------------------------
DROP TABLE IF EXISTS `ACT_HI_VARINST`;
CREATE TABLE `ACT_HI_VARINST`  (
  `ID_` varchar(64) CHARACTER SET utf8 COLLATE utf8_bin NOT NULL,
  `PROC_INST_ID_` varchar(64) CHARACTER SET utf8 COLLATE utf8_bin NULL DEFAULT NULL,
  `EXECUTION_ID_` varchar(64) CHARACTER SET utf8 COLLATE utf8_bin NULL DEFAULT NULL,
  `TASK_ID_` varchar(64) CHARACTER SET utf8 COLLATE utf8_bin NULL DEFAULT NULL,
  `NAME_` varchar(255) CHARACTER SET utf8 COLLATE utf8_bin NOT NULL,
  `VAR_TYPE_` varchar(100) CHARACTER SET utf8 COLLATE utf8_bin NULL DEFAULT NULL,
  `REV_` int(11) NULL DEFAULT NULL,
  `BYTEARRAY_ID_` varchar(64) CHARACTER SET utf8 COLLATE utf8_bin NULL DEFAULT NULL,
  `DOUBLE_` double NULL DEFAULT NULL,
  `LONG_` bigint(20) NULL DEFAULT NULL,
  `TEXT_` varchar(4000) CHARACTER SET utf8 COLLATE utf8_bin NULL DEFAULT NULL,
  `TEXT2_` varchar(4000) CHARACTER SET utf8 COLLATE utf8_bin NULL DEFAULT NULL,
  `CREATE_TIME_` datetime(3) NULL DEFAULT NULL,
  `LAST_UPDATED_TIME_` datetime(3) NULL DEFAULT NULL,
  PRIMARY KEY (`ID_`) USING BTREE,
  INDEX `ACT_IDX_HI_PROCVAR_PROC_INST`(`PROC_INST_ID_`) USING BTREE,
  INDEX `ACT_IDX_HI_PROCVAR_NAME_TYPE`(`NAME_`, `VAR_TYPE_`) USING BTREE,
  INDEX `ACT_IDX_HI_PROCVAR_TASK_ID`(`TASK_ID_`) USING BTREE
) ENGINE = InnoDB CHARACTER SET = utf8 COLLATE = utf8_bin ROW_FORMAT = Dynamic;

-- ----------------------------
-- Records of ACT_HI_VARINST
-- ----------------------------
INSERT INTO `ACT_HI_VARINST` VALUES ('247555', '247552', '247552', NULL, 'userLeave', 'serializable', 0, '247556', NULL, NULL, NULL, NULL, '2018-06-14 23:44:03.000', '2018-06-14 23:44:03.000');
INSERT INTO `ACT_HI_VARINST` VALUES ('302508', '302505', '302505', NULL, 'baseTask', 'serializable', 0, '302509', NULL, NULL, NULL, NULL, '2019-09-16 21:10:07.636', '2019-09-16 21:10:07.636');
INSERT INTO `ACT_HI_VARINST` VALUES ('302515', '302505', '302505', NULL, 'flag', 'boolean', 0, NULL, NULL, 1, NULL, NULL, '2019-09-16 21:11:27.686', '2019-09-16 21:11:27.686');
INSERT INTO `ACT_HI_VARINST` VALUES ('302517', '302505', '302505', NULL, 'needfinish', 'integer', 0, NULL, NULL, 1, '1', NULL, '2019-09-16 21:11:27.687', '2019-09-16 21:11:27.687');
INSERT INTO `ACT_HI_VARINST` VALUES ('302520', '302505', '302505', NULL, 'leaveOpinionList', 'serializable', 0, '302521', NULL, NULL, NULL, NULL, '2019-09-16 21:11:27.689', '2019-09-16 21:11:27.689');

-- ----------------------------
-- Table structure for ACT_ID_GROUP
-- ----------------------------
DROP TABLE IF EXISTS `ACT_ID_GROUP`;
CREATE TABLE `ACT_ID_GROUP`  (
  `ID_` varchar(64) CHARACTER SET utf8 COLLATE utf8_bin NOT NULL,
  `REV_` int(11) NULL DEFAULT NULL,
  `NAME_` varchar(255) CHARACTER SET utf8 COLLATE utf8_bin NULL DEFAULT NULL,
  `TYPE_` varchar(255) CHARACTER SET utf8 COLLATE utf8_bin NULL DEFAULT NULL,
  PRIMARY KEY (`ID_`) USING BTREE
) ENGINE = InnoDB CHARACTER SET = utf8 COLLATE = utf8_bin ROW_FORMAT = Dynamic;

-- ----------------------------
-- Records of ACT_ID_GROUP
-- ----------------------------
INSERT INTO `ACT_ID_GROUP` VALUES ('023366f3457511e8bcf1309c2315f9aa', 1, 'hr', NULL);
INSERT INTO `ACT_ID_GROUP` VALUES ('0ea934e5e55411e7b983201a068c6482', 1, 'manage', NULL);
INSERT INTO `ACT_ID_GROUP` VALUES ('2619a672e53811e7b983201a068c6482', 1, 'admin', NULL);
INSERT INTO `ACT_ID_GROUP` VALUES ('dcb0f642fe9611e7b472201a068c6482', 1, 'dev', NULL);
INSERT INTO `ACT_ID_GROUP` VALUES ('e346e96368484c8fa7f217ce550a0186', 1, 'DeputyManager', NULL);

-- ----------------------------
-- Table structure for ACT_ID_INFO
-- ----------------------------
DROP TABLE IF EXISTS `ACT_ID_INFO`;
CREATE TABLE `ACT_ID_INFO`  (
  `ID_` varchar(64) CHARACTER SET utf8 COLLATE utf8_bin NOT NULL,
  `REV_` int(11) NULL DEFAULT NULL,
  `USER_ID_` varchar(64) CHARACTER SET utf8 COLLATE utf8_bin NULL DEFAULT NULL,
  `TYPE_` varchar(64) CHARACTER SET utf8 COLLATE utf8_bin NULL DEFAULT NULL,
  `KEY_` varchar(255) CHARACTER SET utf8 COLLATE utf8_bin NULL DEFAULT NULL,
  `VALUE_` varchar(255) CHARACTER SET utf8 COLLATE utf8_bin NULL DEFAULT NULL,
  `PASSWORD_` longblob NULL,
  `PARENT_ID_` varchar(255) CHARACTER SET utf8 COLLATE utf8_bin NULL DEFAULT NULL,
  PRIMARY KEY (`ID_`) USING BTREE
) ENGINE = InnoDB CHARACTER SET = utf8 COLLATE = utf8_bin ROW_FORMAT = Dynamic;

-- ----------------------------
-- Table structure for ACT_ID_MEMBERSHIP
-- ----------------------------
DROP TABLE IF EXISTS `ACT_ID_MEMBERSHIP`;
CREATE TABLE `ACT_ID_MEMBERSHIP`  (
  `USER_ID_` varchar(64) CHARACTER SET utf8 COLLATE utf8_bin NOT NULL,
  `GROUP_ID_` varchar(64) CHARACTER SET utf8 COLLATE utf8_bin NOT NULL,
  PRIMARY KEY (`USER_ID_`, `GROUP_ID_`) USING BTREE,
  INDEX `ACT_FK_MEMB_GROUP`(`GROUP_ID_`) USING BTREE,
  CONSTRAINT `ACT_FK_MEMB_GROUP` FOREIGN KEY (`GROUP_ID_`) REFERENCES `ACT_ID_GROUP` (`ID_`) ON DELETE RESTRICT ON UPDATE RESTRICT,
  CONSTRAINT `ACT_FK_MEMB_USER` FOREIGN KEY (`USER_ID_`) REFERENCES `ACT_ID_USER` (`ID_`) ON DELETE RESTRICT ON UPDATE RESTRICT
) ENGINE = InnoDB CHARACTER SET = utf8 COLLATE = utf8_bin ROW_FORMAT = Dynamic;

-- ----------------------------
-- Records of ACT_ID_MEMBERSHIP
-- ----------------------------
INSERT INTO `ACT_ID_MEMBERSHIP` VALUES ('ce2964cbbc224a2f915006ba1ac4501f', '023366f3457511e8bcf1309c2315f9aa');
INSERT INTO `ACT_ID_MEMBERSHIP` VALUES ('06438b3da6ce49c5939ab43a19883c24', '0ea934e5e55411e7b983201a068c6482');
INSERT INTO `ACT_ID_MEMBERSHIP` VALUES ('acfc0e9232f54732a5d9ffe9071bf572', '2619a672e53811e7b983201a068c6482');
INSERT INTO `ACT_ID_MEMBERSHIP` VALUES ('f6856bd60457452e8253d6a1bf0e81c1', 'dcb0f642fe9611e7b472201a068c6482');

-- ----------------------------
-- Table structure for ACT_ID_USER
-- ----------------------------
DROP TABLE IF EXISTS `ACT_ID_USER`;
CREATE TABLE `ACT_ID_USER`  (
  `ID_` varchar(64) CHARACTER SET utf8 COLLATE utf8_bin NOT NULL,
  `REV_` int(11) NULL DEFAULT NULL,
  `FIRST_` varchar(255) CHARACTER SET utf8 COLLATE utf8_bin NULL DEFAULT NULL,
  `LAST_` varchar(255) CHARACTER SET utf8 COLLATE utf8_bin NULL DEFAULT NULL,
  `EMAIL_` varchar(255) CHARACTER SET utf8 COLLATE utf8_bin NULL DEFAULT NULL,
  `PWD_` varchar(255) CHARACTER SET utf8 COLLATE utf8_bin NULL DEFAULT NULL,
  `PICTURE_ID_` varchar(64) CHARACTER SET utf8 COLLATE utf8_bin NULL DEFAULT NULL,
  PRIMARY KEY (`ID_`) USING BTREE
) ENGINE = InnoDB CHARACTER SET = utf8 COLLATE = utf8_bin ROW_FORMAT = Dynamic;

-- ----------------------------
-- Records of ACT_ID_USER
-- ----------------------------
INSERT INTO `ACT_ID_USER` VALUES ('06438b3da6ce49c5939ab43a19883c24', 1, '张经理', NULL, '', NULL, NULL);
INSERT INTO `ACT_ID_USER` VALUES ('acfc0e9232f54732a5d9ffe9071bf572', 1, '管理员', NULL, '', NULL, NULL);
INSERT INTO `ACT_ID_USER` VALUES ('ce2964cbbc224a2f915006ba1ac4501f', 1, '张人事', NULL, 'zhr@163.com', NULL, NULL);
INSERT INTO `ACT_ID_USER` VALUES ('f6856bd60457452e8253d6a1bf0e81c1', 1, '张开发', NULL, 'zdev@163.com', NULL, NULL);

-- ----------------------------
-- Table structure for ACT_PROCDEF_INFO
-- ----------------------------
DROP TABLE IF EXISTS `ACT_PROCDEF_INFO`;
CREATE TABLE `ACT_PROCDEF_INFO`  (
  `ID_` varchar(64) CHARACTER SET utf8 COLLATE utf8_bin NOT NULL,
  `PROC_DEF_ID_` varchar(64) CHARACTER SET utf8 COLLATE utf8_bin NOT NULL,
  `REV_` int(11) NULL DEFAULT NULL,
  `INFO_JSON_ID_` varchar(64) CHARACTER SET utf8 COLLATE utf8_bin NULL DEFAULT NULL,
  PRIMARY KEY (`ID_`) USING BTREE,
  UNIQUE INDEX `ACT_UNIQ_INFO_PROCDEF`(`PROC_DEF_ID_`) USING BTREE,
  INDEX `ACT_IDX_INFO_PROCDEF`(`PROC_DEF_ID_`) USING BTREE,
  INDEX `ACT_FK_INFO_JSON_BA`(`INFO_JSON_ID_`) USING BTREE,
  CONSTRAINT `ACT_FK_INFO_JSON_BA` FOREIGN KEY (`INFO_JSON_ID_`) REFERENCES `ACT_GE_BYTEARRAY` (`ID_`) ON DELETE RESTRICT ON UPDATE RESTRICT,
  CONSTRAINT `ACT_FK_INFO_PROCDEF` FOREIGN KEY (`PROC_DEF_ID_`) REFERENCES `ACT_RE_PROCDEF` (`ID_`) ON DELETE RESTRICT ON UPDATE RESTRICT
) ENGINE = InnoDB CHARACTER SET = utf8 COLLATE = utf8_bin ROW_FORMAT = Dynamic;

-- ----------------------------
-- Table structure for ACT_RE_DEPLOYMENT
-- ----------------------------
DROP TABLE IF EXISTS `ACT_RE_DEPLOYMENT`;
CREATE TABLE `ACT_RE_DEPLOYMENT`  (
  `ID_` varchar(64) CHARACTER SET utf8 COLLATE utf8_bin NOT NULL,
  `NAME_` varchar(255) CHARACTER SET utf8 COLLATE utf8_bin NULL DEFAULT NULL,
  `CATEGORY_` varchar(255) CHARACTER SET utf8 COLLATE utf8_bin NULL DEFAULT NULL,
  `TENANT_ID_` varchar(255) CHARACTER SET utf8 COLLATE utf8_bin NULL DEFAULT '',
  `DEPLOY_TIME_` timestamp(3) NULL DEFAULT NULL,
  PRIMARY KEY (`ID_`) USING BTREE
) ENGINE = InnoDB CHARACTER SET = utf8 COLLATE = utf8_bin ROW_FORMAT = Dynamic;

-- ----------------------------
-- Records of ACT_RE_DEPLOYMENT
-- ----------------------------
INSERT INTO `ACT_RE_DEPLOYMENT` VALUES ('247533', '请假流程', NULL, '', '2018-06-14 23:37:51.000');
INSERT INTO `ACT_RE_DEPLOYMENT` VALUES ('302501', '测试流程', NULL, '', '2019-09-16 21:09:44.619');

-- ----------------------------
-- Table structure for ACT_RE_MODEL
-- ----------------------------
DROP TABLE IF EXISTS `ACT_RE_MODEL`;
CREATE TABLE `ACT_RE_MODEL`  (
  `ID_` varchar(64) CHARACTER SET utf8 COLLATE utf8_bin NOT NULL,
  `REV_` int(11) NULL DEFAULT NULL,
  `NAME_` varchar(255) CHARACTER SET utf8 COLLATE utf8_bin NULL DEFAULT NULL,
  `KEY_` varchar(255) CHARACTER SET utf8 COLLATE utf8_bin NULL DEFAULT NULL,
  `CATEGORY_` varchar(255) CHARACTER SET utf8 COLLATE utf8_bin NULL DEFAULT NULL,
  `CREATE_TIME_` timestamp(3) NULL DEFAULT NULL,
  `LAST_UPDATE_TIME_` timestamp(3) NULL DEFAULT NULL,
  `VERSION_` int(11) NULL DEFAULT NULL,
  `META_INFO_` varchar(4000) CHARACTER SET utf8 COLLATE utf8_bin NULL DEFAULT NULL,
  `DEPLOYMENT_ID_` varchar(64) CHARACTER SET utf8 COLLATE utf8_bin NULL DEFAULT NULL,
  `EDITOR_SOURCE_VALUE_ID_` varchar(64) CHARACTER SET utf8 COLLATE utf8_bin NULL DEFAULT NULL,
  `EDITOR_SOURCE_EXTRA_VALUE_ID_` varchar(64) CHARACTER SET utf8 COLLATE utf8_bin NULL DEFAULT NULL,
  `TENANT_ID_` varchar(255) CHARACTER SET utf8 COLLATE utf8_bin NULL DEFAULT '',
  PRIMARY KEY (`ID_`) USING BTREE,
  INDEX `ACT_FK_MODEL_SOURCE`(`EDITOR_SOURCE_VALUE_ID_`) USING BTREE,
  INDEX `ACT_FK_MODEL_SOURCE_EXTRA`(`EDITOR_SOURCE_EXTRA_VALUE_ID_`) USING BTREE,
  INDEX `ACT_FK_MODEL_DEPLOYMENT`(`DEPLOYMENT_ID_`) USING BTREE,
  CONSTRAINT `ACT_FK_MODEL_DEPLOYMENT` FOREIGN KEY (`DEPLOYMENT_ID_`) REFERENCES `ACT_RE_DEPLOYMENT` (`ID_`) ON DELETE RESTRICT ON UPDATE RESTRICT,
  CONSTRAINT `ACT_FK_MODEL_SOURCE` FOREIGN KEY (`EDITOR_SOURCE_VALUE_ID_`) REFERENCES `ACT_GE_BYTEARRAY` (`ID_`) ON DELETE RESTRICT ON UPDATE RESTRICT,
  CONSTRAINT `ACT_FK_MODEL_SOURCE_EXTRA` FOREIGN KEY (`EDITOR_SOURCE_EXTRA_VALUE_ID_`) REFERENCES `ACT_GE_BYTEARRAY` (`ID_`) ON DELETE RESTRICT ON UPDATE RESTRICT
) ENGINE = InnoDB CHARACTER SET = utf8 COLLATE = utf8_bin ROW_FORMAT = Dynamic;

-- ----------------------------
-- Records of ACT_RE_MODEL
-- ----------------------------
INSERT INTO `ACT_RE_MODEL` VALUES ('142517', 69, '请假流程', 'processKey', NULL, '2018-01-25 17:21:39.000', '2019-09-16 20:42:32.027', 1, '{\"name\":\"请假流程\",\"description\":\"\"}', NULL, '142518', '142519', '');
INSERT INTO `ACT_RE_MODEL` VALUES ('297501', 13, '测试流程', 'processKey', NULL, '2019-09-16 20:50:19.003', '2019-09-16 21:09:44.984', 1, '{\"name\":\"测试流程\",\"description\":\"\"}', '302501', '297502', '297510', '');

-- ----------------------------
-- Table structure for ACT_RE_PROCDEF
-- ----------------------------
DROP TABLE IF EXISTS `ACT_RE_PROCDEF`;
CREATE TABLE `ACT_RE_PROCDEF`  (
  `ID_` varchar(64) CHARACTER SET utf8 COLLATE utf8_bin NOT NULL,
  `REV_` int(11) NULL DEFAULT NULL,
  `CATEGORY_` varchar(255) CHARACTER SET utf8 COLLATE utf8_bin NULL DEFAULT NULL,
  `NAME_` varchar(255) CHARACTER SET utf8 COLLATE utf8_bin NULL DEFAULT NULL,
  `KEY_` varchar(255) CHARACTER SET utf8 COLLATE utf8_bin NOT NULL,
  `VERSION_` int(11) NOT NULL,
  `DEPLOYMENT_ID_` varchar(64) CHARACTER SET utf8 COLLATE utf8_bin NULL DEFAULT NULL,
  `RESOURCE_NAME_` varchar(4000) CHARACTER SET utf8 COLLATE utf8_bin NULL DEFAULT NULL,
  `DGRM_RESOURCE_NAME_` varchar(4000) CHARACTER SET utf8 COLLATE utf8_bin NULL DEFAULT NULL,
  `DESCRIPTION_` varchar(4000) CHARACTER SET utf8 COLLATE utf8_bin NULL DEFAULT NULL,
  `HAS_START_FORM_KEY_` tinyint(4) NULL DEFAULT NULL,
  `HAS_GRAPHICAL_NOTATION_` tinyint(4) NULL DEFAULT NULL,
  `SUSPENSION_STATE_` int(11) NULL DEFAULT NULL,
  `TENANT_ID_` varchar(255) CHARACTER SET utf8 COLLATE utf8_bin NULL DEFAULT '',
  PRIMARY KEY (`ID_`) USING BTREE,
  UNIQUE INDEX `ACT_UNIQ_PROCDEF`(`KEY_`, `VERSION_`, `TENANT_ID_`) USING BTREE
) ENGINE = InnoDB CHARACTER SET = utf8 COLLATE = utf8_bin ROW_FORMAT = Dynamic;

-- ----------------------------
-- Records of ACT_RE_PROCDEF
-- ----------------------------
INSERT INTO `ACT_RE_PROCDEF` VALUES ('process_leave:1:302504', 1, 'http://www.activiti.org/processdef', NULL, 'process_leave', 1, '302501', '测试流程.bpmn20.xml', '测试流程.process_leave.png', NULL, 0, 1, 1, '');

-- ----------------------------
-- Table structure for ACT_RU_EVENT_SUBSCR
-- ----------------------------
DROP TABLE IF EXISTS `ACT_RU_EVENT_SUBSCR`;
CREATE TABLE `ACT_RU_EVENT_SUBSCR`  (
  `ID_` varchar(64) CHARACTER SET utf8 COLLATE utf8_bin NOT NULL,
  `REV_` int(11) NULL DEFAULT NULL,
  `EVENT_TYPE_` varchar(255) CHARACTER SET utf8 COLLATE utf8_bin NOT NULL,
  `EVENT_NAME_` varchar(255) CHARACTER SET utf8 COLLATE utf8_bin NULL DEFAULT NULL,
  `EXECUTION_ID_` varchar(64) CHARACTER SET utf8 COLLATE utf8_bin NULL DEFAULT NULL,
  `PROC_INST_ID_` varchar(64) CHARACTER SET utf8 COLLATE utf8_bin NULL DEFAULT NULL,
  `ACTIVITY_ID_` varchar(64) CHARACTER SET utf8 COLLATE utf8_bin NULL DEFAULT NULL,
  `CONFIGURATION_` varchar(255) CHARACTER SET utf8 COLLATE utf8_bin NULL DEFAULT NULL,
  `CREATED_` timestamp(3) NOT NULL DEFAULT CURRENT_TIMESTAMP(3),
  `PROC_DEF_ID_` varchar(64) CHARACTER SET utf8 COLLATE utf8_bin NULL DEFAULT NULL,
  `TENANT_ID_` varchar(255) CHARACTER SET utf8 COLLATE utf8_bin NULL DEFAULT '',
  PRIMARY KEY (`ID_`) USING BTREE,
  INDEX `ACT_IDX_EVENT_SUBSCR_CONFIG_`(`CONFIGURATION_`) USING BTREE,
  INDEX `ACT_FK_EVENT_EXEC`(`EXECUTION_ID_`) USING BTREE,
  CONSTRAINT `ACT_FK_EVENT_EXEC` FOREIGN KEY (`EXECUTION_ID_`) REFERENCES `ACT_RU_EXECUTION` (`ID_`) ON DELETE RESTRICT ON UPDATE RESTRICT
) ENGINE = InnoDB CHARACTER SET = utf8 COLLATE = utf8_bin ROW_FORMAT = Dynamic;

-- ----------------------------
-- Table structure for ACT_RU_EXECUTION
-- ----------------------------
DROP TABLE IF EXISTS `ACT_RU_EXECUTION`;
CREATE TABLE `ACT_RU_EXECUTION`  (
  `ID_` varchar(64) CHARACTER SET utf8 COLLATE utf8_bin NOT NULL,
  `REV_` int(11) NULL DEFAULT NULL,
  `PROC_INST_ID_` varchar(64) CHARACTER SET utf8 COLLATE utf8_bin NULL DEFAULT NULL,
  `BUSINESS_KEY_` varchar(255) CHARACTER SET utf8 COLLATE utf8_bin NULL DEFAULT NULL,
  `PARENT_ID_` varchar(64) CHARACTER SET utf8 COLLATE utf8_bin NULL DEFAULT NULL,
  `PROC_DEF_ID_` varchar(64) CHARACTER SET utf8 COLLATE utf8_bin NULL DEFAULT NULL,
  `SUPER_EXEC_` varchar(64) CHARACTER SET utf8 COLLATE utf8_bin NULL DEFAULT NULL,
  `ACT_ID_` varchar(255) CHARACTER SET utf8 COLLATE utf8_bin NULL DEFAULT NULL,
  `IS_ACTIVE_` tinyint(4) NULL DEFAULT NULL,
  `IS_CONCURRENT_` tinyint(4) NULL DEFAULT NULL,
  `IS_SCOPE_` tinyint(4) NULL DEFAULT NULL,
  `IS_EVENT_SCOPE_` tinyint(4) NULL DEFAULT NULL,
  `SUSPENSION_STATE_` int(11) NULL DEFAULT NULL,
  `CACHED_ENT_STATE_` int(11) NULL DEFAULT NULL,
  `TENANT_ID_` varchar(255) CHARACTER SET utf8 COLLATE utf8_bin NULL DEFAULT '',
  `NAME_` varchar(255) CHARACTER SET utf8 COLLATE utf8_bin NULL DEFAULT NULL,
  `LOCK_TIME_` timestamp(3) NULL DEFAULT NULL,
  PRIMARY KEY (`ID_`) USING BTREE,
  INDEX `ACT_IDX_EXEC_BUSKEY`(`BUSINESS_KEY_`) USING BTREE,
  INDEX `ACT_FK_EXE_PROCINST`(`PROC_INST_ID_`) USING BTREE,
  INDEX `ACT_FK_EXE_PARENT`(`PARENT_ID_`) USING BTREE,
  INDEX `ACT_FK_EXE_SUPER`(`SUPER_EXEC_`) USING BTREE,
  INDEX `ACT_FK_EXE_PROCDEF`(`PROC_DEF_ID_`) USING BTREE,
  CONSTRAINT `ACT_FK_EXE_PARENT` FOREIGN KEY (`PARENT_ID_`) REFERENCES `ACT_RU_EXECUTION` (`ID_`) ON DELETE RESTRICT ON UPDATE RESTRICT,
  CONSTRAINT `ACT_FK_EXE_PROCDEF` FOREIGN KEY (`PROC_DEF_ID_`) REFERENCES `ACT_RE_PROCDEF` (`ID_`) ON DELETE RESTRICT ON UPDATE RESTRICT,
  CONSTRAINT `ACT_FK_EXE_PROCINST` FOREIGN KEY (`PROC_INST_ID_`) REFERENCES `ACT_RU_EXECUTION` (`ID_`) ON DELETE CASCADE ON UPDATE CASCADE,
  CONSTRAINT `ACT_FK_EXE_SUPER` FOREIGN KEY (`SUPER_EXEC_`) REFERENCES `ACT_RU_EXECUTION` (`ID_`) ON DELETE RESTRICT ON UPDATE RESTRICT
) ENGINE = InnoDB CHARACTER SET = utf8 COLLATE = utf8_bin ROW_FORMAT = Dynamic;

-- ----------------------------
-- Records of ACT_RU_EXECUTION
-- ----------------------------
INSERT INTO `ACT_RU_EXECUTION` VALUES ('302505', 2, '302505', NULL, NULL, 'process_leave:1:302504', NULL, 'sid-78B40B96-E210-497E-81DA-E772A8E25D30', 1, 0, 1, 0, 1, 2, '', NULL, NULL);

-- ----------------------------
-- Table structure for ACT_RU_IDENTITYLINK
-- ----------------------------
DROP TABLE IF EXISTS `ACT_RU_IDENTITYLINK`;
CREATE TABLE `ACT_RU_IDENTITYLINK`  (
  `ID_` varchar(64) CHARACTER SET utf8 COLLATE utf8_bin NOT NULL,
  `REV_` int(11) NULL DEFAULT NULL,
  `GROUP_ID_` varchar(255) CHARACTER SET utf8 COLLATE utf8_bin NULL DEFAULT NULL,
  `TYPE_` varchar(255) CHARACTER SET utf8 COLLATE utf8_bin NULL DEFAULT NULL,
  `USER_ID_` varchar(255) CHARACTER SET utf8 COLLATE utf8_bin NULL DEFAULT NULL,
  `TASK_ID_` varchar(64) CHARACTER SET utf8 COLLATE utf8_bin NULL DEFAULT NULL,
  `PROC_INST_ID_` varchar(64) CHARACTER SET utf8 COLLATE utf8_bin NULL DEFAULT NULL,
  `PROC_DEF_ID_` varchar(64) CHARACTER SET utf8 COLLATE utf8_bin NULL DEFAULT NULL,
  PRIMARY KEY (`ID_`) USING BTREE,
  INDEX `ACT_IDX_IDENT_LNK_USER`(`USER_ID_`) USING BTREE,
  INDEX `ACT_IDX_IDENT_LNK_GROUP`(`GROUP_ID_`) USING BTREE,
  INDEX `ACT_IDX_ATHRZ_PROCEDEF`(`PROC_DEF_ID_`) USING BTREE,
  INDEX `ACT_FK_TSKASS_TASK`(`TASK_ID_`) USING BTREE,
  INDEX `ACT_FK_IDL_PROCINST`(`PROC_INST_ID_`) USING BTREE,
  CONSTRAINT `ACT_FK_ATHRZ_PROCEDEF` FOREIGN KEY (`PROC_DEF_ID_`) REFERENCES `ACT_RE_PROCDEF` (`ID_`) ON DELETE RESTRICT ON UPDATE RESTRICT,
  CONSTRAINT `ACT_FK_IDL_PROCINST` FOREIGN KEY (`PROC_INST_ID_`) REFERENCES `ACT_RU_EXECUTION` (`ID_`) ON DELETE RESTRICT ON UPDATE RESTRICT,
  CONSTRAINT `ACT_FK_TSKASS_TASK` FOREIGN KEY (`TASK_ID_`) REFERENCES `ACT_RU_TASK` (`ID_`) ON DELETE RESTRICT ON UPDATE RESTRICT
) ENGINE = InnoDB CHARACTER SET = utf8 COLLATE = utf8_bin ROW_FORMAT = Dynamic;

-- ----------------------------
-- Records of ACT_RU_IDENTITYLINK
-- ----------------------------
INSERT INTO `ACT_RU_IDENTITYLINK` VALUES ('302514', 1, NULL, 'participant', '06438b3da6ce49c5939ab43a19883c24', NULL, '302505', NULL);
INSERT INTO `ACT_RU_IDENTITYLINK` VALUES ('302526', 1, NULL, 'participant', 'ce2964cbbc224a2f915006ba1ac4501f', NULL, '302505', NULL);

-- ----------------------------
-- Table structure for ACT_RU_JOB
-- ----------------------------
DROP TABLE IF EXISTS `ACT_RU_JOB`;
CREATE TABLE `ACT_RU_JOB`  (
  `ID_` varchar(64) CHARACTER SET utf8 COLLATE utf8_bin NOT NULL,
  `REV_` int(11) NULL DEFAULT NULL,
  `TYPE_` varchar(255) CHARACTER SET utf8 COLLATE utf8_bin NOT NULL,
  `LOCK_EXP_TIME_` timestamp(3) NULL DEFAULT NULL,
  `LOCK_OWNER_` varchar(255) CHARACTER SET utf8 COLLATE utf8_bin NULL DEFAULT NULL,
  `EXCLUSIVE_` tinyint(1) NULL DEFAULT NULL,
  `EXECUTION_ID_` varchar(64) CHARACTER SET utf8 COLLATE utf8_bin NULL DEFAULT NULL,
  `PROCESS_INSTANCE_ID_` varchar(64) CHARACTER SET utf8 COLLATE utf8_bin NULL DEFAULT NULL,
  `PROC_DEF_ID_` varchar(64) CHARACTER SET utf8 COLLATE utf8_bin NULL DEFAULT NULL,
  `RETRIES_` int(11) NULL DEFAULT NULL,
  `EXCEPTION_STACK_ID_` varchar(64) CHARACTER SET utf8 COLLATE utf8_bin NULL DEFAULT NULL,
  `EXCEPTION_MSG_` varchar(4000) CHARACTER SET utf8 COLLATE utf8_bin NULL DEFAULT NULL,
  `DUEDATE_` timestamp(3) NULL DEFAULT NULL,
  `REPEAT_` varchar(255) CHARACTER SET utf8 COLLATE utf8_bin NULL DEFAULT NULL,
  `HANDLER_TYPE_` varchar(255) CHARACTER SET utf8 COLLATE utf8_bin NULL DEFAULT NULL,
  `HANDLER_CFG_` varchar(4000) CHARACTER SET utf8 COLLATE utf8_bin NULL DEFAULT NULL,
  `TENANT_ID_` varchar(255) CHARACTER SET utf8 COLLATE utf8_bin NULL DEFAULT '',
  PRIMARY KEY (`ID_`) USING BTREE,
  INDEX `ACT_FK_JOB_EXCEPTION`(`EXCEPTION_STACK_ID_`) USING BTREE,
  CONSTRAINT `ACT_FK_JOB_EXCEPTION` FOREIGN KEY (`EXCEPTION_STACK_ID_`) REFERENCES `ACT_GE_BYTEARRAY` (`ID_`) ON DELETE RESTRICT ON UPDATE RESTRICT
) ENGINE = InnoDB CHARACTER SET = utf8 COLLATE = utf8_bin ROW_FORMAT = Dynamic;

-- ----------------------------
-- Table structure for ACT_RU_TASK
-- ----------------------------
DROP TABLE IF EXISTS `ACT_RU_TASK`;
CREATE TABLE `ACT_RU_TASK`  (
  `ID_` varchar(64) CHARACTER SET utf8 COLLATE utf8_bin NOT NULL,
  `REV_` int(11) NULL DEFAULT NULL,
  `EXECUTION_ID_` varchar(64) CHARACTER SET utf8 COLLATE utf8_bin NULL DEFAULT NULL,
  `PROC_INST_ID_` varchar(64) CHARACTER SET utf8 COLLATE utf8_bin NULL DEFAULT NULL,
  `PROC_DEF_ID_` varchar(64) CHARACTER SET utf8 COLLATE utf8_bin NULL DEFAULT NULL,
  `NAME_` varchar(255) CHARACTER SET utf8 COLLATE utf8_bin NULL DEFAULT NULL,
  `PARENT_TASK_ID_` varchar(64) CHARACTER SET utf8 COLLATE utf8_bin NULL DEFAULT NULL,
  `DESCRIPTION_` varchar(4000) CHARACTER SET utf8 COLLATE utf8_bin NULL DEFAULT NULL,
  `TASK_DEF_KEY_` varchar(255) CHARACTER SET utf8 COLLATE utf8_bin NULL DEFAULT NULL,
  `OWNER_` varchar(255) CHARACTER SET utf8 COLLATE utf8_bin NULL DEFAULT NULL,
  `ASSIGNEE_` varchar(255) CHARACTER SET utf8 COLLATE utf8_bin NULL DEFAULT NULL,
  `DELEGATION_` varchar(64) CHARACTER SET utf8 COLLATE utf8_bin NULL DEFAULT NULL,
  `PRIORITY_` int(11) NULL DEFAULT NULL,
  `CREATE_TIME_` timestamp(3) NULL DEFAULT NULL,
  `DUE_DATE_` datetime(3) NULL DEFAULT NULL,
  `CATEGORY_` varchar(255) CHARACTER SET utf8 COLLATE utf8_bin NULL DEFAULT NULL,
  `SUSPENSION_STATE_` int(11) NULL DEFAULT NULL,
  `TENANT_ID_` varchar(255) CHARACTER SET utf8 COLLATE utf8_bin NULL DEFAULT '',
  `FORM_KEY_` varchar(255) CHARACTER SET utf8 COLLATE utf8_bin NULL DEFAULT NULL,
  PRIMARY KEY (`ID_`) USING BTREE,
  INDEX `ACT_IDX_TASK_CREATE`(`CREATE_TIME_`) USING BTREE,
  INDEX `ACT_FK_TASK_EXE`(`EXECUTION_ID_`) USING BTREE,
  INDEX `ACT_FK_TASK_PROCINST`(`PROC_INST_ID_`) USING BTREE,
  INDEX `ACT_FK_TASK_PROCDEF`(`PROC_DEF_ID_`) USING BTREE,
  CONSTRAINT `ACT_FK_TASK_EXE` FOREIGN KEY (`EXECUTION_ID_`) REFERENCES `ACT_RU_EXECUTION` (`ID_`) ON DELETE RESTRICT ON UPDATE RESTRICT,
  CONSTRAINT `ACT_FK_TASK_PROCDEF` FOREIGN KEY (`PROC_DEF_ID_`) REFERENCES `ACT_RE_PROCDEF` (`ID_`) ON DELETE RESTRICT ON UPDATE RESTRICT,
  CONSTRAINT `ACT_FK_TASK_PROCINST` FOREIGN KEY (`PROC_INST_ID_`) REFERENCES `ACT_RU_EXECUTION` (`ID_`) ON DELETE RESTRICT ON UPDATE RESTRICT
) ENGINE = InnoDB CHARACTER SET = utf8 COLLATE = utf8_bin ROW_FORMAT = Dynamic;

-- ----------------------------
-- Records of ACT_RU_TASK
-- ----------------------------
INSERT INTO `ACT_RU_TASK` VALUES ('302525', 1, '302505', '302505', 'process_leave:1:302504', '人事审批', NULL, NULL, 'sid-78B40B96-E210-497E-81DA-E772A8E25D30', NULL, 'ce2964cbbc224a2f915006ba1ac4501f', NULL, 50, '2019-09-16 21:11:27.694', NULL, NULL, 1, '', NULL);

-- ----------------------------
-- Table structure for ACT_RU_VARIABLE
-- ----------------------------
DROP TABLE IF EXISTS `ACT_RU_VARIABLE`;
CREATE TABLE `ACT_RU_VARIABLE`  (
  `ID_` varchar(64) CHARACTER SET utf8 COLLATE utf8_bin NOT NULL,
  `REV_` int(11) NULL DEFAULT NULL,
  `TYPE_` varchar(255) CHARACTER SET utf8 COLLATE utf8_bin NOT NULL,
  `NAME_` varchar(255) CHARACTER SET utf8 COLLATE utf8_bin NOT NULL,
  `EXECUTION_ID_` varchar(64) CHARACTER SET utf8 COLLATE utf8_bin NULL DEFAULT NULL,
  `PROC_INST_ID_` varchar(64) CHARACTER SET utf8 COLLATE utf8_bin NULL DEFAULT NULL,
  `TASK_ID_` varchar(64) CHARACTER SET utf8 COLLATE utf8_bin NULL DEFAULT NULL,
  `BYTEARRAY_ID_` varchar(64) CHARACTER SET utf8 COLLATE utf8_bin NULL DEFAULT NULL,
  `DOUBLE_` double NULL DEFAULT NULL,
  `LONG_` bigint(20) NULL DEFAULT NULL,
  `TEXT_` varchar(4000) CHARACTER SET utf8 COLLATE utf8_bin NULL DEFAULT NULL,
  `TEXT2_` varchar(4000) CHARACTER SET utf8 COLLATE utf8_bin NULL DEFAULT NULL,
  PRIMARY KEY (`ID_`) USING BTREE,
  INDEX `ACT_IDX_VARIABLE_TASK_ID`(`TASK_ID_`) USING BTREE,
  INDEX `ACT_FK_VAR_EXE`(`EXECUTION_ID_`) USING BTREE,
  INDEX `ACT_FK_VAR_PROCINST`(`PROC_INST_ID_`) USING BTREE,
  INDEX `ACT_FK_VAR_BYTEARRAY`(`BYTEARRAY_ID_`) USING BTREE,
  CONSTRAINT `ACT_FK_VAR_BYTEARRAY` FOREIGN KEY (`BYTEARRAY_ID_`) REFERENCES `ACT_GE_BYTEARRAY` (`ID_`) ON DELETE RESTRICT ON UPDATE RESTRICT,
  CONSTRAINT `ACT_FK_VAR_EXE` FOREIGN KEY (`EXECUTION_ID_`) REFERENCES `ACT_RU_EXECUTION` (`ID_`) ON DELETE RESTRICT ON UPDATE RESTRICT,
  CONSTRAINT `ACT_FK_VAR_PROCINST` FOREIGN KEY (`PROC_INST_ID_`) REFERENCES `ACT_RU_EXECUTION` (`ID_`) ON DELETE RESTRICT ON UPDATE RESTRICT
) ENGINE = InnoDB CHARACTER SET = utf8 COLLATE = utf8_bin ROW_FORMAT = Dynamic;

-- ----------------------------
-- Records of ACT_RU_VARIABLE
-- ----------------------------
INSERT INTO `ACT_RU_VARIABLE` VALUES ('302508', 1, 'serializable', 'baseTask', '302505', '302505', NULL, '302507', NULL, NULL, NULL, NULL);
INSERT INTO `ACT_RU_VARIABLE` VALUES ('302515', 1, 'boolean', 'flag', '302505', '302505', NULL, NULL, NULL, 1, NULL, NULL);
INSERT INTO `ACT_RU_VARIABLE` VALUES ('302517', 1, 'integer', 'needfinish', '302505', '302505', NULL, NULL, NULL, 1, '1', NULL);
INSERT INTO `ACT_RU_VARIABLE` VALUES ('302520', 1, 'serializable', 'leaveOpinionList', '302505', '302505', NULL, '302519', NULL, NULL, NULL, NULL);

-- ----------------------------
-- Table structure for BLOG_ARTICLE
-- ----------------------------
DROP TABLE IF EXISTS `BLOG_ARTICLE`;
CREATE TABLE `BLOG_ARTICLE`  (
  `ID` varchar(32) CHARACTER SET utf8 COLLATE utf8_general_ci NOT NULL,
  `CODE` varchar(255) CHARACTER SET utf8 COLLATE utf8_general_ci NOT NULL DEFAULT '' COMMENT 'CODE',
  `TITLE` varchar(255) CHARACTER SET utf8 COLLATE utf8_general_ci NOT NULL COMMENT '标题',
  `FIRST_IMG` varchar(255) CHARACTER SET utf8 COLLATE utf8_general_ci NULL DEFAULT NULL COMMENT '列表缩略图',
  `CONTENT` text CHARACTER SET utf8 COLLATE utf8_general_ci NOT NULL COMMENT '文章内容',
  `READ_NUMBER` int(11) NOT NULL DEFAULT 0 COMMENT '阅读次数',
  `TOP_NUM` int(11) NULL DEFAULT 0 COMMENT '次序(置顶功能)',
  `CREATE_BY` varchar(32) CHARACTER SET utf8 COLLATE utf8_general_ci NOT NULL,
  `UPDATE_BY` varchar(32) CHARACTER SET utf8 COLLATE utf8_general_ci NULL DEFAULT NULL,
  `CREATE_DATE` datetime(0) NULL DEFAULT NULL,
  `UPDATE_DATE` datetime(0) NULL DEFAULT NULL,
  `DEL_FLAG` tinyint(4) NOT NULL DEFAULT 0 COMMENT '0正常1删除',
  PRIMARY KEY (`ID`) USING BTREE
) ENGINE = InnoDB CHARACTER SET = utf8 COLLATE = utf8_general_ci ROW_FORMAT = Dynamic;

-- ----------------------------
-- Table structure for BLOG_ARTICLE_CATEGORY
-- ----------------------------
DROP TABLE IF EXISTS `BLOG_ARTICLE_CATEGORY`;
CREATE TABLE `BLOG_ARTICLE_CATEGORY`  (
  `ID` varchar(32) CHARACTER SET utf8 COLLATE utf8_general_ci NOT NULL,
  `ARTICLE_ID` varchar(32) CHARACTER SET utf8 COLLATE utf8_general_ci NOT NULL COMMENT '文章ID',
  `CATEGORY_ID` varchar(32) CHARACTER SET utf8 COLLATE utf8_general_ci NOT NULL COMMENT '标签ID',
  PRIMARY KEY (`ID`) USING BTREE
) ENGINE = InnoDB CHARACTER SET = utf8 COLLATE = utf8_general_ci COMMENT = '文章标签表' ROW_FORMAT = Dynamic;

-- ----------------------------
-- Table structure for BLOG_ARTICLE_TAG
-- ----------------------------
DROP TABLE IF EXISTS `BLOG_ARTICLE_TAG`;
CREATE TABLE `BLOG_ARTICLE_TAG`  (
  `ARTICLE_ID` varchar(32) CHARACTER SET utf8 COLLATE utf8_general_ci NOT NULL,
  `TAG_ID` varchar(32) CHARACTER SET utf8 COLLATE utf8_general_ci NOT NULL,
  PRIMARY KEY (`ARTICLE_ID`, `TAG_ID`) USING BTREE
) ENGINE = InnoDB CHARACTER SET = utf8 COLLATE = utf8_general_ci ROW_FORMAT = Dynamic;

-- ----------------------------
-- Table structure for BLOG_CATEGORY
-- ----------------------------
DROP TABLE IF EXISTS `BLOG_CATEGORY`;
CREATE TABLE `BLOG_CATEGORY`  (
  `ID` varchar(32) CHARACTER SET utf8 COLLATE utf8_general_ci NOT NULL,
  `SEQUENCE` tinyint(2) NOT NULL DEFAULT 0,
  `CODE` varchar(16) CHARACTER SET utf8 COLLATE utf8_general_ci NOT NULL COMMENT '搜索CODE',
  `NAME` varchar(64) CHARACTER SET utf8 COLLATE utf8_general_ci NOT NULL COMMENT '类别名称',
  `PARENT_ID` varchar(32) CHARACTER SET utf8 COLLATE utf8_general_ci NOT NULL DEFAULT '0' COMMENT '上层ID(目前最多两次层)',
  `CREATE_BY` varchar(32) CHARACTER SET utf8 COLLATE utf8_general_ci NULL DEFAULT NULL,
  `UPDATE_BY` varchar(32) CHARACTER SET utf8 COLLATE utf8_general_ci NULL DEFAULT NULL,
  `CREATE_DATE` datetime(0) NULL DEFAULT NULL,
  `UPDATE_DATE` datetime(0) NULL DEFAULT NULL,
  PRIMARY KEY (`ID`) USING BTREE
) ENGINE = InnoDB CHARACTER SET = utf8 COLLATE = utf8_general_ci COMMENT = '类别表(顶部展示)' ROW_FORMAT = Dynamic;

-- ----------------------------
-- Table structure for BLOG_TAG
-- ----------------------------
DROP TABLE IF EXISTS `BLOG_TAG`;
CREATE TABLE `BLOG_TAG`  (
  `ID` varchar(32) CHARACTER SET utf8 COLLATE utf8_general_ci NOT NULL,
  `TAG_CODE` varchar(16) CHARACTER SET utf8 COLLATE utf8_general_ci NOT NULL COMMENT '标签CODE',
  `TAG_NAME` varchar(255) CHARACTER SET utf8 COLLATE utf8_general_ci NOT NULL COMMENT '标签NAME',
  PRIMARY KEY (`ID`) USING BTREE
) ENGINE = InnoDB CHARACTER SET = utf8 COLLATE = utf8_general_ci ROW_FORMAT = Dynamic;

-- ----------------------------
-- Table structure for SYS_DICT_ITEM
-- ----------------------------
DROP TABLE IF EXISTS `SYS_DICT_ITEM`;
CREATE TABLE `SYS_DICT_ITEM`  (
  `ID` varchar(32) CHARACTER SET utf8 COLLATE utf8_general_ci NOT NULL,
  `SEQUENCE` int(11) NOT NULL COMMENT '序号',
  `VALUE` varchar(100) CHARACTER SET utf8 COLLATE utf8_general_ci NOT NULL COMMENT '值',
  `DESCRIPTION` varchar(100) CHARACTER SET utf8 COLLATE utf8_general_ci NOT NULL COMMENT '描述',
  `TYPE_ID` varchar(32) CHARACTER SET utf8 COLLATE utf8_general_ci NOT NULL COMMENT '字典ID外检',
  `CREATE_BY` varchar(32) CHARACTER SET utf8 COLLATE utf8_general_ci NULL DEFAULT NULL,
  `CREATE_DATE` datetime(0) NULL DEFAULT NULL,
  `UPDATE_BY` varchar(32) CHARACTER SET utf8 COLLATE utf8_general_ci NULL DEFAULT NULL,
  `UPDATE_DATE` datetime(0) NULL DEFAULT NULL,
  `DEL_FLAG` char(1) CHARACTER SET utf8 COLLATE utf8_general_ci NOT NULL DEFAULT '0' COMMENT '删除标识',
  PRIMARY KEY (`ID`) USING BTREE
) ENGINE = InnoDB CHARACTER SET = utf8 COLLATE = utf8_general_ci COMMENT = '字典子表' ROW_FORMAT = Dynamic;

-- ----------------------------
-- Table structure for SYS_DICT_TYPE
-- ----------------------------
DROP TABLE IF EXISTS `SYS_DICT_TYPE`;
CREATE TABLE `SYS_DICT_TYPE`  (
  `ID` varchar(32) CHARACTER SET utf8 COLLATE utf8_general_ci NOT NULL,
  `CODE` varchar(255) CHARACTER SET utf8 COLLATE utf8_general_ci NOT NULL COMMENT '编码',
  `DEL_FLAG` char(1) CHARACTER SET utf8 COLLATE utf8_general_ci NOT NULL DEFAULT '0' COMMENT '删除标识',
  `TEXT` varchar(255) CHARACTER SET utf8 COLLATE utf8_general_ci NOT NULL COMMENT '字典名称',
  `CREATE_BY` varchar(32) CHARACTER SET utf8 COLLATE utf8_general_ci NULL DEFAULT NULL,
  `CREATE_DATE` datetime(0) NULL DEFAULT NULL ON UPDATE CURRENT_TIMESTAMP(0),
  `UPDATE_BY` varchar(32) CHARACTER SET utf8 COLLATE utf8_general_ci NULL DEFAULT NULL,
  `UPDATE_DATE` datetime(0) NULL DEFAULT NULL,
  PRIMARY KEY (`ID`) USING BTREE
) ENGINE = InnoDB CHARACTER SET = utf8 COLLATE = utf8_general_ci COMMENT = '字典主表' ROW_FORMAT = Dynamic;

-- ----------------------------
-- Table structure for SYS_JOB
-- ----------------------------
DROP TABLE IF EXISTS `SYS_JOB`;
CREATE TABLE `SYS_JOB`  (
  `ID` varchar(32) CHARACTER SET utf8 COLLATE utf8_general_ci NOT NULL,
  `JOB_NAME` varchar(255) CHARACTER SET utf8 COLLATE utf8_general_ci NOT NULL COMMENT '描述任务',
  `CRON` varchar(255) CHARACTER SET utf8 COLLATE utf8_general_ci NOT NULL COMMENT '任务表达式',
  `STATUS` tinyint(1) NOT NULL COMMENT '状态:0未启动FALSE/1启动TRUE',
  `CLAZZ_PATH` varchar(255) CHARACTER SET utf8 COLLATE utf8_general_ci NOT NULL COMMENT '任务执行方法',
  `JOB_DESC` varchar(255) CHARACTER SET utf8 COLLATE utf8_general_ci NULL DEFAULT NULL COMMENT '其他描述',
  `CREATE_BY` varchar(255) CHARACTER SET utf8 COLLATE utf8_general_ci NULL DEFAULT NULL,
  `CREATE_DATE` datetime(0) NULL DEFAULT NULL,
  `UPDATE_BY` varchar(255) CHARACTER SET utf8 COLLATE utf8_general_ci NULL DEFAULT NULL,
  `UPDATE_DATE` datetime(0) NULL DEFAULT NULL,
  PRIMARY KEY (`ID`) USING BTREE
) ENGINE = InnoDB CHARACTER SET = utf8 COLLATE = utf8_general_ci ROW_FORMAT = Dynamic;

-- ----------------------------
-- Table structure for SYS_LOG
-- ----------------------------
DROP TABLE IF EXISTS `SYS_LOG`;
CREATE TABLE `SYS_LOG`  (
  `ID` int(11) NOT NULL AUTO_INCREMENT,
  `USER_NAME` varchar(32) CHARACTER SET utf8 COLLATE utf8_general_ci NULL DEFAULT NULL,
  `IP` varchar(255) CHARACTER SET utf8 COLLATE utf8_general_ci NULL DEFAULT NULL,
  `TYPE` varchar(255) CHARACTER SET utf8 COLLATE utf8_general_ci NULL DEFAULT NULL,
  `TEXT` varchar(255) CHARACTER SET utf8 COLLATE utf8_general_ci NULL DEFAULT NULL,
  `PARAM` text CHARACTER SET utf8 COLLATE utf8_general_ci NULL,
  `CREATE_TIME` datetime(0) NULL DEFAULT NULL,
  PRIMARY KEY (`ID`) USING BTREE
) ENGINE = InnoDB AUTO_INCREMENT = 15 CHARACTER SET = utf8 COLLATE = utf8_general_ci ROW_FORMAT = Dynamic;

-- ----------------------------
-- Records of SYS_LOG
-- ----------------------------
INSERT INTO `SYS_LOG` VALUES (1, 'admin', '0:0:0:0:0:0:0:1', 'ADD', '更新菜单', '[参数1:{\"children\":[],\"icon\":\"\",\"id\":\"a1ca6642ec5e11e7a472201a068c6482\",\"name\":\"系统监控\",\"num\":0,\"orderNum\":4,\"permission\":\"\",\"url\":\"\"}]', '2019-09-16 20:51:54');
INSERT INTO `SYS_LOG` VALUES (2, 'admin', '0:0:0:0:0:0:0:1', 'ADD', '更新菜单', '[参数1:{\"children\":[],\"icon\":\"\",\"id\":\"e06da471f90311e780aa201a068c6482\",\"name\":\"工作流程管理\",\"num\":0,\"orderNum\":2,\"permission\":\"\",\"url\":\"\"}]', '2019-09-16 20:51:59');
INSERT INTO `SYS_LOG` VALUES (3, 'admin', '0:0:0:0:0:0:0:1', 'ADD', '更新菜单', '[参数1:{\"children\":[],\"icon\":\"\",\"id\":\"a1ca6642ec5e11e7a472201a068c6482\",\"name\":\"系统监控\",\"num\":0,\"orderNum\":3,\"permission\":\"\",\"url\":\"\"}]', '2019-09-16 20:52:03');
INSERT INTO `SYS_LOG` VALUES (4, 'admin', '0:0:0:0:0:0:0:1', 'ATHOR', '添加用户', '[参数1:{\"age\":28,\"createBy\":\"acfc0e9232f54732a5d9ffe9071bf572\",\"createDate\":1568638423534,\"email\":\"dev@163.com\",\"id\":\"566e3039e5b74556a665f5abbda97376\",\"password\":\"5e0a1f0f637b85b0a57ba02677007957\",\"photo\":\"\",\"realName\":\"张开发\",\"username\":\"dev\"}][参数2:[\"dcb0f642fe9611e7b472201a068c6482\"]]', '2019-09-16 20:53:44');
INSERT INTO `SYS_LOG` VALUES (5, 'admin', '0:0:0:0:0:0:0:1', 'ATHOR', '添加用户', '[参数1:{\"age\":30,\"createBy\":\"acfc0e9232f54732a5d9ffe9071bf572\",\"createDate\":1568638499415,\"email\":\"\",\"id\":\"06438b3da6ce49c5939ab43a19883c24\",\"password\":\"9d4a0f4f00d2737196caaa19eac918ce\",\"photo\":\"\",\"realName\":\"张经理\",\"username\":\"ztl\"}][参数2:[\"0ea934e5e55411e7b983201a068c6482\"]]', '2019-09-16 20:54:59');
INSERT INTO `SYS_LOG` VALUES (6, 'admin', '0:0:0:0:0:0:0:1', 'DEL', '删除角色', '[参数1:\"4bb891d8caf84cc6ba27e515e80ac40d\"]', '2019-09-16 20:55:09');
INSERT INTO `SYS_LOG` VALUES (7, 'admin', '0:0:0:0:0:0:0:1', 'DEL', '删除角色', '[参数1:\"4bb891d8caf84cc6ba27e515e80ac40d\"]', '2019-09-16 20:55:20');
INSERT INTO `SYS_LOG` VALUES (8, 'admin', '0:0:0:0:0:0:0:1', 'UPDATE', '更新用户', '[参数1:{\"age\":24,\"email\":\"\",\"id\":\"acfc0e9232f54732a5d9ffe9071bf572\",\"photo\":\"2d4c37c3-c106-4288-9c0d-e7fe1b8adc72.jpeg\",\"realName\":\"管理员\"}][参数2:[\"2619a672e53811e7b983201a068c6482\"]]', '2019-09-16 20:55:43');
INSERT INTO `SYS_LOG` VALUES (9, 'admin', '0:0:0:0:0:0:0:1', 'DEL', '删除角色', '[参数1:\"4bb891d8caf84cc6ba27e515e80ac40d\"]', '2019-09-16 20:55:48');
INSERT INTO `SYS_LOG` VALUES (10, 'admin', '0:0:0:0:0:0:0:1', 'DEL', '删除用户', '[参数1:\"566e3039e5b74556a665f5abbda97376\"][参数2:false]', '2019-09-16 20:56:17');
INSERT INTO `SYS_LOG` VALUES (11, 'admin', '0:0:0:0:0:0:0:1', 'UPDATE', '更新用户', '[参数1:{\"age\":28,\"email\":\"dev@163.com\",\"id\":\"566e3039e5b74556a665f5abbda97376\",\"photo\":\"\",\"realName\":\"张开发\"}][参数2:null]', '2019-09-16 20:56:21');
INSERT INTO `SYS_LOG` VALUES (12, 'admin', '0:0:0:0:0:0:0:1', 'DEL', '删除用户', '[参数1:\"566e3039e5b74556a665f5abbda97376\"][参数2:false]', '2019-09-16 20:56:24');
INSERT INTO `SYS_LOG` VALUES (13, 'admin', '0:0:0:0:0:0:0:1', 'ATHOR', '添加用户', '[参数1:{\"age\":25,\"createBy\":\"acfc0e9232f54732a5d9ffe9071bf572\",\"createDate\":1568638627648,\"email\":\"zdev@163.com\",\"id\":\"f6856bd60457452e8253d6a1bf0e81c1\",\"password\":\"707942b37d9fc61574e68aa2dd8bd8fd\",\"photo\":\"\",\"realName\":\"张开发\",\"username\":\"zdev\"}][参数2:[\"dcb0f642fe9611e7b472201a068c6482\"]]', '2019-09-16 20:57:08');
INSERT INTO `SYS_LOG` VALUES (14, 'admin', '0:0:0:0:0:0:0:1', 'ATHOR', '添加用户', '[参数1:{\"age\":30,\"createBy\":\"acfc0e9232f54732a5d9ffe9071bf572\",\"createDate\":1568638671308,\"email\":\"zhr@163.com\",\"id\":\"ce2964cbbc224a2f915006ba1ac4501f\",\"password\":\"fcf4dbf08830610279dc47a6c9c338a1\",\"photo\":\"\",\"realName\":\"张人事\",\"username\":\"zhr\"}][参数2:[\"023366f3457511e8bcf1309c2315f9aa\"]]', '2019-09-16 20:57:51');

-- ----------------------------
-- Table structure for SYS_MENU
-- ----------------------------
DROP TABLE IF EXISTS `SYS_MENU`;
CREATE TABLE `SYS_MENU`  (
  `ID` varchar(36) CHARACTER SET utf8 COLLATE utf8_general_ci NOT NULL,
  `NAME` varchar(255) CHARACTER SET utf8 COLLATE utf8_general_ci NOT NULL,
  `P_ID` varchar(36) CHARACTER SET utf8 COLLATE utf8_general_ci NULL DEFAULT NULL,
  `URL` varchar(255) CHARACTER SET utf8 COLLATE utf8_general_ci NULL DEFAULT NULL,
  `ORDER_NUM` int(4) NULL DEFAULT NULL COMMENT '排序字段',
  `ICON` varchar(255) CHARACTER SET utf8 COLLATE utf8_general_ci NULL DEFAULT NULL COMMENT '图标',
  `CREATE_BY` varchar(32) CHARACTER SET utf8 COLLATE utf8_general_ci NULL DEFAULT NULL,
  `CREATE_DATE` datetime(0) NULL DEFAULT NULL,
  `UPDATE_BY` varchar(32) CHARACTER SET utf8 COLLATE utf8_general_ci NULL DEFAULT NULL,
  `UPDATE_DATE` datetime(0) NULL DEFAULT NULL,
  `PERMISSION` varchar(255) CHARACTER SET utf8 COLLATE utf8_general_ci NULL DEFAULT NULL COMMENT '权限',
  `MENU_TYPE` tinyint(4) NOT NULL DEFAULT 0 COMMENT '1栏目2菜单',
  PRIMARY KEY (`ID`) USING BTREE
) ENGINE = InnoDB CHARACTER SET = utf8 COLLATE = utf8_general_ci ROW_FORMAT = Dynamic;

-- ----------------------------
-- Records of SYS_MENU
-- ----------------------------
INSERT INTO `SYS_MENU` VALUES ('0e6c8d4cf09511e78a57201a068c6482', '删除', 'cff61424dfb311e7b555201a068c6482', NULL, 3, '', 'acfc0e9232f54732a5d9ffe9071bf572', '2018-01-03 22:47:44', NULL, NULL, 'role:del', 1);
INSERT INTO `SYS_MENU` VALUES ('18bf8d5df09511e78a57201a068c6482', '新增', '3873ccc2dfda11e7b555201a068c6482', NULL, 1, '', 'acfc0e9232f54732a5d9ffe9071bf572', '2018-01-03 22:48:01', NULL, NULL, 'nemu:add', 1);
INSERT INTO `SYS_MENU` VALUES ('28661300f9d411e7a009201a068c6482', '流程管理', 'e06da471f90311e780aa201a068c6482', '/act/goAct', 2, '&#xe630;', 'acfc0e9232f54732a5d9ffe9071bf572', '2018-01-15 17:12:06', NULL, NULL, 'act:deployment', 0);
INSERT INTO `SYS_MENU` VALUES ('2b56410cf09411e78a57201a068c6482', '新增', 'cff61424dfb311e7b555201a068c6482', NULL, 1, '', 'acfc0e9232f54732a5d9ffe9071bf572', '2018-01-03 22:41:23', NULL, NULL, 'role:add', 1);
INSERT INTO `SYS_MENU` VALUES ('3873ccc2dfda11e7b555201a068c6482', '菜单管理', 'cfda8029dfb311e7b555201a068c6482', 'menu/showMenu', 1, '', NULL, '2017-12-14 14:02:50', 'acfc0e9232f54732a5d9ffe9071bf572', '2018-04-23 19:43:54', 'menu:show', 0);
INSERT INTO `SYS_MENU` VALUES ('433089a6eb0111e782d5201a068c6482', '编辑', 'cfe54921dfb311e7b555201a068c6482', '', NULL, '1', 'acfc0e9232f54732a5d9ffe9071bf572', '2017-12-27 20:27:11', NULL, NULL, 'user:update', 1);
INSERT INTO `SYS_MENU` VALUES ('4d603831fe9b11e7b472201a068c6482', '待办任务', 'e06da471f90311e780aa201a068c6482', '/leave/showTask', 5, '&#xe6af;', 'acfc0e9232f54732a5d9ffe9071bf572', '2018-01-21 19:07:43', NULL, NULL, 'task:show', 0);
INSERT INTO `SYS_MENU` VALUES ('5ae3d4e9f38e11e7aca0201a068c6482', '新增', 'e9a13e55f35911e7aca0201a068c6482', NULL, 1, '', 'acfc0e9232f54732a5d9ffe9071bf572', '2018-01-07 17:37:30', NULL, NULL, 'job:add', 1);
INSERT INTO `SYS_MENU` VALUES ('6315968bf37111e7aca0201a068c6482', '停止', 'e9a13e55f35911e7aca0201a068c6482', NULL, 4, '', 'acfc0e9232f54732a5d9ffe9071bf572', '2018-01-07 14:10:09', NULL, NULL, 'job:end', 1);
INSERT INTO `SYS_MENU` VALUES ('63da4415fc6211e7a781201a068c6482', '模型列表', 'e06da471f90311e780aa201a068c6482', '/act/goActModel', 3, '&#xe60a;', 'acfc0e9232f54732a5d9ffe9071bf572', '2018-01-18 23:15:17', NULL, NULL, 'act', 0);
INSERT INTO `SYS_MENU` VALUES ('6931fd22f09611e78a57201a068c6482', '删除', 'b441914cee0811e7a60d201a068c6482', NULL, 1, '', 'acfc0e9232f54732a5d9ffe9071bf572', '2018-01-03 22:57:26', NULL, NULL, 'control:del', 1);
INSERT INTO `SYS_MENU` VALUES ('69f3f59cf38e11e7aca0201a068c6482', '编辑', 'e9a13e55f35911e7aca0201a068c6482', NULL, 2, '', 'acfc0e9232f54732a5d9ffe9071bf572', '2018-01-07 17:37:56', NULL, NULL, 'job:update', 1);
INSERT INTO `SYS_MENU` VALUES ('6dc13c6eec5f11e7a472201a068c6482', '系统日志', 'a1ca6642ec5e11e7a472201a068c6482', 'log/showLog', 1, '&#xe60a;', 'acfc0e9232f54732a5d9ffe9071bf572', '2017-12-29 14:43:46', NULL, '2017-12-29 14:43:46', 'log:show', 0);
INSERT INTO `SYS_MENU` VALUES ('788d8e34f38e11e7aca0201a068c6482', '删除', 'e9a13e55f35911e7aca0201a068c6482', NULL, 5, '', 'acfc0e9232f54732a5d9ffe9071bf572', '2018-01-07 17:38:20', NULL, NULL, 'job:del', 1);
INSERT INTO `SYS_MENU` VALUES ('7967e098ee0611e7a60d201a068c6482', '接口api', 'a1ca6642ec5e11e7a472201a068c6482', 'swagger-ui.html', 2, '&#xe64e;', 'acfc0e9232f54732a5d9ffe9071bf572', '2017-12-31 16:42:04', NULL, NULL, NULL, 0);
INSERT INTO `SYS_MENU` VALUES ('873f30b0f38e11e7aca0201a068c6482', '查看', 'e9a13e55f35911e7aca0201a068c6482', NULL, 6, '', 'acfc0e9232f54732a5d9ffe9071bf572', '2018-01-07 17:38:45', NULL, NULL, 'job:select', 1);
INSERT INTO `SYS_MENU` VALUES ('88b8e5d1f38911e7aca0201a068c6482', '查看', 'cff61424dfb311e7b555201a068c6482', NULL, 4, '', 'acfc0e9232f54732a5d9ffe9071bf572', '2018-01-07 17:03:00', NULL, NULL, 'role:select', 1);
INSERT INTO `SYS_MENU` VALUES ('8a6c8bfa7f804eac810c5790cad9a62a', '删除', '3873ccc2dfda11e7b555201a068c6482', NULL, 2, NULL, 'acfc0e9232f54732a5d9ffe9071bf572', '2018-06-20 21:55:55', NULL, NULL, 'menu:del', 1);
INSERT INTO `SYS_MENU` VALUES ('a1ca6642ec5e11e7a472201a068c6482', '系统监控', NULL, NULL, 3, '', 'acfc0e9232f54732a5d9ffe9071bf572', '2018-01-03 10:56:14', 'acfc0e9232f54732a5d9ffe9071bf572', '2019-09-16 20:52:03', NULL, 0);
INSERT INTO `SYS_MENU` VALUES ('b441914cee0811e7a60d201a068c6482', '系统监控', 'a1ca6642ec5e11e7a472201a068c6482', 'druid/index.html', 3, '&#xe628;', 'acfc0e9232f54732a5d9ffe9071bf572', '2017-12-31 16:58:01', NULL, NULL, NULL, 0);
INSERT INTO `SYS_MENU` VALUES ('b7839f59fe8811e7b472201a068c6482', '请假流程', 'e06da471f90311e780aa201a068c6482', '/leave/showLeave', 4, '&#xe650;', 'acfc0e9232f54732a5d9ffe9071bf572', '2018-01-21 16:54:40', NULL, NULL, 'leave:show', 0);
INSERT INTO `SYS_MENU` VALUES ('cfda8029dfb311e7b555201a068c6482', '系统管理', NULL, NULL, 1, '&#xe614;', NULL, '2018-01-03 10:56:13', NULL, '2018-01-03 10:56:13', NULL, 0);
INSERT INTO `SYS_MENU` VALUES ('cfe54921dfb311e7b555201a068c6482', '用户管理', 'cfda8029dfb311e7b555201a068c6482', '/user/showUser', 2, '&#xe6af;', NULL, '2017-12-29 14:40:34', NULL, '2017-12-29 14:40:34', 'user:show', 0);
INSERT INTO `SYS_MENU` VALUES ('cfe54921dfb311e7b555201a068c6483', '增加', 'cfe54921dfb311e7b555201a068c6482', NULL, 1, NULL, NULL, NULL, NULL, NULL, 'user:select', 1);
INSERT INTO `SYS_MENU` VALUES ('cff61424dfb311e7b555201a068c6482', '角色管理', 'cfda8029dfb311e7b555201a068c6482', '/role/showRole', 3, '&#xe613;', NULL, '2017-12-29 14:40:36', NULL, '2017-12-29 14:40:36', 'role:show', 0);
INSERT INTO `SYS_MENU` VALUES ('e06da471f90311e780aa201a068c6482', '工作流程管理', NULL, NULL, 2, '', 'acfc0e9232f54732a5d9ffe9071bf572', '2018-01-14 16:21:10', 'acfc0e9232f54732a5d9ffe9071bf572', '2019-09-16 20:51:59', NULL, 0);
INSERT INTO `SYS_MENU` VALUES ('e3b11497eb9e11e7928d201a068c6482', '删除', 'cfe54921dfb311e7b555201a068c6482', '', NULL, '', 'acfc0e9232f54732a5d9ffe9071bf572', '2017-12-28 15:17:07', NULL, '2017-12-28 15:17:07', 'user:del', 1);
INSERT INTO `SYS_MENU` VALUES ('e9a13e55f35911e7aca0201a068c6482', '定时任务', 'a1ca6642ec5e11e7a472201a068c6482', '/job/showJob', 3, '&#xe756;', 'acfc0e9232f54732a5d9ffe9071bf572', '2018-01-07 11:22:06', NULL, NULL, 'job:show', 0);
INSERT INTO `SYS_MENU` VALUES ('ecda560cf36f11e7aca0201a068c6482', '启动', 'e9a13e55f35911e7aca0201a068c6482', NULL, 3, '', 'acfc0e9232f54732a5d9ffe9071bf572', '2018-01-07 13:59:41', NULL, NULL, 'job:start', 1);
INSERT INTO `SYS_MENU` VALUES ('f23f6a6bf09511e78a57201a068c6482', '修改密码', 'cfe54921dfb311e7b555201a068c6482', NULL, 4, '', 'acfc0e9232f54732a5d9ffe9071bf572', '2018-01-03 22:54:06', NULL, NULL, 'user:repass', 1);
INSERT INTO `SYS_MENU` VALUES ('ff015ea5f09411e78a57201a068c6482', '编辑', 'cff61424dfb311e7b555201a068c6482', NULL, 2, '', 'acfc0e9232f54732a5d9ffe9071bf572', '2018-01-03 22:47:18', NULL, NULL, 'role:update', 1);

-- ----------------------------
-- Table structure for SYS_ROLE
-- ----------------------------
DROP TABLE IF EXISTS `SYS_ROLE`;
CREATE TABLE `SYS_ROLE`  (
  `ID` varchar(32) CHARACTER SET utf8 COLLATE utf8_general_ci NOT NULL,
  `ROLE_NAME` varchar(128) CHARACTER SET utf8 COLLATE utf8_general_ci NULL DEFAULT NULL,
  `REMARK` varchar(255) CHARACTER SET utf8 COLLATE utf8_general_ci NULL DEFAULT NULL,
  `CREATE_BY` varchar(32) CHARACTER SET utf8 COLLATE utf8_general_ci NULL DEFAULT NULL,
  `CREATE_DATE` datetime(0) NULL DEFAULT NULL,
  `UPDATE_BY` varchar(32) CHARACTER SET utf8 COLLATE utf8_general_ci NULL DEFAULT NULL,
  `UPDATE_DATE` datetime(0) NULL DEFAULT NULL,
  PRIMARY KEY (`ID`) USING BTREE
) ENGINE = InnoDB CHARACTER SET = utf8 COLLATE = utf8_general_ci ROW_FORMAT = Dynamic;

-- ----------------------------
-- Records of SYS_ROLE
-- ----------------------------
INSERT INTO `SYS_ROLE` VALUES ('023366f3457511e8bcf1309c2315f9aa', 'hr', '人事', 'acfc0e9232f54732a5d9ffe9071bf572', '2018-04-21 23:02:16', NULL, NULL);
INSERT INTO `SYS_ROLE` VALUES ('0ea934e5e55411e7b983201a068c6482', 'manage', '经理', 'acfc0e9232f54732a5d9ffe9071bf572', '2017-12-20 15:04:44', NULL, '2018-01-02 11:41:43');
INSERT INTO `SYS_ROLE` VALUES ('2619a672e53811e7b983201a068c6482', 'admin', '管理员', 'acfc0e9232f54732a5d9ffe9071bf572', '2017-12-20 11:44:57', NULL, '2018-01-02 11:38:37');
INSERT INTO `SYS_ROLE` VALUES ('dcb0f642fe9611e7b472201a068c6482', 'dev', '开发', 'acfc0e9232f54732a5d9ffe9071bf572', '2018-01-21 18:35:56', NULL, NULL);
INSERT INTO `SYS_ROLE` VALUES ('e346e96368484c8fa7f217ce550a0186', 'DeputyManager', '副经理', 'acfc0e9232f54732a5d9ffe9071bf572', '2018-06-14 23:21:36', NULL, NULL);

-- ----------------------------
-- Table structure for SYS_ROLE_MENU
-- ----------------------------
DROP TABLE IF EXISTS `SYS_ROLE_MENU`;
CREATE TABLE `SYS_ROLE_MENU`  (
  `ROLE_ID` varchar(32) CHARACTER SET utf8 COLLATE utf8_general_ci NOT NULL,
  `MENU_ID` varchar(32) CHARACTER SET utf8 COLLATE utf8_general_ci NOT NULL,
  PRIMARY KEY (`ROLE_ID`, `MENU_ID`) USING BTREE
) ENGINE = InnoDB CHARACTER SET = utf8 COLLATE = utf8_general_ci ROW_FORMAT = Dynamic;

-- ----------------------------
-- Records of SYS_ROLE_MENU
-- ----------------------------
INSERT INTO `SYS_ROLE_MENU` VALUES ('023366f3457511e8bcf1309c2315f9aa', '433089a6eb0111e782d5201a068c6482');
INSERT INTO `SYS_ROLE_MENU` VALUES ('023366f3457511e8bcf1309c2315f9aa', '4d603831fe9b11e7b472201a068c6482');
INSERT INTO `SYS_ROLE_MENU` VALUES ('023366f3457511e8bcf1309c2315f9aa', 'b7839f59fe8811e7b472201a068c6482');
INSERT INTO `SYS_ROLE_MENU` VALUES ('023366f3457511e8bcf1309c2315f9aa', 'cfda8029dfb311e7b555201a068c6482');
INSERT INTO `SYS_ROLE_MENU` VALUES ('023366f3457511e8bcf1309c2315f9aa', 'cfe54921dfb311e7b555201a068c6482');
INSERT INTO `SYS_ROLE_MENU` VALUES ('023366f3457511e8bcf1309c2315f9aa', 'cfe54921dfb311e7b555201a068c6483');
INSERT INTO `SYS_ROLE_MENU` VALUES ('023366f3457511e8bcf1309c2315f9aa', 'e06da471f90311e780aa201a068c6482');
INSERT INTO `SYS_ROLE_MENU` VALUES ('023366f3457511e8bcf1309c2315f9aa', 'e3b11497eb9e11e7928d201a068c6482');
INSERT INTO `SYS_ROLE_MENU` VALUES ('023366f3457511e8bcf1309c2315f9aa', 'f23f6a6bf09511e78a57201a068c6482');
INSERT INTO `SYS_ROLE_MENU` VALUES ('0ea934e5e55411e7b983201a068c6482', '433089a6eb0111e782d5201a068c6482');
INSERT INTO `SYS_ROLE_MENU` VALUES ('0ea934e5e55411e7b983201a068c6482', '4d603831fe9b11e7b472201a068c6482');
INSERT INTO `SYS_ROLE_MENU` VALUES ('0ea934e5e55411e7b983201a068c6482', '6931fd22f09611e78a57201a068c6482');
INSERT INTO `SYS_ROLE_MENU` VALUES ('0ea934e5e55411e7b983201a068c6482', '6dc13c6eec5f11e7a472201a068c6482');
INSERT INTO `SYS_ROLE_MENU` VALUES ('0ea934e5e55411e7b983201a068c6482', 'a1ca6642ec5e11e7a472201a068c6482');
INSERT INTO `SYS_ROLE_MENU` VALUES ('0ea934e5e55411e7b983201a068c6482', 'b7839f59fe8811e7b472201a068c6482');
INSERT INTO `SYS_ROLE_MENU` VALUES ('0ea934e5e55411e7b983201a068c6482', 'cfda8029dfb311e7b555201a068c6482');
INSERT INTO `SYS_ROLE_MENU` VALUES ('0ea934e5e55411e7b983201a068c6482', 'cfe54921dfb311e7b555201a068c6482');
INSERT INTO `SYS_ROLE_MENU` VALUES ('0ea934e5e55411e7b983201a068c6482', 'e06da471f90311e780aa201a068c6482');
INSERT INTO `SYS_ROLE_MENU` VALUES ('2619a672e53811e7b983201a068c6482', '0e6c8d4cf09511e78a57201a068c6482');
INSERT INTO `SYS_ROLE_MENU` VALUES ('2619a672e53811e7b983201a068c6482', '18bf8d5df09511e78a57201a068c6482');
INSERT INTO `SYS_ROLE_MENU` VALUES ('2619a672e53811e7b983201a068c6482', '28661300f9d411e7a009201a068c6482');
INSERT INTO `SYS_ROLE_MENU` VALUES ('2619a672e53811e7b983201a068c6482', '2b56410cf09411e78a57201a068c6482');
INSERT INTO `SYS_ROLE_MENU` VALUES ('2619a672e53811e7b983201a068c6482', '3873ccc2dfda11e7b555201a068c6482');
INSERT INTO `SYS_ROLE_MENU` VALUES ('2619a672e53811e7b983201a068c6482', '433089a6eb0111e782d5201a068c6482');
INSERT INTO `SYS_ROLE_MENU` VALUES ('2619a672e53811e7b983201a068c6482', '4d603831fe9b11e7b472201a068c6482');
INSERT INTO `SYS_ROLE_MENU` VALUES ('2619a672e53811e7b983201a068c6482', '5ae3d4e9f38e11e7aca0201a068c6482');
INSERT INTO `SYS_ROLE_MENU` VALUES ('2619a672e53811e7b983201a068c6482', '6315968bf37111e7aca0201a068c6482');
INSERT INTO `SYS_ROLE_MENU` VALUES ('2619a672e53811e7b983201a068c6482', '63da4415fc6211e7a781201a068c6482');
INSERT INTO `SYS_ROLE_MENU` VALUES ('2619a672e53811e7b983201a068c6482', '6931fd22f09611e78a57201a068c6482');
INSERT INTO `SYS_ROLE_MENU` VALUES ('2619a672e53811e7b983201a068c6482', '69f3f59cf38e11e7aca0201a068c6482');
INSERT INTO `SYS_ROLE_MENU` VALUES ('2619a672e53811e7b983201a068c6482', '6dc13c6eec5f11e7a472201a068c6482');
INSERT INTO `SYS_ROLE_MENU` VALUES ('2619a672e53811e7b983201a068c6482', '788d8e34f38e11e7aca0201a068c6482');
INSERT INTO `SYS_ROLE_MENU` VALUES ('2619a672e53811e7b983201a068c6482', '7967e098ee0611e7a60d201a068c6482');
INSERT INTO `SYS_ROLE_MENU` VALUES ('2619a672e53811e7b983201a068c6482', '873f30b0f38e11e7aca0201a068c6482');
INSERT INTO `SYS_ROLE_MENU` VALUES ('2619a672e53811e7b983201a068c6482', '88b8e5d1f38911e7aca0201a068c6482');
INSERT INTO `SYS_ROLE_MENU` VALUES ('2619a672e53811e7b983201a068c6482', 'a1ca6642ec5e11e7a472201a068c6482');
INSERT INTO `SYS_ROLE_MENU` VALUES ('2619a672e53811e7b983201a068c6482', 'b441914cee0811e7a60d201a068c6482');
INSERT INTO `SYS_ROLE_MENU` VALUES ('2619a672e53811e7b983201a068c6482', 'b7839f59fe8811e7b472201a068c6482');
INSERT INTO `SYS_ROLE_MENU` VALUES ('2619a672e53811e7b983201a068c6482', 'cfda8029dfb311e7b555201a068c6482');
INSERT INTO `SYS_ROLE_MENU` VALUES ('2619a672e53811e7b983201a068c6482', 'cfe54921dfb311e7b555201a068c6482');
INSERT INTO `SYS_ROLE_MENU` VALUES ('2619a672e53811e7b983201a068c6482', 'cfe54921dfb311e7b555201a068c6483');
INSERT INTO `SYS_ROLE_MENU` VALUES ('2619a672e53811e7b983201a068c6482', 'cff61424dfb311e7b555201a068c6482');
INSERT INTO `SYS_ROLE_MENU` VALUES ('2619a672e53811e7b983201a068c6482', 'e06da471f90311e780aa201a068c6482');
INSERT INTO `SYS_ROLE_MENU` VALUES ('2619a672e53811e7b983201a068c6482', 'e3b11497eb9e11e7928d201a068c6482');
INSERT INTO `SYS_ROLE_MENU` VALUES ('2619a672e53811e7b983201a068c6482', 'e9a13e55f35911e7aca0201a068c6482');
INSERT INTO `SYS_ROLE_MENU` VALUES ('2619a672e53811e7b983201a068c6482', 'ecda560cf36f11e7aca0201a068c6482');
INSERT INTO `SYS_ROLE_MENU` VALUES ('2619a672e53811e7b983201a068c6482', 'f23f6a6bf09511e78a57201a068c6482');
INSERT INTO `SYS_ROLE_MENU` VALUES ('2619a672e53811e7b983201a068c6482', 'ff015ea5f09411e78a57201a068c6482');
INSERT INTO `SYS_ROLE_MENU` VALUES ('35f7934d335e4641b7887e4b3b1885a5', '18bf8d5df09511e78a57201a068c6482');
INSERT INTO `SYS_ROLE_MENU` VALUES ('35f7934d335e4641b7887e4b3b1885a5', '3873ccc2dfda11e7b555201a068c6482');
INSERT INTO `SYS_ROLE_MENU` VALUES ('35f7934d335e4641b7887e4b3b1885a5', 'cfda8029dfb311e7b555201a068c6482');
INSERT INTO `SYS_ROLE_MENU` VALUES ('a56219ffeb7d11e7928d201a068c6482', '433089a6eb0111e782d5201a068c6482');
INSERT INTO `SYS_ROLE_MENU` VALUES ('a56219ffeb7d11e7928d201a068c6482', 'cfda8029dfb311e7b555201a068c6482');
INSERT INTO `SYS_ROLE_MENU` VALUES ('a56219ffeb7d11e7928d201a068c6482', 'cfe54921dfb311e7b555201a068c6482');
INSERT INTO `SYS_ROLE_MENU` VALUES ('dcb0f642fe9611e7b472201a068c6482', '4d603831fe9b11e7b472201a068c6482');
INSERT INTO `SYS_ROLE_MENU` VALUES ('dcb0f642fe9611e7b472201a068c6482', '5ae3d4e9f38e11e7aca0201a068c6482');
INSERT INTO `SYS_ROLE_MENU` VALUES ('dcb0f642fe9611e7b472201a068c6482', '6315968bf37111e7aca0201a068c6482');
INSERT INTO `SYS_ROLE_MENU` VALUES ('dcb0f642fe9611e7b472201a068c6482', '69f3f59cf38e11e7aca0201a068c6482');
INSERT INTO `SYS_ROLE_MENU` VALUES ('dcb0f642fe9611e7b472201a068c6482', '788d8e34f38e11e7aca0201a068c6482');
INSERT INTO `SYS_ROLE_MENU` VALUES ('dcb0f642fe9611e7b472201a068c6482', '873f30b0f38e11e7aca0201a068c6482');
INSERT INTO `SYS_ROLE_MENU` VALUES ('dcb0f642fe9611e7b472201a068c6482', 'a1ca6642ec5e11e7a472201a068c6482');
INSERT INTO `SYS_ROLE_MENU` VALUES ('dcb0f642fe9611e7b472201a068c6482', 'b7839f59fe8811e7b472201a068c6482');
INSERT INTO `SYS_ROLE_MENU` VALUES ('dcb0f642fe9611e7b472201a068c6482', 'e06da471f90311e780aa201a068c6482');
INSERT INTO `SYS_ROLE_MENU` VALUES ('dcb0f642fe9611e7b472201a068c6482', 'e9a13e55f35911e7aca0201a068c6482');
INSERT INTO `SYS_ROLE_MENU` VALUES ('dcb0f642fe9611e7b472201a068c6482', 'ecda560cf36f11e7aca0201a068c6482');
INSERT INTO `SYS_ROLE_MENU` VALUES ('e346e96368484c8fa7f217ce550a0186', '4d603831fe9b11e7b472201a068c6482');
INSERT INTO `SYS_ROLE_MENU` VALUES ('e346e96368484c8fa7f217ce550a0186', 'b7839f59fe8811e7b472201a068c6482');
INSERT INTO `SYS_ROLE_MENU` VALUES ('e346e96368484c8fa7f217ce550a0186', 'e06da471f90311e780aa201a068c6482');

-- ----------------------------
-- Table structure for SYS_ROLE_USER
-- ----------------------------
DROP TABLE IF EXISTS `SYS_ROLE_USER`;
CREATE TABLE `SYS_ROLE_USER`  (
  `USER_ID` varchar(32) CHARACTER SET utf8 COLLATE utf8_general_ci NOT NULL,
  `ROLE_ID` varchar(32) CHARACTER SET utf8 COLLATE utf8_general_ci NOT NULL,
  PRIMARY KEY (`USER_ID`, `ROLE_ID`) USING BTREE
) ENGINE = InnoDB CHARACTER SET = utf8 COLLATE = utf8_general_ci ROW_FORMAT = Dynamic;

-- ----------------------------
-- Records of SYS_ROLE_USER
-- ----------------------------
INSERT INTO `SYS_ROLE_USER` VALUES ('06438b3da6ce49c5939ab43a19883c24', '0ea934e5e55411e7b983201a068c6482');
INSERT INTO `SYS_ROLE_USER` VALUES ('acfc0e9232f54732a5d9ffe9071bf572', '2619a672e53811e7b983201a068c6482');
INSERT INTO `SYS_ROLE_USER` VALUES ('ce2964cbbc224a2f915006ba1ac4501f', '023366f3457511e8bcf1309c2315f9aa');
INSERT INTO `SYS_ROLE_USER` VALUES ('f6856bd60457452e8253d6a1bf0e81c1', 'dcb0f642fe9611e7b472201a068c6482');

-- ----------------------------
-- Table structure for SYS_USER
-- ----------------------------
DROP TABLE IF EXISTS `SYS_USER`;
CREATE TABLE `SYS_USER`  (
  `ID` varchar(36) CHARACTER SET utf8 COLLATE utf8_general_ci NOT NULL,
  `USERNAME` varchar(64) CHARACTER SET utf8 COLLATE utf8_general_ci NOT NULL,
  `PASSWORD` varchar(128) CHARACTER SET utf8 COLLATE utf8_general_ci NOT NULL,
  `AGE` int(4) NULL DEFAULT NULL,
  `EMAIL` varchar(128) CHARACTER SET utf8 COLLATE utf8_general_ci NULL DEFAULT NULL,
  `PHOTO` varchar(255) CHARACTER SET utf8 COLLATE utf8_general_ci NULL DEFAULT NULL,
  `REAL_NAME` varchar(18) CHARACTER SET utf8 COLLATE utf8_general_ci NULL DEFAULT NULL,
  `CREATE_BY` varchar(32) CHARACTER SET utf8 COLLATE utf8_general_ci NULL DEFAULT NULL,
  `UPDATE_BY` varchar(32) CHARACTER SET utf8 COLLATE utf8_general_ci NULL DEFAULT NULL,
  `CREATE_DATE` datetime(0) NULL DEFAULT NULL,
  `UPDATE_DATE` datetime(0) NULL DEFAULT NULL,
  `DEL_FLAG` tinyint(4) NOT NULL DEFAULT 0 COMMENT '0可用1封禁',
  PRIMARY KEY (`ID`) USING BTREE
) ENGINE = InnoDB CHARACTER SET = utf8 COLLATE = utf8_general_ci ROW_FORMAT = Dynamic;

-- ----------------------------
-- Records of SYS_USER
-- ----------------------------
INSERT INTO `SYS_USER` VALUES ('06438b3da6ce49c5939ab43a19883c24', 'ztl', '9d4a0f4f00d2737196caaa19eac918ce', 30, NULL, NULL, '张经理', 'acfc0e9232f54732a5d9ffe9071bf572', NULL, '2019-09-16 20:54:59', NULL, 0);
INSERT INTO `SYS_USER` VALUES ('acfc0e9232f54732a5d9ffe9071bf572', 'admin', 'e0b141de1c8091be350d3fc80de66528', 24, '', '2d4c37c3-c106-4288-9c0d-e7fe1b8adc72.jpeg', '管理员', NULL, 'acfc0e9232f54732a5d9ffe9071bf572', '2017-12-20 16:34:06', '2019-09-16 20:55:43', 0);
INSERT INTO `SYS_USER` VALUES ('ce2964cbbc224a2f915006ba1ac4501f', 'zhr', 'fcf4dbf08830610279dc47a6c9c338a1', 30, 'zhr@163.com', NULL, '张人事', 'acfc0e9232f54732a5d9ffe9071bf572', NULL, '2019-09-16 20:57:51', NULL, 0);
INSERT INTO `SYS_USER` VALUES ('f6856bd60457452e8253d6a1bf0e81c1', 'zdev', '707942b37d9fc61574e68aa2dd8bd8fd', 25, 'zdev@163.com', NULL, '张开发', 'acfc0e9232f54732a5d9ffe9071bf572', NULL, '2019-09-16 20:57:08', NULL, 0);

-- ----------------------------
-- Table structure for USER_LEAVE
-- ----------------------------
DROP TABLE IF EXISTS `USER_LEAVE`;
CREATE TABLE `USER_LEAVE`  (
  `ID` varchar(32) CHARACTER SET utf8 COLLATE utf8_general_ci NOT NULL,
  `USER_ID` varchar(32) CHARACTER SET utf8 COLLATE utf8_general_ci NOT NULL,
  `USER_NAME` varchar(18) CHARACTER SET utf8 COLLATE utf8_general_ci NULL DEFAULT NULL,
  `BEGIN_TIME` datetime(0) NULL DEFAULT NULL,
  `END_TIME` datetime(0) NULL DEFAULT NULL,
  `REASON` varchar(255) CHARACTER SET utf8 COLLATE utf8_general_ci NULL DEFAULT NULL,
  `DAYS` int(11) NULL DEFAULT NULL,
  `PROCESS_INSTANCE_ID` varchar(32) CHARACTER SET utf8 COLLATE utf8_general_ci NULL DEFAULT NULL,
  `STATUS` varchar(64) CHARACTER SET utf8 COLLATE utf8_general_ci NULL DEFAULT NULL,
  `CREATE_DATE` datetime(0) NULL DEFAULT NULL,
  `CREATE_BY` varchar(32) CHARACTER SET utf8 COLLATE utf8_general_ci NULL DEFAULT NULL,
  `UPDATE_DATE` datetime(0) NULL DEFAULT NULL,
  `UPDATE_BY` varchar(32) CHARACTER SET utf8 COLLATE utf8_general_ci NULL DEFAULT NULL,
  `TASK_NAME` varchar(255) CHARACTER SET utf8 COLLATE utf8_general_ci NULL DEFAULT NULL,
  `URLPATH` varchar(255) CHARACTER SET utf8 COLLATE utf8_general_ci NULL DEFAULT NULL,
  `SUBMITTIMES` int(10) NULL DEFAULT 1,
  PRIMARY KEY (`ID`) USING BTREE
) ENGINE = InnoDB CHARACTER SET = utf8 COLLATE = utf8_general_ci ROW_FORMAT = Dynamic;

-- ----------------------------
-- Records of USER_LEAVE
-- ----------------------------
INSERT INTO `USER_LEAVE` VALUES ('73a959e0663440e0802fc674eef3599e', 'acfc0e9232f54732a5d9ffe9071bf572', 'admin', '2019-09-16 00:00:00', '2019-09-17 00:00:00', '11', 3, '302505', NULL, NULL, NULL, NULL, NULL, NULL, '/leave/readOnlyLeave/73a959e0663440e0802fc674eef3599e', 1);

SET FOREIGN_KEY_CHECKS = 1;
